fuID,fuID
LIM_BSL_001,LOC_TD.001_2002
LIM_BSL_001,LOC_TD.001A_2002
LIM_BSL_002,LOC_TD.001A_2002
LIM_BSL_002,LOC_TD.022_2002
LIM_BSL_003,LOC_TD.022_2002
LIM_BSL_003,LOC_TD.023_2002
LIM_BSL_004,LOC_TD.023_2002
LIM_BSL_004,LOC_TD.024_2002
LIM_BSL_005,LOC_TD.024_2002
LIM_BSL_005,LOC_TD.025_2002
LIM_BSL_006,LOC_TD.025_2002
LIM_BSL_006,LOC_TD.026_2002
LIM_BSL_007,LOC_TD.026_2002
LIM_BSL_007,LOC_TD.028_2002
LIM_BSL_008,LOC_TD.028_2002
LIM_BSL_008,LOC_TD.029_2002
LIM_BSL_009,LOC_TD.029_2002
LIM_BSL_009,LOC_TD.030A_2002
LIM_BSL_010,LOC_TD.030A_2002
LIM_BSL_010,LOC_TD.030B_2002
LIM_BSL_011,LOC_TD.030B_2002
LIM_BSL_011,LOC_TD.030D_2002
LIM_BSL_012,LOC_TD.030D_2002
LIM_BSL_012,LOC_TD.031_2002
LIM_BSL_013,LOC_TD.031_2002
LIM_BSL_013,LOC_TD.032_2002
LIM_BSL_014,LOC_TD.032_2002
LIM_BSL_014,LOC_TD.033_2002
LIM_BSL_015,LOC_TD.033_2002
LIM_BSL_015,LOC_TD.035_2002
LIM_BSL_016,LOC_TD.035_2002
LIM_BSL_017,LOC_TD.036_2008
LIM_BSL_017,LOC_TD.036A_2008
LIM_BSL_018,LOC_TD.036A_2008
LIM_BSL_018,LOC_TD.036B_2008
LIM_BSL_019,LOC_TD.036B_2008
LIM_BSL_019,LOC_TD.037_2008
LIM_BSL_020,LOC_TD.037_2008
LIM_BSL_020,LOC_TD.039_2002
LIM_BSL_021,LOC_TD.039_2002
LIM_BSL_021,LOC_TD.040_2002
LIM_BSL_022,LOC_TD.040_2002
LIM_BSL_022,LOC_TD.043_2002
LIM_BSL_023,LOC_TD.043_2002
LIM_BSL_023,LOC_TD.044_2002
LIM_BSL_024,LOC_TD.044_2002
LIM_BSL_024,LOC_TD.044A_2002
LIM_BSL_025,LOC_TD.044A_2002
LIM_BSL_025,LOC_TD.044B_2002
LIM_BSL_026,LOC_TD.044B_2002
LIM_BSL_026,LOC_TD.045_2002
LIM_BSL_027,LOC_TD.045_2002
LIM_BSL_027,LOC_TD.046A_2002
LIM_BSL_028,LOC_TD.046A_2002
LIM_BSL_028,LOC_TD.047_2002
LIM_BSL_029,LOC_TD.047_2002
LIM_BSL_029,LOC_TD.048_2002
LIM_BSL_030,LOC_TD.048_2002
LIM_BSL_030,LOC_TD.049A_2002
LIM_BSL_031,LOC_TD.049A_2002
LIM_BSL_031,LOC_TD.051A_2002
LIM_BSL_032,LOC_TD.051A_2002
LIM_BSL_032,LOC_TD.053A_2002
LIM_BSL_033,LOC_TD.053A_2002
LIM_BSL_033,LOC_TD.054_2002
LIM_BSL_034,LOC_TD.054_2002
LIM_BSL_034,LOC_TD.055_2002
LIM_BSL_035,LOC_TD.055_2002
LIM_BSL_035,LOC_TD.055A_2002
LIM_BSL_036,LOC_TD.055A_2002
LIM_BSL_036,LOC_TD.055B_2002
LIM_BSL_037,LOC_TD.055B_2002
LIM_BSL_037,LOC_TD.056_2002
LIM_BSL_038,LOC_TD.056_2002
LIM_BSL_038,LOC_TD.056A_2002
LIM_BSL_039,LOC_TD.056A_2002
LIM_BSL_039,LOC_TD.057A_2002
LIM_BSL_040,LOC_TD.057A_2002
LIM_BSL_040,LOC_TD.057_2002
LIM_BSL_041,LOC_TD.057_2002
LIM_BSL_041,LOC_TD.058A_2002
LIM_BSL_042,LOC_TD.058A_2002
LIM_BSL_042,LOC_TD.058_2002
LIM_BSL_043,LOC_TD.058_2002
LIM_BSL_043,LOC_TD.059_2002
LIM_BSL_044,LOC_TD.059_2002
LIM_BSL_044,LOC_TD.060_2002
LIM_BSL_045,LOC_TD.060_2002
LIM_BSL_045,LOC_TD.061A_2002
LIM_BSL_046,LOC_TD.061A_2002
LIM_BSL_046,LOC_TD.062_2002
LIM_BSL_047,LOC_TD.062_2002
LIM_BSL_047,LOC_TD.063_2002
LIM_BSL_048,LOC_TD.063_2002
LIM_BSL_048,LOC_TD.065_2002
LIM_BSL_049,LOC_TD.065_2002
LIM_BSL_049,LOC_TD.066_2002
LIM_BSL_050,LOC_TD.066_2002
LIM_BSL_050,LOC_TD.066A_2002
LIM_BSL_051,LOC_TD.066A_2002
LIM_BSL_051,LOC_TD.070_2002
LIM_BSL_052,LOC_TD.070_2002
LIM_BSL_052,LOC_TD.070A_2002
LIM_BSL_053,LOC_TD.070A_2002
LIM_BSL_053,LOC_TD.071_2002
LIM_BSL_054,LOC_TD.071_2002
LIM_BSL_054,LOC_TD.072_2002
LIM_BSL_055,LOC_TD.072_2002
LIM_BSL_055,LOC_TD.072A_2002
LIM_BSL_056,LOC_TD.072A_2002
LIM_BSL_056,LOC_TD.074_2002
LIM_BSL_057,LOC_TD.074_2002
LIM_BSL_057,LOC_TD.076B_2002
LIM_BSL_058,LOC_TD.076B_2002
LIM_BSL_058,LOC_TD.077_2002
LIM_BSL_059,LOC_TD.077_2002
LIM_BSL_059,LOC_TD.078_2002
LIM_BSL_060,LOC_TD.078_2002
LIM_BSL_060,LOC_TD.079_2002
LIM_BSL_061,LOC_TD.079_2002
LIM_BSL_061,LOC_TD.080_2002
LIM_BSL_062,LOC_TD.080_2002
LIM_BSL_062,LOC_TD.080A_2002
LIM_BSL_063,LOC_TD.080A_2002
LIM_BSL_063,LOC_TD.081_2002
LIM_BSL_064,LOC_TD.082_2002
LIM_BSL_064,LOC_TD.082A_2002
LIM_BSL_065,LOC_TD.082A_2002
LIM_BSL_065,LOC_TD.082B_2002
LIM_BSL_066,LOC_TD.082B_2002
LIM_BSL_066,LOC_TD.082C_2002
LIM_BSL_067,LOC_TD.082C_2002
LIM_BSL_067,LOC_TD.083_2002
LIM_BSL_068,LOC_TD.083_2002
LIM_BSL_068,LOC_TD.085_2002
LIM_BSL_069,LOC_TD.085_2002
LIM_BSL_069,LOC_TD.086_2002
LIM_BSL_070,LOC_TD.086_2002
LIM_BSL_070,LOC_TD.088A_2002
LIM_BSL_071,LOC_TD.088A_2002
LIM_BSL_071,LOC_TD.088E_2002
LIM_BSL_072,LOC_TD.088E_2002
LIM_BSL_072,LOC_TD.088F_2002
LIM_BSL_073,LOC_TD.088F_2002
LIM_BSL_073,LOC_TD.090_2002
LIM_BSL_074,LOC_TD.090_2002
LIM_BSL_074,LOC_TD.091_2002
LIM_BSL_075,LOC_TD.091_2002
LIM_BSL_075,LOC_TD.092_2002
LIM_BSL_076,LOC_TD.092_2002
LIM_BSL_076,LOC_TD.093_2002
LIM_BSL_077,LOC_TD.093_2002
LIM_BSL_077,LOC_TD.094_2002
LIM_BSL_078,LOC_TD.094_2002
LIM_BSL_078,LOC_TD.097A_2002
LIM_BSL_079,LOC_TD.097A_2002
LIM_BSL_079,LOC_TD.098_2002
LIM_BSL_080,LOC_TD.098_2002
LIM_BSL_080,LOC_TD.099_2002
LIM_BSL_081,LOC_TD.099_2002
LIM_BSL_081,LOC_TD.099A_2002
LIM_BSL_082,LOC_TD.099A_2002
LIM_BSL_082,LOC_TD.100_2002
LIM_BSL_083,LOC_TD.100_2002
LIM_BSL_083,LOC_TD.100A_2002
LIM_BSL_084,LOC_TD.100A_2002
LIM_BSL_084,LOC_TD.100B_2002
LIM_BSL_085,LOC_TD.100B_2002
LIM_BSL_085,LOC_TD.101_2002
LIM_BSL_086,LOC_TD.101_2002
LIM_BSL_086,LOC_TD.101A_2002
LIM_BSL_087,LOC_TD.101A_2002
LIM_BSL_087,LOC_TD.102_2002
LIM_BSL_088,LOC_TD.102_2002
LIM_BSL_088,LOC_TD.103_2002
LIM_BSL_089,LOC_TD.103_2002
LIM_BSL_089,LOC_TD.104_2002
LIM_BSL_090,LOC_TD.104_2002
LIM_BSL_090,LOC_TD.105B_2002
LIM_BSL_091,LOC_TD.105B_2002
LIM_BSL_091,LOC_TD.105_2002
LIM_BSL_092,LOC_TD.105_2002
LIM_BSL_092,LOC_TD.105C_2002
LIM_BSL_093,LOC_TD.105C_2002
LIM_BSL_093,LOC_TD.106_2002
LIM_BSL_094,LOC_TD.106_2002
LIM_BSL_094,LOC_TD.106A_2002
LIM_BSL_095,LOC_TD.106A_2002
LIM_BSL_095,LOC_TD.107_2002
LIM_BSL_096,LOC_TD.107_2002
LIM_BSL_096,LOC_TD.107A_2002
LIM_BSL_097,LOC_TD.107A_2002
LIM_BSL_097,LOC_TD.107C_2002
LIM_BSL_098,LOC_TD.107C_2002
LIM_BSL_098,LOC_TD.108_2002
LIM_BSL_099,LOC_TD.108_2002
LIM_BSL_099,LOC_TD.109_2008
LIM_BSL_100,LOC_TD.109_2008
LIM_BSL_100,LOC_TD.110_2008
LIM_BSL_101,LOC_TD.110_2008
LIM_BSL_101,LOC_TD.110A_2008
LIM_BSL_102,LOC_TD.110A_2008
LIM_BSL_102,LOC_TD.111_2008
LIM_BSL_103,LOC_TD.111_2008
LIM_BSL_103,LOC_TD.112_2008
LIM_BSL_104,LOC_TD.112_2008
LIM_BSL_104,LOC_TD.112A_2008
LIM_BSL_105,LOC_TD.112A_2008
LIM_BSL_105,LOC_TD.113_2008
LIM_BSL_106,LOC_TD.113_2008
LIM_BSL_106,LOC_TD.113A_2008
LIM_BSL_107,LOC_TD.113A_2008
LIM_BSL_107,LOC_TD.113B_2008
LIM_BSL_108,LOC_TD.113B_2008
LIM_BSL_108,LOC_TD.114_2008
LIM_BSL_109,LOC_TD.114A_2008
LIM_BSL_109,LOC_TD.115_2002
LIM_BSL_110,LOC_TD.115_2002
LIM_BSL_110,LOC_TD.116_2002
LIM_BSL_111,LOC_TD.116_2002
LIM_BSL_111,LOC_TD.117_2002
LIM_BSL_112,LOC_TD.117_2002
LIM_BSL_112,LOC_TD.118_2002
LIM_BSL_113,LOC_TD.118_2002
LIM_BSL_113,LOC_TD.120_2002
LIM_BSL_114,LOC_TD.120_2002
LIM_BSL_114,LOC_TD.121_2002
LIM_BSL_115,LOC_TD.121_2002
LIM_BSL_115,LOC_TD.122_2002
LIM_BSL_116,LOC_TD.122_2002
LIM_BSL_116,LOC_TD.123_2002
LIM_BSL_117,LOC_TD.123_2002
LIM_BSL_117,LOC_TD.123A_2002
LIM_BSL_118,LOC_TD.123A_2002
LIM_BSL_118,LOC_TD.124_2002
LIM_BSL_119,LOC_TD.124_2002
LIM_BSL_119,LOC_TD.125_2002
LIM_BSL_120,LOC_TD.125_2002
LIM_BSL_120,LOC_TD.125A_2002
LIM_BSL_121,LOC_TD.125A_2002
LIM_BSL_121,LOC_TD.128B_2002
LIM_BSL_122,LOC_TD.128B_2002
LIM_BSL_122,LOC_TD.128_2002
LIM_BSL_123,LOC_TD.128_2002
LIM_BSL_123,LOC_TD.129_2002
LIM_BSL_124,LOC_TD.129_2002
LIM_BSL_124,LOC_TD.130A_2002
LIM_BSL_125,LOC_TD.130A_2002
LIM_BSL_125,LOC_TD.130_2002
LIM_BSL_126,LOC_TD.130_2002
LIM_BSL_126,LOC_TD.131_2002
LIM_BSL_127,LOC_TD.131_2002
LIM_BSL_127,LOC_TD.133_2002
LIM_BSL_128,LOC_TD.133_2002
LIM_BSL_128,LOC_TD.134A_2002
LIM_BSL_129,LOC_TD.134A_2002
LIM_BSL_129,LOC_TD.134_2002
LIM_BSL_130,LOC_TD.134_2002
LIM_BSL_130,LOC_TD.135_2002
LIM_BSL_131,LOC_TD.135_2002
LIM_BSL_131,LOC_TD.138_2002
LIM_BSL_132,LOC_TD.138_2002
LIM_BSL_132,LOC_TD.139_2002
LIM_BSL_133,LOC_TD.139_2002
LIM_BSL_133,LOC_TD.139A_2002
LIM_BSL_134,LOC_TD.139A_2002
LIM_BSL_134,LOC_TD.140_2008
LIM_BSL_135,LOC_TD.140_2008
LIM_BSL_135,LOC_TD.141_2008
LIM_BSL_136,LOC_TD.141_2008
LIM_BSL_136,LOC_TD.142_2008
LIM_BSL_137,LOC_TD.142_2008
LIM_BSL_137,LOC_TD.143_2002
LIM_BSL_138,LOC_TD.143_2002
LIM_BSL_138,LOC_TD.144A_2002
LIM_BSL_139,LOC_TD.144A_2002
LIM_BSL_139,LOC_TD.144C_2002
LIM_BSL_140,LOC_TD.144C_2002
LIM_BSL_140,LOC_TD.144_2002
LIM_BSL_141,LOC_TD.144_2002
LIM_BSL_141,LOC_TD.145_2002
LIM_BSL_142,LOC_TD.145_2002
LIM_BSL_142,LOC_TD.146_2002
LIM_BSL_143,LOC_TD.146_2002
LIM_BSL_143,LOC_TD.147_2002
LIM_BSL_144,LOC_TD.147_2002
LIM_BSL_144,LOC_TD.148A_2002
LIM_BSL_145,LOC_TD.148A_2002
LIM_BSL_145,LOC_TD.148_2002
LIM_BSL_146,LOC_TD.148_2002
LIM_BSL_146,LOC_TD.151_2002
LIM_BSL_147,LOC_TD.151_2002
LIM_BSL_147,LOC_TD.152_2002
LIM_BSL_148,LOC_TD.152_2002
LIM_BSL_148,LOC_TD.154A_2002
LIM_BSL_149,LOC_TD.154A_2002
LIM_BSL_149,LOC_TD.154_2002
LIM_BSL_150,LOC_TD.154_2002
LIM_BSL_150,LOC_TD.154B_2002
LIM_BSL_151,LOC_TD.154B_2002
LIM_BSL_151,LOC_TD.155_2002
LIM_BSL_152,LOC_TD.155_2002
LIM_BSL_152,LOC_TD.156_2002
LIM_BSL_153,LOC_TD.156_2002
LIM_BSL_153,LOC_TD.158_2002
LIM_BSL_154,LOC_TD.158_2002
LIM_BSL_154,LOC_TD.159_2002
LIM_BSL_155,LOC_TD.159_2002
LIM_BSL_155,LOC_TD.161_2002
LIM_BSL_156,LOC_TD.161_2002
LIM_BSL_156,LOC_TD.161B_2002
LIM_BSL_157,LOC_TD.161B_2002
LIM_BSL_157,LOC_TD.162_2002
LIM_BSL_158,LOC_TD.162_2002
LIM_BSL_158,LOC_TD.164B_2002
LIM_BSL_159,LOC_TD.164B_2002
LIM_BSL_159,LOC_TD.164_2002
LIM_BSL_160,LOC_TD.164_2002
LIM_BSL_160,LOC_TD.167_2002
LIM_BSL_161,LOC_TD.167_2002
LIM_BSL_161,LOC_TD.168_2002
LIM_BSL_162,LOC_TD.168_2002
LIM_BSL_162,LOC_TD.170_2002
LIM_BSL_163,LOC_TD.170_2002
LIM_BSL_163,LOC_TD.171_2002
LIM_BSL_164,LOC_TD.171_2002
LIM_BSL_164,LOC_TD.171C_2002
LIM_BSL_165,LOC_TD.171C_2002
LIM_BSL_165,LOC_TD.174_2002
LIM_BSL_166,LOC_TD.174_2002
LIM_BSL_166,LOC_TD.175_2002
LIM_BSL_167,LOC_TD.175_2002
LIM_BSL_167,LOC_TD.176A_2002
LIM_BSL_168,LOC_TD.176A_2002
LIM_BSL_168,LOC_TD.177_2002
LIM_BSL_169,LOC_TD.177_2002
LIM_BSL_169,LOC_TD.177A_2002
LIM_BSL_170,LOC_TD.177A_2002
LIM_BSL_170,LOC_TD.178_2002
LIM_BSL_171,LOC_TD.178_2002
LIM_BSL_171,LOC_TD.179_2002
LIM_BSL_172,LOC_TD.179_2002
LIM_BSL_172,LOC_TD.180_2002
LIM_BSL_173,LOC_TD.180_2002
LIM_BSL_173,LOC_TD.181_2002
LIM_BSL_174,LOC_TD.181_2002
LIM_BSL_174,LOC_TD.181A_2002
LIM_BSL_175,LOC_TD.181A_2002
LIM_BSL_175,LOC_TD.182_2002
LIM_BSL_176,LOC_TD.182_2002
LIM_BSL_176,LOC_TD.183_2002
LIM_BSL_177,LOC_TD.183_2002
LIM_BSL_177,LOC_TD.184_2002
LIM_BSL_178,LOC_TD.184_2002
LIM_BSL_178,LOC_TD.185_2002
LIM_BSL_179,LOC_TD.185_2002
LIM_BSL_179,LOC_TD.186_2002
LIM_BSL_180,LOC_TD.186_2002
LIM_BSL_180,LOC_TD.186A_2002
LIM_BSL_181,LOC_TD.186A_2002
LIM_BSL_181,LOC_TD.187_2002
LIM_BSL_182,LOC_TD.187_2002
LIM_BSL_182,LOC_TD.188_2002
LIM_BSL_183,LOC_TD.188_2002
LIM_BSL_183,LOC_TD.189_2002
LIM_BSL_184,LOC_TD.189_2002
LIM_BSL_184,LOC_TD.190_2002
LIM_BSL_185,LOC_TD.190_2002
LIM_BSL_185,LOC_TD.190A_2002
LIM_BSL_186,LOC_TD.190A_2002
LIM_BSL_186,LOC_TD.191_2002
LIM_BSL_187,LOC_TD.191_2002
LIM_BSL_187,LOC_TD.191A_2002
LIM_BSL_188,LOC_TD.191A_2002
LIM_BSL_188,LOC_TD.191B_2002
LIM_BSL_189,LOC_TD.191B_2002
LIM_BSL_189,LOC_TD.192_2002
LIM_BSL_190,LOC_TD.192_2002
LIM_BSL_190,LOC_TD.193_2002
LIM_BSL_191,LOC_TD.193_2002
LIM_BSL_191,LOC_TD.194_2002
LIM_BSL_192,LOC_TD.194_2002
LIM_BSL_192,LOC_TD.195_2002
LIM_BSL_193,LOC_TD.195_2002
LIM_BSL_193,LOC_TD.001_2002
LIM_TS_01,LOC_TS_1612
LIM_TS_01,LOC_TS_1611
LIM_TS_01,LOC_TS_1611
LIM_TS_01,LOC_TS_1610
LIM_TS_01,LOC_TS_1609
LIM_TS_01,LOC_TS_1608
LIM_TS_01,LOC_TS_1607
LIM_TS_01,LOC_TS_1606
LIM_TS_01,LOC_TS_1605
LIM_TS_01,LOC_TS_1594
LIM_TS_01,LOC_TS_1572
LIM_TS_01,LOC_TS_1527
LIM_TS_01,LOC_TS_1525
LIM_TS_01,LOC_TS_1524
LIM_TS_01,LOC_TS_1523
LIM_TS_01,LOC_TS_1522
LIM_TS_01,LOC_TS_1521
LIM_TS_01,LOC_TS_1520
LIM_TS_01,LOC_TS_1519
LIM_TS_01,LOC_TS_1518
LIM_TS_01,LOC_TS_1517
LIM_TS_01,LOC_TS_1516
LIM_TS_01,LOC_TS_1515
LIM_TS_01,LOC_TS_1514
LIM_TS_01,LOC_TS_1513
LIM_TS_01,LOC_TS_1512
LIM_TS_01,LOC_TS_1511
LIM_TS_01,LOC_TS_1510
LIM_TS_01,LOC_TS_1509
LIM_TS_01,LOC_TS_1508
LIM_TS_01,LOC_TS_1507
LIM_TS_01,LOC_TS_1506
LIM_TS_01,LOC_TS_1505
LIM_TS_01,LOC_TS_1504
LIM_TS_01,LOC_TS_1503
LIM_TS_01,LOC_TS_1502
LIM_TS_01,LOC_TS_1501
LIM_TS_01,LOC_TS_1500
LIM_TS_01,LOC_TS_1499
LIM_TS_01,LOC_TS_1498
LIM_TS_01,LOC_TS_1497
LIM_TS_01,LOC_TS_1496
LIM_TS_01,LOC_TS_1495
LIM_TS_01,LOC_TS_1494
LIM_TS_01,LOC_TS_1493
LIM_TS_01,LOC_TS_1492
LIM_TS_01,LOC_TS_1437
LIM_TS_01,LOC_TS_1436
LIM_TS_01,LOC_TS_1435
LIM_TS_01,LOC_TS_1434
LIM_TS_01,LOC_TS_1432
LIM_TS_01,LOC_TS_1384
LIM_TS_01,LOC_TS_1379
LIM_TS_01,LOC_TS_1373
LIM_TS_01,LOC_TS_1355
LIM_TS_01,LOC_TS_1354
LIM_TS_01,LOC_TS_1353
LIM_TS_01,LOC_TS_1352
LIM_TS_01,LOC_TS_1351
LIM_TS_01,LOC_TS_1350
LIM_TS_01,LOC_TS_1349
LIM_TS_01,LOC_TS_1348
LIM_TS_01,LOC_TS_1347
LIM_TS_01,LOC_TS_1346
LIM_TS_01,LOC_TS_1345
LIM_TS_01,LOC_TS_1344
LIM_TS_01,LOC_TS_1324
LIM_TS_01,LOC_TS_1323
LIM_TS_01,LOC_TS_1322
LIM_TS_01,LOC_TS_1321
LIM_TS_01,LOC_TS_1320
LIM_TS_01,LOC_TS_1319
LIM_TS_01,LOC_TS_1318
LIM_TS_01,LOC_TS_1317
LIM_TS_01,LOC_TS_1316
LIM_TS_01,LOC_TS_1315
LIM_TS_01,LOC_TS_1314
LIM_TS_01,LOC_TS_1313
LIM_TS_01,LOC_TS_1312
LIM_TS_01,LOC_TS_1311
LIM_TS_01,LOC_TS_1310
LIM_TS_01,LOC_TS_1309
LIM_TS_01,LOC_TS_1308
LIM_TS_01,LOC_TS_1307
LIM_TS_01,LOC_TS_1306
LIM_TS_01,LOC_TS_1305
LIM_TS_01,LOC_TS_1304
LIM_TS_01,LOC_TS_1303
LIM_TS_01,LOC_TS_1302
LIM_TS_01,LOC_TS_1301
LIM_TS_01,LOC_TS_1300
LIM_TS_01,LOC_TS_1299
LIM_TS_01,LOC_TS_1298
LIM_TS_01,LOC_TS_1297
LIM_TS_01,LOC_TS_1296
LIM_TS_01,LOC_TS_1295
LIM_TS_01,LOC_TS_1294
LIM_TS_01,LOC_TS_1293
LIM_TS_01,LOC_TS_1292
LIM_TS_01,LOC_TS_1291
LIM_TS_01,LOC_TS_1290
LIM_TS_01,LOC_TS_1289
LIM_TS_01,LOC_TS_1288
LIM_TS_01,LOC_TS_1287
LIM_TS_01,LOC_TS_1286
LIM_TS_01,LOC_TS_1285
LIM_TS_01,LOC_TS_1284
LIM_TS_01,LOC_TS_1283
LIM_TS_01,LOC_TS_1282
LIM_TS_01,LOC_TS_1281
LIM_TS_01,LOC_TS_1280
LIM_TS_01,LOC_TS_1277
LIM_TS_01,LOC_TS_1276
LIM_TS_01,LOC_TS_1275
LIM_TS_01,LOC_TS_1274
LIM_TS_01,LOC_TS_1273
LIM_TS_01,LOC_TS_1272
LIM_TS_01,LOC_TS_1271
LIM_TS_01,LOC_TS_1270
LIM_TS_01,LOC_TS_1269
LIM_TS_01,LOC_TS_1268
LIM_TS_01,LOC_TS_1267
LIM_TS_01,LOC_TS_1266
LIM_TS_01,LOC_TS_1265
LIM_TS_01,LOC_TS_1264
LIM_TS_01,LOC_TS_1263
LIM_TS_01,LOC_TS_1262
LIM_TS_01,LOC_TS_1261
LIM_TS_01,LOC_TS_1260
LIM_TS_01,LOC_TS_1259
LIM_TS_01,LOC_TS_1258
LIM_TS_01,LOC_TS_1257
LIM_TS_01,LOC_TS_1256
LIM_TS_01,LOC_TS_1255
LIM_TS_01,LOC_TS_1254
LIM_TS_01,LOC_TS_1253
LIM_TS_01,LOC_TS_1252
LIM_TS_01,LOC_TS_1251
LIM_TS_01,LOC_TS_1250
LIM_TS_01,LOC_TS_1249
LIM_TS_01,LOC_TS_1248
LIM_TS_01,LOC_TS_1247
LIM_TS_01,LOC_TS_1246
LIM_TS_01,LOC_TS_1245
LIM_TS_01,LOC_TS_1244
LIM_TS_01,LOC_TS_1243
LIM_TS_01,LOC_TS_1242
LIM_TS_01,LOC_TS_1241
LIM_TS_01,LOC_TS_1240
LIM_TS_01,LOC_TS_1239
LIM_TS_01,LOC_TS_1238
LIM_TS_01,LOC_TS_1237
LIM_TS_01,LOC_TS_1236
LIM_TS_01,LOC_TS_1235
LIM_TS_01,LOC_TS_1234
LIM_TS_01,LOC_TS_1233
LIM_TS_01,LOC_TS_1231
LIM_TS_01,LOC_TS_1230
LIM_TS_01,LOC_TS_1229
LIM_TS_01,LOC_TS_1228
LIM_TS_01,LOC_TS_1227
LIM_TS_01,LOC_TS_1226
LIM_TS_01,LOC_TS_1225
LIM_TS_01,LOC_TS_1224
LIM_TS_01,LOC_TS_1223
LIM_TS_01,LOC_TS_1222
LIM_TS_01,LOC_TS_1221
LIM_TS_01,LOC_TS_1220
LIM_TS_01,LOC_TS_1219
LIM_TS_01,LOC_TS_1218
LIM_TS_01,LOC_TS_1217
LIM_TS_01,LOC_TS_1216
LIM_TS_01,LOC_TS_1215
LIM_TS_01,LOC_TS_1214
LIM_TS_01,LOC_TS_1213
LIM_TS_01,LOC_TS_1212
LIM_TS_01,LOC_TS_1211
LIM_TS_01,LOC_TS_1210
LIM_TS_01,LOC_TS_1209
LIM_TS_01,LOC_TS_1208
LIM_TS_01,LOC_TS_1207
LIM_TS_01,LOC_TS_1206
LIM_TS_01,LOC_TS_1205
LIM_TS_01,LOC_TS_1204
LIM_TS_01,LOC_TS_1203
LIM_TS_01,LOC_TS_1202
LIM_TS_01,LOC_TS_1201
LIM_TS_01,LOC_TS_1200
LIM_TS_01,LOC_TS_1199
LIM_TS_01,LOC_TS_1198
LIM_TS_01,LOC_TS_1197
LIM_TS_01,LOC_TS_1196
LIM_TS_01,LOC_TS_1195
LIM_TS_01,LOC_TS_1194
LIM_TS_01,LOC_TS_1193
LIM_TS_01,LOC_TS_1192
LIM_TS_01,LOC_TS_1191
LIM_TS_01,LOC_TS_1190
LIM_TS_01,LOC_TS_1189
LIM_TS_01,LOC_TS_1188
LIM_TS_01,LOC_TS_1187
LIM_TS_01,LOC_TS_1186
LIM_TS_01,LOC_TS_1185
LIM_TS_01,LOC_TS_1184
LIM_TS_01,LOC_TS_1183
LIM_TS_01,LOC_TS_1182
LIM_TS_01,LOC_TS_1181
LIM_TS_01,LOC_TS_1180
LIM_TS_01,LOC_TS_1179
LIM_TS_01,LOC_TS_1178
LIM_TS_01,LOC_TS_1177
LIM_TS_01,LOC_TS_1176
LIM_TS_01,LOC_TS_1175
LIM_TS_01,LOC_TS_1174
LIM_TS_01,LOC_TS_1173
LIM_TS_01,LOC_TS_1172
LIM_TS_01,LOC_TS_1171
LIM_TS_01,LOC_TS_1170
LIM_TS_01,LOC_TS_1169
LIM_TS_01,LOC_TS_1168
LIM_TS_01,LOC_TS_1167
LIM_TS_01,LOC_TS_1166
LIM_TS_01,LOC_TS_1165
LIM_TS_01,LOC_TS_1164
LIM_TS_01,LOC_TS_1163
LIM_TS_01,LOC_TS_1162
LIM_TS_01,LOC_TS_1161
LIM_TS_01,LOC_TS_1160
LIM_TS_01,LOC_TS_1159
LIM_TS_01,LOC_TS_1158
LIM_TS_01,LOC_TS_1157
LIM_TS_01,LOC_TS_1156
LIM_TS_01,LOC_TS_1155
LIM_TS_01,LOC_TS_1154
LIM_TS_01,LOC_TS_1153
LIM_TS_01,LOC_TS_1152
LIM_TS_01,LOC_TS_1151
LIM_TS_01,LOC_TS_1150
LIM_TS_01,LOC_TS_1149
LIM_TS_01,LOC_TS_1148
LIM_TS_01,LOC_TS_1147
LIM_TS_01,LOC_TS_1146
LIM_TS_01,LOC_TS_1145
LIM_TS_01,LOC_TS_1144
LIM_TS_01,LOC_TS_1143
LIM_TS_01,LOC_TS_1142
LIM_TS_01,LOC_TS_1141
LIM_TS_01,LOC_TS_1140
LIM_TS_01,LOC_TS_1139
LIM_TS_01,LOC_TS_1138
LIM_TS_01,LOC_TS_1137
LIM_TS_01,LOC_TS_1136
LIM_TS_01,LOC_TS_1135
LIM_TS_01,LOC_TS_1134
LIM_TS_01,LOC_TS_1133
LIM_TS_01,LOC_TS_1132
LIM_TS_01,LOC_TS_1103
LIM_TS_01,LOC_TS_1102
LIM_TS_01,LOC_TS_1101
LIM_TS_01,LOC_TS_1100
LIM_TS_01,LOC_TS_1099
LIM_TS_01,LOC_TS_1098
LIM_TS_01,LOC_TS_1097
LIM_TS_01,LOC_TS_1096
LIM_TS_01,LOC_TS_1095
LIM_TS_01,LOC_TS_1094
LIM_TS_01,LOC_TS_1093
LIM_TS_01,LOC_TS_1092
LIM_TS_01,LOC_TS_1091
LIM_TS_01,LOC_TS_1090
LIM_TS_01,LOC_TS_1089
LIM_TS_01,LOC_TS_1088
LIM_TS_01,LOC_TS_1087
LIM_TS_01,LOC_TS_1086
LIM_TS_01,LOC_TS_1085
LIM_TS_01,LOC_TS_1084
LIM_TS_01,LOC_TS_1083
LIM_TS_01,LOC_TS_1082
LIM_TS_01,LOC_TS_1081
LIM_TS_01,LOC_TS_1080
LIM_TS_01,LOC_TS_1079
LIM_TS_01,LOC_TS_1078
LIM_TS_01,LOC_TS_1077
LIM_TS_01,LOC_TS_1076
LIM_TS_01,LOC_TS_1075
LIM_TS_01,LOC_TS_1074
LIM_TS_01,LOC_TS_1073
LIM_TS_01,LOC_TS_1072
LIM_TS_01,LOC_TS_1071
LIM_TS_01,LOC_TS_1070
LIM_TS_01,LOC_TS_1069
LIM_TS_01,LOC_TS_1068
LIM_TS_01,LOC_TS_1067
LIM_TS_01,LOC_TS_1066
LIM_TS_01,LOC_TS_1065
LIM_TS_01,LOC_TS_1064
LIM_TS_01,LOC_TS_1063
LIM_TS_01,LOC_TS_1062
LIM_TS_01,LOC_TS_1061
LIM_TS_01,LOC_TS_1060
LIM_TS_01,LOC_TS_1059
LIM_TS_01,LOC_TS_1058
LIM_TS_01,LOC_TS_1057
LIM_TS_01,LOC_TS_1056
LIM_TS_01,LOC_TS_1055
LIM_TS_01,LOC_TS_1054
LIM_TS_01,LOC_TS_1053
LIM_TS_01,LOC_TS_1052
LIM_TS_01,LOC_TS_1051
LIM_TS_01,LOC_TS_1050
LIM_TS_01,LOC_TS_1049
LIM_TS_01,LOC_TS_1048
LIM_TS_01,LOC_TS_1047
LIM_TS_01,LOC_TS_1046
LIM_TS_01,LOC_TS_1045
LIM_TS_01,LOC_TS_1044
LIM_TS_01,LOC_TS_1043
LIM_TS_01,LOC_TS_1042
LIM_TS_01,LOC_TS_1041
LIM_TS_01,LOC_TS_1040
LIM_TS_01,LOC_TS_1039
LIM_TS_01,LOC_TS_1038
LIM_TS_01,LOC_TS_1037
LIM_TS_01,LOC_TS_1036
LIM_TS_01,LOC_TS_1035
LIM_TS_01,LOC_TS_1034
LIM_TS_01,LOC_TS_1033
LIM_TS_01,LOC_TS_1032
LIM_TS_01,LOC_TS_1031
LIM_TS_01,LOC_TS_1030
LIM_TS_01,LOC_TS_1029
LIM_TS_01,LOC_TS_1028
LIM_TS_01,LOC_TS_1026
LIM_TS_01,LOC_TS_0984
LIM_TS_01,LOC_TS_0983
LIM_TS_01,LOC_TS_0982
LIM_TS_01,LOC_TS_0981
LIM_TS_01,LOC_TS_0980
LIM_TS_01,LOC_TS_0979
LIM_TS_01,LOC_TS_0978
LIM_TS_01,LOC_TS_0977
LIM_TS_01,LOC_TS_0976
LIM_TS_01,LOC_TS_0975
LIM_TS_01,LOC_TS_0974
LIM_TS_01,LOC_TS_0973
LIM_TS_01,LOC_TS_0972
LIM_TS_01,LOC_TS_0971
LIM_TS_01,LOC_TS_0970
LIM_TS_01,LOC_TS_0969
LIM_TS_01,LOC_TS_0968
LIM_TS_01,LOC_TS_0967
LIM_TS_01,LOC_TS_0966
LIM_TS_01,LOC_TS_0965
LIM_TS_01,LOC_TS_0964
LIM_TS_01,LOC_TS_0963
LIM_TS_01,LOC_TS_0962
LIM_TS_01,LOC_TS_0961
LIM_TS_01,LOC_TS_0960
LIM_TS_01,LOC_TS_0959
LIM_TS_01,LOC_TS_0958
LIM_TS_01,LOC_TS_0957
LIM_TS_01,LOC_TS_0956
LIM_TS_01,LOC_TS_0955
LIM_TS_01,LOC_TS_0954
LIM_TS_01,LOC_TS_0953
LIM_TS_01,LOC_TS_0952
LIM_TS_01,LOC_TS_0951
LIM_TS_01,LOC_TS_0950
LIM_TS_01,LOC_TS_0949
LIM_TS_01,LOC_TS_0948
LIM_TS_01,LOC_TS_0946
LIM_TS_01,LOC_TS_0945
LIM_TS_01,LOC_TS_0942
LIM_TS_01,LOC_TS_0940
LIM_TS_01,LOC_TS_0939
LIM_TS_01,LOC_TS_0938
LIM_TS_01,LOC_TS_0937
LIM_TS_01,LOC_TS_0936
LIM_TS_01,LOC_TS_0935
LIM_TS_01,LOC_TS_0934
LIM_TS_01,LOC_TS_0933
LIM_TS_01,LOC_TS_0932
LIM_TS_01,LOC_TS_0931
LIM_TS_01,LOC_TS_0930
LIM_TS_01,LOC_TS_0929
LIM_TS_01,LOC_TS_0928
LIM_TS_01,LOC_TS_0927
LIM_TS_01,LOC_TS_0926
LIM_TS_01,LOC_TS_0925
LIM_TS_01,LOC_TS_0924
LIM_TS_01,LOC_TS_0923
LIM_TS_01,LOC_TS_0922
LIM_TS_01,LOC_TS_0921
LIM_TS_01,LOC_TS_0920
LIM_TS_01,LOC_TS_0919
LIM_TS_01,LOC_TS_0918
LIM_TS_01,LOC_TS_0917
LIM_TS_01,LOC_TS_0916
LIM_TS_01,LOC_TS_0915
LIM_TS_01,LOC_TS_0914
LIM_TS_01,LOC_TS_0913
LIM_TS_01,LOC_TS_0912
LIM_TS_01,LOC_TS_0911
LIM_TS_01,LOC_TS_0910
LIM_TS_01,LOC_TS_0909
LIM_TS_01,LOC_TS_0908
LIM_TS_01,LOC_TS_0907
LIM_TS_01,LOC_TS_0906
LIM_TS_01,LOC_TS_0905
LIM_TS_01,LOC_TS_0904
LIM_TS_01,LOC_TS_0903
LIM_TS_01,LOC_TS_0902
LIM_TS_01,LOC_TS_0901
LIM_TS_01,LOC_TS_0900
LIM_TS_01,LOC_TS_0899
LIM_TS_01,LOC_TS_0898
LIM_TS_01,LOC_TS_0897
LIM_TS_01,LOC_TS_0896
LIM_TS_01,LOC_TS_0895
LIM_TS_01,LOC_TS_0894
LIM_TS_01,LOC_TS_0893
LIM_TS_01,LOC_TS_0891
LIM_TS_01,LOC_TS_0889
LIM_TS_01,LOC_TS_0888
LIM_TS_01,LOC_TS_0887
LIM_TS_01,LOC_TS_0885
LIM_TS_01,LOC_TS_0883
LIM_TS_01,LOC_TS_0882
LIM_TS_01,LOC_TS_0881
LIM_TS_01,LOC_TS_0880
LIM_TS_01,LOC_TS_0879
LIM_TS_01,LOC_TS_0878
LIM_TS_01,LOC_TS_0877
LIM_TS_01,LOC_TS_0875
LIM_TS_01,LOC_TS_0873
LIM_TS_01,LOC_TS_0872
LIM_TS_01,LOC_TS_0870
LIM_TS_01,LOC_TS_0868
LIM_TS_01,LOC_TS_0866
LIM_TS_01,LOC_TS_0864
LIM_TS_01,LOC_TS_0863
LIM_TS_01,LOC_TS_0861
LIM_TS_01,LOC_TS_0860
LIM_TS_01,LOC_TS_0859
LIM_TS_01,LOC_TS_0858
LIM_TS_01,LOC_TS_0857
LIM_TS_01,LOC_TS_0856
LIM_TS_01,LOC_TS_0855
LIM_TS_01,LOC_TS_0854
LIM_TS_01,LOC_TS_0853
LIM_TS_01,LOC_TS_0852
LIM_TS_01,LOC_TS_0851
LIM_TS_01,LOC_TS_0850
LIM_TS_01,LOC_TS_0849
LIM_TS_01,LOC_TS_0831
LIM_TS_01,LOC_TS_0830
LIM_TS_01,LOC_TS_0829
LIM_TS_01,LOC_TS_0828
LIM_TS_01,LOC_TS_0827
LIM_TS_01,LOC_TS_0826
LIM_TS_01,LOC_TS_0815
LIM_TS_01,LOC_TS_0814
LIM_TS_01,LOC_TS_0813
LIM_TS_01,LOC_TS_0812
LIM_TS_01,LOC_TS_0811
LIM_TS_01,LOC_TS_0810
LIM_TS_01,LOC_TS_0809
LIM_TS_01,LOC_TS_0808
LIM_TS_01,LOC_TS_0807
LIM_TS_01,LOC_TS_0806
LIM_TS_01,LOC_TS_0805
LIM_TS_01,LOC_TS_0804
LIM_TS_01,LOC_TS_0803
LIM_TS_01,LOC_TS_0802
LIM_TS_01,LOC_TS_0801
LIM_TS_01,LOC_TS_0800
LIM_TS_01,LOC_TS_0799
LIM_TS_01,LOC_TS_0798
LIM_TS_01,LOC_TS_0797
LIM_TS_01,LOC_TS_0796
LIM_TS_01,LOC_TS_0795
LIM_TS_01,LOC_TS_0794
LIM_TS_01,LOC_TS_0793
LIM_TS_01,LOC_TS_0792
LIM_TS_01,LOC_TS_0791
LIM_TS_01,LOC_TS_0790
LIM_TS_01,LOC_TS_0789
LIM_TS_01,LOC_TS_0788
LIM_TS_01,LOC_TS_0787
LIM_TS_01,LOC_TS_0786
LIM_TS_01,LOC_TS_0785
LIM_TS_01,LOC_TS_0784
LIM_TS_01,LOC_TS_0783
LIM_TS_01,LOC_TS_0782
LIM_TS_01,LOC_TS_0781
LIM_TS_01,LOC_TS_0780
LIM_TS_01,LOC_TS_0779
LIM_TS_01,LOC_TS_0778
LIM_TS_01,LOC_TS_0777
LIM_TS_01,LOC_TS_0776
LIM_TS_01,LOC_TS_0775
LIM_TS_01,LOC_TS_0774
LIM_TS_01,LOC_TS_0773
LIM_TS_01,LOC_TS_0772
LIM_TS_01,LOC_TS_0770
LIM_TS_01,LOC_TS_0768
LIM_TS_01,LOC_TS_0766
LIM_TS_01,LOC_TS_0764
LIM_TS_01,LOC_TS_0763
LIM_TS_01,LOC_TS_0760
LIM_TS_01,LOC_TS_0758
LIM_TS_01,LOC_TS_0756
LIM_TS_01,LOC_TS_0754
LIM_TS_01,LOC_TS_0752
LIM_TS_01,LOC_TS_0750
LIM_TS_01,LOC_TS_0749
LIM_TS_01,LOC_TS_0748
LIM_TS_01,LOC_TS_0747
LIM_TS_01,LOC_TS_0746
LIM_TS_01,LOC_TS_0745
LIM_TS_01,LOC_TS_0744
LIM_TS_01,LOC_TS_0743
LIM_TS_01,LOC_TS_0742
LIM_TS_01,LOC_TS_0741
LIM_TS_01,LOC_TS_0740
LIM_TS_01,LOC_TS_0739
LIM_TS_01,LOC_TS_0738
LIM_TS_01,LOC_TS_0737
LIM_TS_01,LOC_TS_0735
LIM_TS_01,LOC_TS_0733
LIM_TS_01,LOC_TS_0732
LIM_TS_01,LOC_TS_0730
LIM_TS_01,LOC_TS_0729
LIM_TS_01,LOC_TS_0727
LIM_TS_01,LOC_TS_0726
LIM_TS_01,LOC_TS_0723
LIM_TS_01,LOC_TS_0721
LIM_TS_01,LOC_TS_0720
LIM_TS_01,LOC_TS_0718
LIM_TS_01,LOC_TS_0717
LIM_TS_01,LOC_TS_0715
LIM_TS_01,LOC_TS_0714
LIM_TS_01,LOC_TS_0712
LIM_TS_01,LOC_TS_0711
LIM_TS_01,LOC_TS_0597
LIM_TS_01,LOC_TS_0596
LIM_TS_01,LOC_TS_0595
LIM_TS_01,LOC_TS_0594
LIM_TS_01,LOC_TS_0593
LIM_TS_01,LOC_TS_0592
LIM_TS_01,LOC_TS_0591
LIM_TS_01,LOC_TS_0590
LIM_TS_01,LOC_TS_0589
LIM_TS_01,LOC_TS_0588
LIM_TS_01,LOC_TS_0586
LIM_TS_01,LOC_TS_0422
LIM_TS_01,LOC_TS_0420
LIM_TS_01,LOC_TS_0419
LIM_TS_01,LOC_TS_0418
LIM_TS_01,LOC_TS_0417
LIM_TS_01,LOC_TS_0416
LIM_TS_01,LOC_TS_0415
LIM_TS_01,LOC_TS_0414
LIM_TS_01,LOC_TS_0413
LIM_TS_01,LOC_TS_0412
LIM_TS_01,LOC_TS_0411
LIM_TS_01,LOC_TS_0410
LIM_TS_01,LOC_TS_0409
LIM_TS_01,LOC_TS_0408
LIM_TS_01,LOC_TS_0407
LIM_TS_01,LOC_TS_0406
LIM_TS_01,LOC_TS_0405
LIM_TS_01,LOC_TS_0404
LIM_TS_01,LOC_TS_0403
LIM_TS_01,LOC_TS_0402
LIM_TS_01,LOC_TS_0401
LIM_TS_01,LOC_TS_0400
LIM_TS_01,LOC_TS_0399
LIM_TS_01,LOC_TS_0378
LIM_TS_01,LOC_TS_0377
LIM_TS_01,LOC_TS_0376
LIM_TS_01,LOC_TS_0375
LIM_TS_01,LOC_TS_0374
LIM_TS_01,LOC_TS_0373
LIM_TS_01,LOC_TS_0372
LIM_TS_01,LOC_TS_0371
LIM_TS_01,LOC_TS_0370
LIM_TS_01,LOC_TS_0369
LIM_TS_01,LOC_TS_0333
LIM_TS_01,LOC_TS_0333
LIM_TS_01,LOC_TS_0334
LIM_TS_01,LOC_TS_0335
LIM_TS_01,LOC_TD.082_2002
LIM_TS_01,P_B_CS_02_PNG_1973
LIM_TS_01,LOC_TS_0337
LIM_TS_01,LOC_TS_0338
LIM_TS_01,LOC_TS_0339
LIM_TS_01,LOC_TS_0340
LIM_TS_01,LOC_TS_0341
LIM_TS_01,LOC_TS_0342
LIM_TS_01,LOC_TS_0343
LIM_TS_01,LOC_TS_0344
LIM_TS_01,LOC_TS_0345
LIM_TS_01,LOC_TS_0346
LIM_TS_01,LOC_TS_0347
LIM_TS_01,LOC_TS_0348
LIM_TS_01,LOC_TS_0349
LIM_TS_01,LOC_TS_0350
LIM_TS_01,LOC_TS_0351
LIM_TS_01,LOC_TS_0352
LIM_TS_01,LOC_TS_0353
LIM_TS_01,LOC_TS_0354
LIM_TS_01,LOC_TS_0355
LIM_TS_01,LOC_TS_0356
LIM_TS_01,LOC_TS_0357
LIM_TS_01,LOC_TS_0358
LIM_TS_01,LOC_TS_0359
LIM_TS_01,LOC_TS_0360
LIM_TS_01,LOC_TS_0361
LIM_TS_01,LOC_TS_0362
LIM_TS_01,LOC_TS_0363
LIM_TS_01,LOC_TS_0364
LIM_TS_01,LOC_TS_0365
LIM_TS_01,LOC_TS_0366
LIM_TS_01,LOC_TS_0367
LIM_TS_01,LOC_TS_0368
LIM_TS_01,LOC_TS_0379
LIM_TS_01,LOC_TS_0380
LIM_TS_01,LOC_TS_0381
LIM_TS_01,LOC_TS_0382
LIM_TS_01,LOC_TS_0383
LIM_TS_01,LOC_TS_0384
LIM_TS_01,LOC_TS_0385
LIM_TS_01,LOC_TS_0386
LIM_TS_01,LOC_TS_0387
LIM_TS_01,LOC_TS_0388
LIM_TS_01,LOC_TS_0389
LIM_TS_01,LOC_TS_0390
LIM_TS_01,LOC_TS_0391
LIM_TS_01,LOC_TS_0392
LIM_TS_01,LOC_TS_0393
LIM_TS_01,LOC_TS_0394
LIM_TS_01,LOC_TS_0395
LIM_TS_01,LOC_TS_0396
LIM_TS_01,LOC_TS_0397
LIM_TS_01,LOC_TS_0398
LIM_TS_01,LOC_TS_0421
LIM_TS_01,LOC_TS_0423
LIM_TS_01,LOC_TS_0424
LIM_TS_01,LOC_TS_0425
LIM_TS_01,LOC_TS_0426
LIM_TS_01,LOC_TS_0427
LIM_TS_01,LOC_TS_0428
LIM_TS_01,LOC_TS_0429
LIM_TS_01,LOC_TS_0430
LIM_TS_01,LOC_TS_0431
LIM_TS_01,LOC_TS_0432
LIM_TS_01,LOC_TS_0433
LIM_TS_01,LOC_TS_0434
LIM_TS_01,LOC_TS_0435
LIM_TS_01,LOC_TS_0436
LIM_TS_01,LOC_TS_0437
LIM_TS_01,LOC_TS_0438
LIM_TS_01,LOC_TS_0439
LIM_TS_01,LOC_TS_0440
LIM_TS_01,LOC_TS_0441
LIM_TS_01,LOC_TS_0442
LIM_TS_01,LOC_TS_0443
LIM_TS_01,LOC_TS_0444
LIM_TS_01,LOC_TS_0445
LIM_TS_01,LOC_TS_0446
LIM_TS_01,LOC_TS_0447
LIM_TS_01,LOC_TS_0448
LIM_TS_01,LOC_TS_0449
LIM_TS_01,LOC_TS_0450
LIM_TS_01,LOC_TS_0451
LIM_TS_01,LOC_TS_0452
LIM_TS_01,LOC_TS_0453
LIM_TS_01,LOC_TS_0454
LIM_TS_01,LOC_TS_0455
LIM_TS_01,LOC_TS_0456
LIM_TS_01,LOC_TS_0457
LIM_TS_01,LOC_TS_0458
LIM_TS_01,LOC_TS_0459
LIM_TS_01,LOC_TS_0460
LIM_TS_01,LOC_TS_0461
LIM_TS_01,LOC_TS_0462
LIM_TS_01,LOC_TS_0463
LIM_TS_01,LOC_TS_0464
LIM_TS_01,LOC_TS_0465
LIM_TS_01,LOC_TS_0466
LIM_TS_01,LOC_TS_0467
LIM_TS_01,LOC_TS_0468
LIM_TS_01,LOC_TS_0469
LIM_TS_01,LOC_TS_0470
LIM_TS_01,LOC_TS_0471
LIM_TS_01,LOC_TS_0472
LIM_TS_01,LOC_TS_0473
LIM_TS_01,LOC_TS_0474
LIM_TS_01,LOC_TS_0475
LIM_TS_01,LOC_TS_0476
LIM_TS_01,LOC_TS_0477
LIM_TS_01,LOC_TS_0478
LIM_TS_01,LOC_TS_0479
LIM_TS_01,LOC_TS_0480
LIM_TS_01,LOC_TS_0481
LIM_TS_01,LOC_TS_0482
LIM_TS_01,LOC_TS_0483
LIM_TS_01,LOC_TS_0484
LIM_TS_01,LOC_TS_0485
LIM_TS_01,LOC_TS_0486
LIM_TS_01,LOC_TS_0487
LIM_TS_01,LOC_TS_0488
LIM_TS_01,LOC_TS_0489
LIM_TS_01,LOC_TS_0490
LIM_TS_01,LOC_TS_0491
LIM_TS_01,LOC_TS_0492
LIM_TS_01,LOC_TS_0493
LIM_TS_01,LOC_TS_0494
LIM_TS_01,LOC_TS_0495
LIM_TS_01,LOC_TS_0496
LIM_TS_01,LOC_TS_0497
LIM_TS_01,LOC_TS_0498
LIM_TS_01,LOC_TS_0499
LIM_TS_01,LOC_TS_0500
LIM_TS_01,LOC_TS_0501
LIM_TS_01,LOC_TS_0502
LIM_TS_01,LOC_TS_0503
LIM_TS_01,LOC_TS_0504
LIM_TS_01,LOC_TS_0505
LIM_TS_01,LOC_TS_0506
LIM_TS_01,LOC_TS_0507
LIM_TS_01,LOC_TS_0508
LIM_TS_01,LOC_TS_0509
LIM_TS_01,LOC_TS_0510
LIM_TS_01,LOC_TS_0511
LIM_TS_01,LOC_TS_0512
LIM_TS_01,LOC_TS_0513
LIM_TS_01,LOC_TS_0514
LIM_TS_01,LOC_TS_0515
LIM_TS_01,LOC_TS_0516
LIM_TS_01,LOC_TS_0517
LIM_TS_01,LOC_TS_0518
LIM_TS_01,LOC_TS_0519
LIM_TS_01,LOC_TS_0520
LIM_TS_01,LOC_TS_0521
LIM_TS_01,LOC_TS_0522
LIM_TS_01,LOC_TS_0523
LIM_TS_01,LOC_TS_0524
LIM_TS_01,LOC_TS_0525
LIM_TS_01,LOC_TS_0526
LIM_TS_01,LOC_TS_0527
LIM_TS_01,LOC_TS_0528
LIM_TS_01,LOC_TS_0529
LIM_TS_01,LOC_TS_0530
LIM_TS_01,LOC_TS_0531
LIM_TS_01,LOC_TS_0532
LIM_TS_01,LOC_TS_0533
LIM_TS_01,LOC_TS_0534
LIM_TS_01,LOC_TS_0535
LIM_TS_01,LOC_TS_0536
LIM_TS_01,LOC_TS_0537
LIM_TS_01,LOC_TS_0538
LIM_TS_01,LOC_TS_0539
LIM_TS_01,LOC_TS_0540
LIM_TS_01,LOC_TS_0541
LIM_TS_01,LOC_TS_0542
LIM_TS_01,LOC_TS_0543
LIM_TS_01,LOC_TS_0544
LIM_TS_01,LOC_TS_0545
LIM_TS_01,LOC_TS_0546
LIM_TS_01,LOC_TS_0547
LIM_TS_01,LOC_TS_0548
LIM_TS_01,LOC_TS_0549
LIM_TS_01,LOC_TS_0550
LIM_TS_01,LOC_TS_0551
LIM_TS_01,LOC_TS_0552
LIM_TS_01,LOC_TS_0553
LIM_TS_01,LOC_TS_0554
LIM_TS_01,LOC_TS_0555
LIM_TS_01,LOC_TS_0556
LIM_TS_01,LOC_TS_0557
LIM_TS_01,LOC_TS_0558
LIM_TS_01,LOC_TS_0559
LIM_TS_01,LOC_TS_0560
LIM_TS_01,LOC_TS_0561
LIM_TS_01,LOC_TS_0562
LIM_TS_01,LOC_TS_0563
LIM_TS_01,LOC_TS_0564
LIM_TS_01,LOC_TS_0565
LIM_TS_01,LOC_TS_0566
LIM_TS_01,LOC_TS_0567
LIM_TS_01,LOC_TS_0568
LIM_TS_01,LOC_TS_0569
LIM_TS_01,LOC_TS_0570
LIM_TS_01,LOC_TS_0571
LIM_TS_01,LOC_TS_0572
LIM_TS_01,LOC_TS_0573
LIM_TS_01,LOC_TS_0574
LIM_TS_01,LOC_TS_0575
LIM_TS_01,LOC_TS_0576
LIM_TS_01,LOC_TS_0577
LIM_TS_01,LOC_TS_0578
LIM_TS_01,LOC_TS_0579
LIM_TS_01,LOC_TS_0580
LIM_TS_01,LOC_TS_0581
LIM_TS_01,LOC_TS_0582
LIM_TS_01,LOC_TS_0583
LIM_TS_01,LOC_TS_0584
LIM_TS_01,LOC_TS_0585
LIM_TS_01,LOC_TS_0587
LIM_TS_01,LOC_TS_0598
LIM_TS_01,LOC_TS_0599
LIM_TS_01,LOC_TS_0600
LIM_TS_01,LOC_TS_0601
LIM_TS_01,LOC_TS_0602
LIM_TS_01,LOC_TS_0603
LIM_TS_01,LOC_TS_0604
LIM_TS_01,LOC_TS_0605
LIM_TS_01,LOC_TS_0606
LIM_TS_01,LOC_TS_0607
LIM_TS_01,LOC_TS_0608
LIM_TS_01,LOC_TS_0609
LIM_TS_01,LOC_TS_0610
LIM_TS_01,LOC_TS_0611
LIM_TS_01,LOC_TS_0612
LIM_TS_01,LOC_TS_0613
LIM_TS_01,LOC_TS_0614
LIM_TS_01,LOC_TS_0615
LIM_TS_01,LOC_TS_0616
LIM_TS_01,LOC_TS_0617
LIM_TS_01,LOC_TS_0618
LIM_TS_01,LOC_TS_0619
LIM_TS_01,LOC_TS_0620
LIM_TS_01,LOC_TS_0621
LIM_TS_01,LOC_TS_0622
LIM_TS_01,LOC_TS_0623
LIM_TS_01,LOC_TS_0624
LIM_TS_01,LOC_TS_0625
LIM_TS_01,LOC_TS_0626
LIM_TS_01,LOC_TS_0627
LIM_TS_01,LOC_TS_0628
LIM_TS_01,LOC_TS_0629
LIM_TS_01,LOC_TS_0630
LIM_TS_01,LOC_TS_0631
LIM_TS_01,LOC_TS_0632
LIM_TS_01,LOC_TS_0633
LIM_TS_01,LOC_TS_0634
LIM_TS_01,LOC_TS_0635
LIM_TS_01,LOC_TS_0636
LIM_TS_01,LOC_TS_0637
LIM_TS_01,LOC_TS_0638
LIM_TS_01,LOC_TS_0639
LIM_TS_01,LOC_TS_0640
LIM_TS_01,LOC_TS_0641
LIM_TS_01,LOC_TS_0642
LIM_TS_01,LOC_TS_0643
LIM_TS_01,LOC_TS_0644
LIM_TS_01,LOC_TS_0645
LIM_TS_01,LOC_TS_0646
LIM_TS_01,LOC_TS_0647
LIM_TS_01,LOC_TS_0648
LIM_TS_01,LOC_TS_0649
LIM_TS_01,LOC_TS_0650
LIM_TS_01,LOC_TS_0651
LIM_TS_01,LOC_TS_0652
LIM_TS_01,LOC_TS_0653
LIM_TS_01,LOC_TS_0654
LIM_TS_01,LOC_TS_0655
LIM_TS_01,LOC_TS_0656
LIM_TS_01,LOC_TS_0657
LIM_TS_01,LOC_TS_0658
LIM_TS_01,LOC_TS_0659
LIM_TS_01,LOC_TS_0660
LIM_TS_01,LOC_TS_0661
LIM_TS_01,LOC_TS_0662
LIM_TS_01,LOC_TS_0663
LIM_TS_01,LOC_TS_0664
LIM_TS_01,LOC_TS_0665
LIM_TS_01,LOC_TS_0666
LIM_TS_01,LOC_TS_0667
LIM_TS_01,LOC_TS_0668
LIM_TS_01,LOC_TS_0669
LIM_TS_01,LOC_TS_0670
LIM_TS_01,LOC_TS_0671
LIM_TS_01,LOC_TS_0672
LIM_TS_01,LOC_TS_0673
LIM_TS_01,LOC_TS_0674
LIM_TS_01,LOC_TS_0675
LIM_TS_01,LOC_TS_0676
LIM_TS_01,LOC_TS_0677
LIM_TS_01,LOC_TS_0678
LIM_TS_01,LOC_TS_0679
LIM_TS_01,LOC_TS_0680
LIM_TS_01,LOC_TS_0681
LIM_TS_01,LOC_TS_0682
LIM_TS_01,LOC_TS_0683
LIM_TS_01,LOC_TS_0684
LIM_TS_01,LOC_TS_0685
LIM_TS_01,LOC_TS_0686
LIM_TS_01,LOC_TS_0687
LIM_TS_01,LOC_TS_0688
LIM_TS_01,LOC_TS_0689
LIM_TS_01,LOC_TS_0690
LIM_TS_01,LOC_TS_0691
LIM_TS_01,LOC_TS_0692
LIM_TS_01,LOC_TS_0693
LIM_TS_01,LOC_TS_0694
LIM_TS_01,LOC_TS_0695
LIM_TS_01,LOC_TS_0696
LIM_TS_01,LOC_TS_0697
LIM_TS_01,LOC_TS_0698
LIM_TS_01,LOC_TS_0699
LIM_TS_01,LOC_TS_0700
LIM_TS_01,LOC_TS_0701
LIM_TS_01,LOC_TS_0702
LIM_TS_01,LOC_TS_0703
LIM_TS_01,LOC_TS_0704
LIM_TS_01,LOC_TS_0705
LIM_TS_01,LOC_TS_0706
LIM_TS_01,LOC_TS_0707
LIM_TS_01,LOC_TS_0708
LIM_TS_01,LOC_TS_0709
LIM_TS_01,LOC_TS_0710
LIM_TS_01,LOC_TS_0713
LIM_TS_01,LOC_TS_0716
LIM_TS_01,LOC_TS_0719
LIM_TS_01,LOC_TS_0722
LIM_TS_01,LOC_TS_0724
LIM_TS_01,LOC_TS_0725
LIM_TS_01,LOC_TS_0728
LIM_TS_01,LOC_TS_0731
LIM_TS_01,LOC_TS_0734
LIM_TS_01,LOC_TS_0736
LIM_TS_01,LOC_TS_0751
LIM_TS_01,LOC_TS_0753
LIM_TS_01,LOC_TS_0755
LIM_TS_01,LOC_TS_0757
LIM_TS_01,LOC_TS_0759
LIM_TS_01,LOC_TS_0761
LIM_TS_01,LOC_TS_0762
LIM_TS_01,LOC_TS_0765
LIM_TS_01,LOC_TS_0767
LIM_TS_01,LOC_TS_0769
LIM_TS_01,LOC_TS_0771
LIM_TS_01,LOC_TS_0816
LIM_TS_01,LOC_TS_0817
LIM_TS_01,LOC_TS_0818
LIM_TS_01,LOC_TS_0819
LIM_TS_01,LOC_TS_0820
LIM_TS_01,LOC_TS_0821
LIM_TS_01,LOC_TS_0822
LIM_TS_01,LOC_TS_0823
LIM_TS_01,LOC_TS_0824
LIM_TS_01,LOC_TS_0825
LIM_TS_01,LOC_TS_0832
LIM_TS_01,LOC_TS_0833
LIM_TS_01,LOC_TS_0834
LIM_TS_01,LOC_TS_0835
LIM_TS_01,LOC_TS_0836
LIM_TS_01,LOC_TS_0837
LIM_TS_01,LOC_TS_0838
LIM_TS_01,LOC_TS_0839
LIM_TS_01,LOC_TS_0840
LIM_TS_01,LOC_TS_0841
LIM_TS_01,LOC_TS_0842
LIM_TS_01,LOC_TS_0843
LIM_TS_01,LOC_TS_0844
LIM_TS_01,LOC_TS_0845
LIM_TS_01,LOC_TS_0846
LIM_TS_01,LOC_TS_0847
LIM_TS_01,LOC_TS_0848
LIM_TS_01,LOC_TS_0862
LIM_TS_01,LOC_TS_0865
LIM_TS_01,LOC_TS_0867
LIM_TS_01,LOC_TS_0869
LIM_TS_01,LOC_TS_0871
LIM_TS_01,LOC_TS_0874
LIM_TS_01,LOC_TS_0876
LIM_TS_01,LOC_TS_0884
LIM_TS_01,LOC_TS_0886
LIM_TS_01,LOC_TS_0890
LIM_TS_01,LOC_TS_0892
LIM_TS_01,LOC_TS_0941
LIM_TS_01,LOC_TS_0943
LIM_TS_01,LOC_TS_0944
LIM_TS_01,LOC_TS_0947
LIM_TS_01,LOC_TS_0985
LIM_TS_01,LOC_TS_0986
LIM_TS_01,LOC_TS_0987
LIM_TS_01,LOC_TS_0988
LIM_TS_01,LOC_TS_0989
LIM_TS_01,LOC_TS_0990
LIM_TS_01,LOC_TS_0991
LIM_TS_01,LOC_TS_0992
LIM_TS_01,LOC_TS_0993
LIM_TS_01,LOC_TS_0994
LIM_TS_01,LOC_TS_0995
LIM_TS_01,LOC_TS_0996
LIM_TS_01,LOC_TS_0997
LIM_TS_01,LOC_TS_0998
LIM_TS_01,LOC_TS_0999
LIM_TS_01,LOC_TS_1000
LIM_TS_01,LOC_TS_1001
LIM_TS_01,LOC_TS_1002
LIM_TS_01,LOC_TS_1003
LIM_TS_01,LOC_TS_1004
LIM_TS_01,LOC_TS_1005
LIM_TS_01,LOC_TS_1006
LIM_TS_01,LOC_TS_1007
LIM_TS_01,LOC_TS_1008
LIM_TS_01,LOC_TS_1009
LIM_TS_01,LOC_TS_1010
LIM_TS_01,LOC_TS_1011
LIM_TS_01,LOC_TS_1012
LIM_TS_01,LOC_TS_1013
LIM_TS_01,LOC_TS_1014
LIM_TS_01,LOC_TS_1015
LIM_TS_01,LOC_TS_1016
LIM_TS_01,LOC_TS_1017
LIM_TS_01,LOC_TS_1018
LIM_TS_01,LOC_TS_1019
LIM_TS_01,LOC_TS_1020
LIM_TS_01,LOC_TS_1021
LIM_TS_01,LOC_TS_1022
LIM_TS_01,LOC_TS_1023
LIM_TS_01,LOC_TS_1024
LIM_TS_01,LOC_TS_1025
LIM_TS_01,LOC_TS_1027
LIM_TS_01,LOC_TS_1104
LIM_TS_01,LOC_TS_1105
LIM_TS_01,LOC_TS_1106
LIM_TS_01,LOC_TS_1107
LIM_TS_01,LOC_TS_1108
LIM_TS_01,LOC_TS_1109
LIM_TS_01,LOC_TS_1110
LIM_TS_01,LOC_TS_1111
LIM_TS_01,LOC_TS_1112
LIM_TS_01,LOC_TS_1113
LIM_TS_01,LOC_TS_1114
LIM_TS_01,LOC_TS_1115
LIM_TS_01,LOC_TS_1116
LIM_TS_01,LOC_TS_1117
LIM_TS_01,LOC_TS_1118
LIM_TS_01,LOC_TS_1119
LIM_TS_01,LOC_TS_1120
LIM_TS_01,LOC_TS_1121
LIM_TS_01,LOC_TS_1122
LIM_TS_01,LOC_TS_1123
LIM_TS_01,LOC_TS_1124
LIM_TS_01,LOC_TS_1125
LIM_TS_01,LOC_TS_1126
LIM_TS_01,LOC_TS_1127
LIM_TS_01,LOC_TS_1128
LIM_TS_01,LOC_TS_1129
LIM_TS_01,LOC_TS_1130
LIM_TS_01,LOC_TS_1131
LIM_TS_01,LOC_TS_1232
LIM_TS_01,LOC_TS_1278
LIM_TS_01,LOC_TS_1279
LIM_TS_01,LOC_TS_1325
LIM_TS_01,LOC_TS_2104
LIM_TS_01,LOC_TS_2103
LIM_TS_01,LOC_TS_2102
LIM_TS_01,LOC_TS_2101
LIM_TS_01,LOC_TS_2100
LIM_TS_01,LOC_TS_2099
LIM_TS_01,LOC_TS_2098
LIM_TS_01,LOC_TS_2097
LIM_TS_01,LOC_TS_2096
LIM_TS_01,LOC_TS_2095
LIM_TS_01,LOC_TS_2094
LIM_TS_01,LOC_TS_2093
LIM_TS_01,LOC_TS_2092
LIM_TS_01,LOC_TS_2091
LIM_TS_01,LOC_TS_2090
LIM_TS_01,LOC_TS_2089
LIM_TS_01,LOC_TS_2088
LIM_TS_01,LOC_TS_2087
LIM_TS_01,LOC_TS_2086
LIM_TS_01,LOC_TS_2085
LIM_TS_01,LOC_TS_2084
LIM_TS_01,LOC_TS_2083
LIM_TS_01,LOC_TS_2082
LIM_TS_01,LOC_TS_2081
LIM_TS_01,LOC_TS_2080
LIM_TS_01,LOC_TS_2079
LIM_TS_01,LOC_TS_2078
LIM_TS_01,LOC_TS_2077
LIM_TS_01,LOC_TS_2076
LIM_TS_01,LOC_TS_2075
LIM_TS_01,LOC_TS_2074
LIM_TS_01,LOC_TS_2073
LIM_TS_01,LOC_TS_2072
LIM_TS_01,LOC_TS_2071
LIM_TS_01,LOC_TS_2070
LIM_TS_01,LOC_TS_2069
LIM_TS_01,LOC_TS_2068
LIM_TS_01,LOC_TS_2067
LIM_TS_01,LOC_TS_2066
LIM_TS_01,LOC_TS_2065
LIM_TS_01,LOC_TS_2064
LIM_TS_01,LOC_TS_2063
LIM_TS_01,LOC_TS_2062
LIM_TS_01,LOC_TS_2061
LIM_TS_01,LOC_TS_2060
LIM_TS_01,LOC_TS_2059
LIM_TS_01,LOC_TS_2058
LIM_TS_01,LOC_TS_2057
LIM_TS_01,LOC_TS_2056
LIM_TS_01,LOC_TS_2055
LIM_TS_01,LOC_TS_2054
LIM_TS_01,LOC_TS_2053
LIM_TS_01,LOC_TS_2052
LIM_TS_01,LOC_TS_2051
LIM_TS_01,LOC_TS_2050
LIM_TS_01,LOC_TS_2049
LIM_TS_01,LOC_TS_2048
LIM_TS_01,LOC_TS_2047
LIM_TS_01,LOC_TS_2046
LIM_TS_01,LOC_TS_2045
LIM_TS_01,LOC_TS_2044
LIM_TS_01,LOC_TS_2043
LIM_TS_01,LOC_TS_2042
LIM_TS_01,LOC_TS_2041
LIM_TS_01,LOC_TS_2040
LIM_TS_01,LOC_TS_2039
LIM_TS_01,LOC_TS_2038
LIM_TS_01,LOC_TS_2037
LIM_TS_01,LOC_TS_2036
LIM_TS_01,LOC_TS_2035
LIM_TS_01,LOC_TS_2034
LIM_TS_01,LOC_TS_2033
LIM_TS_01,LOC_TS_2032
LIM_TS_01,LOC_TS_2031
LIM_TS_01,LOC_TS_2030
LIM_TS_01,LOC_TS_2029
LIM_TS_01,LOC_TS_2028
LIM_TS_01,LOC_TS_2027
LIM_TS_01,LOC_TS_2026
LIM_TS_01,LOC_TS_2025
LIM_TS_01,LOC_TS_2024
LIM_TS_01,LOC_TS_2023
LIM_TS_01,LOC_TS_2022
LIM_TS_01,LOC_TS_2021
LIM_TS_01,LOC_TS_2020
LIM_TS_01,LOC_TS_2019
LIM_TS_01,LOC_TS_2018
LIM_TS_01,LOC_TS_2017
LIM_TS_01,LOC_TS_2016
LIM_TS_01,LOC_TS_2015
LIM_TS_01,LOC_TS_2014
LIM_TS_01,LOC_TS_2013
LIM_TS_01,LOC_TS_2012
LIM_TS_01,LOC_TS_2011
LIM_TS_01,LOC_TS_1956
LIM_TS_01,LOC_TS_1955
LIM_TS_01,LOC_TS_1954
LIM_TS_01,LOC_TS_1953
LIM_TS_01,LOC_TS_1952
LIM_TS_01,LOC_TS_1951
LIM_TS_01,LOC_TS_1950
LIM_TS_01,LOC_TS_1949
LIM_TS_01,LOC_TS_1948
LIM_TS_01,LOC_TS_1947
LIM_TS_01,LOC_TS_1946
LIM_TS_01,LOC_TS_1945
LIM_TS_01,LOC_TS_1944
LIM_TS_01,LOC_TS_1943
LIM_TS_01,LOC_TS_1942
LIM_TS_01,LOC_TS_1941
LIM_TS_01,LOC_TS_1940
LIM_TS_01,LOC_TS_1939
LIM_TS_01,LOC_TS_1938
LIM_TS_01,LOC_TS_1880
LIM_TS_01,LOC_TS_1878
LIM_TS_01,LOC_TS_1874
LIM_TS_01,LOC_TS_1872
LIM_TS_01,LOC_TS_1871
LIM_TS_01,LOC_TS_1869
LIM_TS_01,LOC_TS_1867
LIM_TS_01,LOC_TS_1865
LIM_TS_01,LOC_TS_1863
LIM_TS_01,LOC_TS_1862
LIM_TS_01,LOC_TS_1834
LIM_TS_01,LOC_TS_1833
LIM_TS_01,LOC_TS_1832
LIM_TS_01,LOC_TS_1831
LIM_TS_01,LOC_TS_1830
LIM_TS_01,LOC_TS_1829
LIM_TS_01,LOC_TS_1828
LIM_TS_01,LOC_TS_1827
LIM_TS_01,LOC_TS_1826
LIM_TS_01,LOC_TS_1802
LIM_TS_01,LOC_TS_1801
LIM_TS_01,LOC_TS_1800
LIM_TS_01,LOC_TS_1799
LIM_TS_01,LOC_TS_1798
LIM_TS_01,LOC_TS_1797
LIM_TS_01,LOC_TS_1796
LIM_TS_01,LOC_TS_1795
LIM_TS_01,LOC_TS_1710
LIM_TS_01,LOC_TS_1709
LIM_TS_01,LOC_TS_1708
LIM_TS_01,LOC_TS_1707
LIM_TS_01,LOC_TS_1706
LIM_TS_01,LOC_TS_1705
LIM_TS_01,LOC_TS_1704
LIM_TS_01,LOC_TS_1703
LIM_TS_01,LOC_TS_1702
LIM_TS_01,LOC_TS_1701
LIM_TS_01,LOC_TS_1700
LIM_TS_01,LOC_TS_1699
LIM_TS_01,LOC_TS_1698
LIM_TS_01,LOC_TS_1697
LIM_TS_01,LOC_TS_1696
LIM_TS_01,LOC_TS_1694
LIM_TS_01,LOC_TS_1691
LIM_TS_01,LOC_TS_1688
LIM_TS_01,LOC_TS_1687
LIM_TS_01,LOC_TS_1686
LIM_TS_01,LOC_TS_1685
LIM_TS_01,LOC_TS_1684
LIM_TS_01,LOC_TS_1683
LIM_TS_01,LOC_TS_1682
LIM_TS_01,LOC_TS_1681
LIM_TS_01,LOC_TS_1680
LIM_TS_01,LOC_TS_1679
LIM_TS_01,LOC_TS_1678
LIM_TS_01,LOC_TS_1677
LIM_TS_01,LOC_TS_1676
LIM_TS_01,LOC_TS_1675
LIM_TS_01,LOC_TS_1674
LIM_TS_01,LOC_TS_1673
LIM_TS_01,LOC_TS_1672
LIM_TS_01,LOC_TS_1671
LIM_TS_01,LOC_TS_1670
LIM_TS_01,LOC_TS_1669
LIM_TS_01,LOC_TS_1668
LIM_TS_01,LOC_TS_1667
LIM_TS_01,LOC_TS_1666
LIM_TS_01,LOC_TS_1665
LIM_TS_01,LOC_TS_1664
LIM_TS_01,LOC_TS_1663
LIM_TS_01,LOC_TS_1662
LIM_TS_01,LOC_TS_1661
LIM_TS_01,LOC_TS_1660
LIM_TS_01,LOC_TS_1659
LIM_TS_01,LOC_TS_1658
LIM_TS_01,LOC_TS_1657
LIM_TS_01,LOC_TS_1656
LIM_TS_01,LOC_TS_1655
LIM_TS_01,LOC_TS_1654
LIM_TS_01,LOC_TS_1653
LIM_TS_01,LOC_TS_1652
LIM_TS_01,LOC_TS_1651
LIM_TS_01,LOC_TS_1650
LIM_TS_01,LOC_TS_1649
LIM_TS_01,LOC_TS_1648
LIM_TS_01,LOC_TS_1647
LIM_TS_01,LOC_TS_1646
LIM_TS_01,LOC_TS_1645
LIM_TS_01,LOC_TS_1644
LIM_TS_01,LOC_TS_1643
LIM_TS_01,LOC_TS_1642
LIM_TS_01,LOC_TS_1641
LIM_TS_01,LOC_TS_1640
LIM_TS_01,LOC_TS_1639
LIM_TS_01,LOC_TS_1638
LIM_TS_01,LOC_TS_1637
LIM_TS_01,LOC_TS_1636
LIM_TS_01,LOC_TS_1635
LIM_TS_01,LOC_TS_1634
LIM_TS_01,LOC_TS_1633
LIM_TS_01,LOC_TS_1632
LIM_TS_01,LOC_TS_1631
LIM_TS_01,LOC_TS_1630
LIM_TS_01,LOC_TS_1629
LIM_TS_01,LOC_TS_1628
LIM_TS_01,LOC_TS_1627
LIM_TS_01,LOC_TS_1626
LIM_TS_01,LOC_TS_1625
LIM_TS_01,LOC_TS_1624
LIM_TS_01,LOC_TS_1623
LIM_TS_01,LOC_TS_1622
LIM_TS_01,LOC_TS_1621
LIM_TS_01,LOC_TS_1620
LIM_TS_01,LOC_TS_1619
LIM_TS_01,LOC_TS_1618
LIM_TS_01,LOC_TS_1617
LIM_TS_01,LOC_TS_1616
LIM_TS_01,LOC_TS_1615
LIM_TS_01,LOC_TS_1614
LIM_TS_01,LOC_TS_1613
LIM_TS_01,LOC_TS_1604
LIM_TS_01,LOC_TS_1603
LIM_TS_01,LOC_TS_1602
LIM_TS_01,LOC_TS_1601
LIM_TS_01,LOC_TS_1600
LIM_TS_01,LOC_TS_1599
LIM_TS_01,LOC_TS_1598
LIM_TS_01,LOC_TS_1597
LIM_TS_01,LOC_TS_1596
LIM_TS_01,LOC_TS_1595
LIM_TS_01,LOC_TS_1593
LIM_TS_01,LOC_TS_1592
LIM_TS_01,LOC_TS_1591
LIM_TS_01,LOC_TS_1590
LIM_TS_01,LOC_TS_1589
LIM_TS_01,LOC_TS_1588
LIM_TS_01,LOC_TS_1587
LIM_TS_01,LOC_TS_1586
LIM_TS_01,LOC_TS_1585
LIM_TS_01,LOC_TS_1584
LIM_TS_01,LOC_TS_1583
LIM_TS_01,LOC_TS_1582
LIM_TS_01,LOC_TS_1581
LIM_TS_01,LOC_TS_1580
LIM_TS_01,LOC_TS_1579
LIM_TS_01,LOC_TS_1578
LIM_TS_01,LOC_TS_1577
LIM_TS_01,LOC_TS_1576
LIM_TS_01,LOC_TS_1575
LIM_TS_01,LOC_TS_1574
LIM_TS_01,LOC_TS_1573
LIM_TS_01,LOC_TS_1571
LIM_TS_01,LOC_TS_1570
LIM_TS_01,LOC_TS_1569
LIM_TS_01,LOC_TS_1568
LIM_TS_01,LOC_TS_1567
LIM_TS_01,LOC_TS_1566
LIM_TS_01,LOC_TS_1565
LIM_TS_01,LOC_TS_1564
LIM_TS_01,LOC_TS_1563
LIM_TS_01,LOC_TS_1562
LIM_TS_01,LOC_TS_1561
LIM_TS_01,LOC_TS_1560
LIM_TS_01,LOC_TS_1559
LIM_TS_01,LOC_TS_1558
LIM_TS_01,LOC_TS_1557
LIM_TS_01,LOC_TS_1556
LIM_TS_01,LOC_TS_1555
LIM_TS_01,LOC_TS_1554
LIM_TS_01,LOC_TS_1553
LIM_TS_01,LOC_TS_1552
LIM_TS_01,LOC_TS_1551
LIM_TS_01,LOC_TS_1550
LIM_TS_01,LOC_TS_1549
LIM_TS_01,LOC_TS_1548
LIM_TS_01,LOC_TS_1547
LIM_TS_01,LOC_TS_1546
LIM_TS_01,LOC_TS_1545
LIM_TS_01,LOC_TS_1544
LIM_TS_01,LOC_TS_1543
LIM_TS_01,LOC_TS_1542
LIM_TS_01,LOC_TS_1541
LIM_TS_01,LOC_TS_1540
LIM_TS_01,LOC_TS_1539
LIM_TS_01,LOC_TS_1538
LIM_TS_01,LOC_TS_1537
LIM_TS_01,LOC_TS_1536
LIM_TS_01,LOC_TS_1535
LIM_TS_01,LOC_TS_1534
LIM_TS_01,LOC_TS_1533
LIM_TS_01,LOC_TS_1532
LIM_TS_01,LOC_TS_1531
LIM_TS_01,LOC_TS_1530
LIM_TS_01,LOC_TS_1529
LIM_TS_01,LOC_TS_1528
LIM_TS_01,LOC_TS_1526
LIM_TS_01,LOC_TS_1491
LIM_TS_01,LOC_TS_1490
LIM_TS_01,LOC_TS_1489
LIM_TS_01,LOC_TS_1488
LIM_TS_01,LOC_TS_1487
LIM_TS_01,LOC_TS_1486
LIM_TS_01,LOC_TS_1485
LIM_TS_01,LOC_TS_1484
LIM_TS_01,LOC_TS_1483
LIM_TS_01,LOC_TS_1482
LIM_TS_01,LOC_TS_1481
LIM_TS_01,LOC_TS_1480
LIM_TS_01,LOC_TS_1479
LIM_TS_01,LOC_TS_1478
LIM_TS_01,LOC_TS_1477
LIM_TS_01,LOC_TS_1476
LIM_TS_01,LOC_TS_1475
LIM_TS_01,LOC_TS_1474
LIM_TS_01,LOC_TS_1473
LIM_TS_01,LOC_TS_1472
LIM_TS_01,LOC_TS_1471
LIM_TS_01,LOC_TS_1470
LIM_TS_01,LOC_TS_1469
LIM_TS_01,LOC_TS_1468
LIM_TS_01,LOC_TS_1467
LIM_TS_01,LOC_TS_1466
LIM_TS_01,LOC_TS_1465
LIM_TS_01,LOC_TS_1464
LIM_TS_01,LOC_TS_1463
LIM_TS_01,LOC_TS_1462
LIM_TS_01,LOC_TS_1461
LIM_TS_01,LOC_TS_1460
LIM_TS_01,LOC_TS_1459
LIM_TS_01,LOC_TS_1458
LIM_TS_01,LOC_TS_1457
LIM_TS_01,LOC_TS_1456
LIM_TS_01,LOC_TS_1455
LIM_TS_01,LOC_TS_1454
LIM_TS_01,LOC_TS_1453
LIM_TS_01,LOC_TS_1452
LIM_TS_01,LOC_TS_1451
LIM_TS_01,LOC_TS_1450
LIM_TS_01,LOC_TS_1449
LIM_TS_01,LOC_TS_1448
LIM_TS_01,LOC_TS_1447
LIM_TS_01,LOC_TS_1446
LIM_TS_01,LOC_TS_1445
LIM_TS_01,LOC_TS_1444
LIM_TS_01,LOC_TS_1443
LIM_TS_01,LOC_TS_1442
LIM_TS_01,LOC_TS_1441
LIM_TS_01,LOC_TS_1440
LIM_TS_01,LOC_TS_1439
LIM_TS_01,LOC_TS_1438
LIM_TS_01,LOC_TS_1433
LIM_TS_01,LOC_TS_1431
LIM_TS_01,LOC_TS_1430
LIM_TS_01,LOC_TS_1429
LIM_TS_01,LOC_TS_1428
LIM_TS_01,LOC_TS_1427
LIM_TS_01,LOC_TS_1426
LIM_TS_01,LOC_TS_1425
LIM_TS_01,LOC_TS_1424
LIM_TS_01,LOC_TS_1423
LIM_TS_01,LOC_TS_1422
LIM_TS_01,LOC_TS_1421
LIM_TS_01,LOC_TS_1420
LIM_TS_01,LOC_TS_1419
LIM_TS_01,LOC_TS_1418
LIM_TS_01,LOC_TS_1417
LIM_TS_01,LOC_TS_1416
LIM_TS_01,LOC_TS_1415
LIM_TS_01,LOC_TS_1414
LIM_TS_01,LOC_TS_1413
LIM_TS_01,LOC_TS_1412
LIM_TS_01,LOC_TS_1411
LIM_TS_01,LOC_TS_1410
LIM_TS_01,LOC_TS_1409
LIM_TS_01,LOC_TS_1408
LIM_TS_01,LOC_TS_1407
LIM_TS_01,LOC_TS_1406
LIM_TS_01,LOC_TS_1405
LIM_TS_01,LOC_TS_1404
LIM_TS_01,LOC_TS_1403
LIM_TS_01,LOC_TS_1402
LIM_TS_01,LOC_TS_1401
LIM_TS_01,LOC_TS_1400
LIM_TS_01,LOC_TS_1399
LIM_TS_01,LOC_TS_1398
LIM_TS_01,LOC_TS_1397
LIM_TS_01,LOC_TS_1396
LIM_TS_01,LOC_TS_1395
LIM_TS_01,LOC_TS_1394
LIM_TS_01,LOC_TS_1393
LIM_TS_01,LOC_TS_1392
LIM_TS_01,LOC_TS_1391
LIM_TS_01,LOC_TS_1390
LIM_TS_01,LOC_TS_1389
LIM_TS_01,LOC_TS_1388
LIM_TS_01,LOC_TS_1387
LIM_TS_01,LOC_TS_1386
LIM_TS_01,LOC_TS_1385
LIM_TS_01,LOC_TS_1383
LIM_TS_01,LOC_TS_1382
LIM_TS_01,LOC_TS_1381
LIM_TS_01,LOC_TS_1380
LIM_TS_01,LOC_TS_1378
LIM_TS_01,LOC_TS_1377
LIM_TS_01,LOC_TS_1376
LIM_TS_01,LOC_TS_1375
LIM_TS_01,LOC_TS_1374
LIM_TS_01,LOC_TS_1372
LIM_TS_01,LOC_TS_1371
LIM_TS_01,LOC_TS_1370
LIM_TS_01,LOC_TS_1369
LIM_TS_01,LOC_TS_1368
LIM_TS_01,LOC_TS_1367
LIM_TS_01,LOC_TS_1366
LIM_TS_01,LOC_TS_1365
LIM_TS_01,LOC_TS_1364
LIM_TS_01,LOC_TS_1363
LIM_TS_01,LOC_TS_1362
LIM_TS_01,LOC_TS_1361
LIM_TS_01,LOC_TS_1360
LIM_TS_01,LOC_TS_1359
LIM_TS_01,LOC_TS_1358
LIM_TS_01,LOC_TS_1357
LIM_TS_01,LOC_TS_1356
LIM_TS_01,LOC_TS_1343
LIM_TS_01,LOC_TS_1342
LIM_TS_01,LOC_TS_1341
LIM_TS_01,LOC_TS_1340
LIM_TS_01,LOC_TS_1339
LIM_TS_01,LOC_TS_1338
LIM_TS_01,LOC_TS_1337
LIM_TS_01,LOC_TS_1336
LIM_TS_01,LOC_TS_1335
LIM_TS_01,LOC_TS_1334
LIM_TS_01,LOC_TS_1333
LIM_TS_01,LOC_TS_1332
LIM_TS_01,LOC_TS_1331
LIM_TS_01,LOC_TS_1330
LIM_TS_01,LOC_TS_1329
LIM_TS_01,LOC_TS_1328
LIM_TS_01,LOC_TS_1327
LIM_TS_01,LOC_TS_1326
LIM_TS_01,LOC_TS_0332
LIM_TS_01,LOC_TS_0331
LIM_TS_01,LOC_TS_0330
LIM_TS_01,LOC_TS_0329
LIM_TS_01,LOC_TS_0328
LIM_TS_01,LOC_TS_0327
LIM_TS_01,LOC_TS_0326
LIM_TS_01,LOC_TS_0325
LIM_TS_01,LOC_TS_0324
LIM_TS_01,LOC_TS_0323
LIM_TS_01,LOC_TS_0322
LIM_TS_01,LOC_TS_0321
LIM_TS_01,LOC_TS_0320
LIM_TS_01,LOC_TS_0319
LIM_TS_01,LOC_TS_0318
LIM_TS_01,LOC_TS_0317
LIM_TS_01,LOC_TS_0316
LIM_TS_01,LOC_TS_0315
LIM_TS_01,LOC_TS_0314
LIM_TS_01,LOC_TS_0313
LIM_TS_01,LOC_TS_0312
LIM_TS_01,LOC_TS_0311
LIM_TS_01,LOC_TS_0310
LIM_TS_01,LOC_TS_0309
LIM_TS_01,LOC_TS_0308
LIM_TS_01,LOC_TS_0307
LIM_TS_01,LOC_TS_0306
LIM_TS_01,LOC_TS_0305
LIM_TS_01,LOC_TS_0304
LIM_TS_01,LOC_TS_0303
LIM_TS_01,LOC_TS_0302
LIM_TS_01,LOC_TS_0301
LIM_TS_01,LOC_TS_0300
LIM_TS_01,LOC_TS_0299
LIM_TS_01,LOC_TS_0298
LIM_TS_01,LOC_TS_0297
LIM_TS_01,LOC_TS_0296
LIM_TS_01,LOC_TS_0295
LIM_TS_01,LOC_TS_0294
LIM_TS_01,LOC_TS_0293
LIM_TS_01,LOC_TS_0292
LIM_TS_01,LOC_TS_0291
LIM_TS_01,LOC_TS_0290
LIM_TS_01,LOC_TS_0289
LIM_TS_01,LOC_TS_0288
LIM_TS_01,LOC_TS_0287
LIM_TS_01,LOC_TS_0286
LIM_TS_01,LOC_TS_0285
LIM_TS_01,LOC_TS_0284
LIM_TS_01,LOC_TS_0283
LIM_TS_01,LOC_TS_0282
LIM_TS_01,LOC_TS_0281
LIM_TS_01,LOC_TS_0280
LIM_TS_01,LOC_TS_0279
LIM_TS_01,LOC_TS_0278
LIM_TS_01,LOC_TS_0277
LIM_TS_01,LOC_TS_0276
LIM_TS_01,LOC_TS_0275
LIM_TS_01,LOC_TS_0274
LIM_TS_01,LOC_TS_0273
LIM_TS_01,LOC_TS_0272
LIM_TS_01,LOC_TS_0271
LIM_TS_01,LOC_TS_0270
LIM_TS_01,LOC_TS_0269
LIM_TS_01,LOC_TS_0268
LIM_TS_01,LOC_TS_0267
LIM_TS_01,LOC_TS_0266
LIM_TS_01,LOC_TS_0265
LIM_TS_01,LOC_TS_0264
LIM_TS_01,LOC_TS_0263
LIM_TS_01,LOC_TS_0262
LIM_TS_01,LOC_TS_0261
LIM_TS_01,LOC_TS_0260
LIM_TS_01,LOC_TS_0259
LIM_TS_01,LOC_TS_0258
LIM_TS_01,LOC_TS_0257
LIM_TS_01,LOC_TS_0256
LIM_TS_01,LOC_TS_0255
LIM_TS_01,LOC_TS_0254
LIM_TS_01,LOC_TS_0253
LIM_TS_01,LOC_TS_0252
LIM_TS_01,LOC_TS_0251
LIM_TS_01,LOC_TS_0250
LIM_TS_01,LOC_TS_0249
LIM_TS_01,LOC_TS_0248
LIM_TS_01,LOC_TS_0247
LIM_TS_01,LOC_TS_0246
LIM_TS_01,LOC_TS_0245
LIM_TS_01,LOC_TS_0244
LIM_TS_01,LOC_TS_0243
LIM_TS_01,LOC_TS_0242
LIM_TS_01,LOC_TS_0241
LIM_TS_01,LOC_TS_0240
LIM_TS_01,LOC_TS_0239
LIM_TS_01,LOC_TS_0238
LIM_TS_01,LOC_TS_0237
LIM_TS_01,LOC_TS_0236
LIM_TS_01,LOC_TS_0235
LIM_TS_01,LOC_TS_0234
LIM_TS_01,LOC_TS_0233
LIM_TS_01,LOC_TS_0232
LIM_TS_01,LOC_TS_0231
LIM_TS_01,LOC_TS_0230
LIM_TS_01,LOC_TS_0229
LIM_TS_01,LOC_TS_0228
LIM_TS_01,LOC_TS_0227
LIM_TS_01,LOC_TS_0226
LIM_TS_01,LOC_TS_0225
LIM_TS_01,LOC_TS_0224
LIM_TS_01,LOC_TS_0223
LIM_TS_01,LOC_TS_0222
LIM_TS_01,LOC_TS_0221
LIM_TS_01,LOC_TS_0220
LIM_TS_01,LOC_TS_0219
LIM_TS_01,LOC_TS_0218
LIM_TS_01,LOC_TS_0217
LIM_TS_01,LOC_TS_0216
LIM_TS_01,LOC_TS_0215
LIM_TS_01,LOC_TS_0214
LIM_TS_01,LOC_TS_0213
LIM_TS_01,LOC_TS_0212
LIM_TS_01,LOC_TS_0211
LIM_TS_01,LOC_TS_0210
LIM_TS_01,LOC_TS_0209
LIM_TS_01,LOC_TS_0208
LIM_TS_01,LOC_TS_0207
LIM_TS_01,LOC_TS_0206
LIM_TS_01,LOC_TS_0205
LIM_TS_01,LOC_TS_0204
LIM_TS_01,LOC_TS_0203
LIM_TS_01,LOC_TS_0202
LIM_TS_01,LOC_TS_0201
LIM_TS_01,LOC_TS_0200
LIM_TS_01,LOC_TS_0199
LIM_TS_01,LOC_TS_0198
LIM_TS_01,LOC_TS_0197
LIM_TS_01,LOC_TS_0196
LIM_TS_01,LOC_TS_0195
LIM_TS_01,LOC_TS_0194
LIM_TS_01,LOC_TS_0193
LIM_TS_01,LOC_TS_0192
LIM_TS_01,LOC_TS_0191
LIM_TS_01,LOC_TS_0190
LIM_TS_01,LOC_TS_0189
LIM_TS_01,LOC_TS_0188
LIM_TS_01,LOC_TS_0187
LIM_TS_01,LOC_TS_0186
LIM_TS_01,LOC_TS_0185
LIM_TS_01,LOC_TS_0184
LIM_TS_01,LOC_TS_0183
LIM_TS_01,LOC_TS_0182
LIM_TS_01,LOC_TS_0181
LIM_TS_01,LOC_TS_0180
LIM_TS_01,LOC_TS_0179
LIM_TS_01,LOC_TS_0178
LIM_TS_01,LOC_TS_0177
LIM_TS_01,LOC_TS_0176
LIM_TS_01,LOC_TS_0175
LIM_TS_01,LOC_TS_0174
LIM_TS_01,LOC_TS_0173
LIM_TS_01,LOC_TS_0172
LIM_TS_01,LOC_TS_0171
LIM_TS_01,LOC_TS_0170
LIM_TS_01,LOC_TS_0169
LIM_TS_01,LOC_TS_0168
LIM_TS_01,LOC_TS_0167
LIM_TS_01,LOC_TS_0166
LIM_TS_01,LOC_TS_0165
LIM_TS_01,LOC_TS_0164
LIM_TS_01,LOC_TS_0163
LIM_TS_01,LOC_TS_0162
LIM_TS_01,LOC_TS_0161
LIM_TS_01,LOC_TS_0160
LIM_TS_01,LOC_TS_0159
LIM_TS_01,LOC_TS_0158
LIM_TS_01,LOC_TS_0157
LIM_TS_01,LOC_TS_0156
LIM_TS_01,LOC_TS_0155
LIM_TS_01,LOC_TS_0154
LIM_TS_01,LOC_TS_0153
LIM_TS_01,LOC_TS_0152
LIM_TS_01,LOC_TS_0151
LIM_TS_01,LOC_TS_0150
LIM_TS_01,LOC_TS_0149
LIM_TS_01,LOC_TS_0148
LIM_TS_01,LOC_TS_0147
LIM_TS_01,LOC_TS_0146
LIM_TS_01,LOC_TS_0145
LIM_TS_01,LOC_TS_0144
LIM_TS_01,LOC_TS_0143
LIM_TS_01,LOC_TS_0142
LIM_TS_01,LOC_TS_0141
LIM_TS_01,LOC_TS_0140
LIM_TS_01,LOC_TS_0139
LIM_TS_01,LOC_TS_0138
LIM_TS_01,LOC_TS_0137
LIM_TS_01,LOC_TS_0136
LIM_TS_01,LOC_TS_0135
LIM_TS_01,LOC_TS_0134
LIM_TS_01,LOC_TS_0133
LIM_TS_01,LOC_TS_0132
LIM_TS_01,LOC_TS_0131
LIM_TS_01,LOC_TS_0130
LIM_TS_01,LOC_TS_0129
LIM_TS_01,LOC_TS_0128
LIM_TS_01,LOC_TS_0127
LIM_TS_01,LOC_TS_0126
LIM_TS_01,LOC_TS_0125
LIM_TS_01,LOC_TS_0124
LIM_TS_01,LOC_TS_0123
LIM_TS_01,LOC_TS_0122
LIM_TS_01,LOC_TS_0121
LIM_TS_01,LOC_TS_0120
LIM_TS_01,LOC_TS_0119
LIM_TS_01,LOC_TS_0118
LIM_TS_01,LOC_TS_0117
LIM_TS_01,LOC_TS_0116
LIM_TS_01,LOC_TS_0115
LIM_TS_01,LOC_TS_0114
LIM_TS_01,LOC_TS_0113
LIM_TS_01,LOC_TS_0112
LIM_TS_01,LOC_TS_0111
LIM_TS_01,LOC_TS_0110
LIM_TS_01,LOC_TS_0109
LIM_TS_01,LOC_TS_0108
LIM_TS_01,LOC_TS_0107
LIM_TS_01,LOC_TS_0106
LIM_TS_01,LOC_TS_0105
LIM_TS_01,LOC_TS_0104
LIM_TS_01,LOC_TS_0103
LIM_TS_01,LOC_TS_0102
LIM_TS_01,LOC_TS_0101
LIM_TS_01,LOC_TS_0100
LIM_TS_01,LOC_TS_0099
LIM_TS_01,LOC_TS_0098
LIM_TS_01,LOC_TS_0097
LIM_TS_01,LOC_TS_0096
LIM_TS_01,LOC_TS_0095
LIM_TS_01,LOC_TS_0094
LIM_TS_01,LOC_TS_0093
LIM_TS_01,LOC_TS_0092
LIM_TS_01,LOC_TS_0091
LIM_TS_01,LOC_TS_0090
LIM_TS_01,LOC_TS_0089
LIM_TS_01,LOC_TS_0088
LIM_TS_01,LOC_TS_0087
LIM_TS_01,LOC_TS_0086
LIM_TS_01,LOC_TS_0085
LIM_TS_01,LOC_TS_0084
LIM_TS_01,LOC_TS_0083
LIM_TS_01,LOC_TS_0082
LIM_TS_01,LOC_TS_0081
LIM_TS_01,LOC_TS_0080
LIM_TS_01,LOC_TS_0079
LIM_TS_01,LOC_TS_0078
LIM_TS_01,LOC_TS_0077
LIM_TS_01,LOC_TS_0076
LIM_TS_01,LOC_TS_0075
LIM_TS_01,LOC_TS_0074
LIM_TS_01,LOC_TS_0073
LIM_TS_01,LOC_TS_0072
LIM_TS_01,LOC_TS_0071
LIM_TS_01,LOC_TS_0070
LIM_TS_01,LOC_TS_0069
LIM_TS_01,LOC_TS_0068
LIM_TS_01,LOC_TS_0067
LIM_TS_01,LOC_TS_0066
LIM_TS_01,LOC_TS_0065
LIM_TS_01,LOC_TS_0064
LIM_TS_01,LOC_TS_0063
LIM_TS_01,LOC_TS_0062
LIM_TS_01,LOC_TS_0061
LIM_TS_01,LOC_TS_0060
LIM_TS_01,LOC_TS_0059
LIM_TS_01,LOC_TS_0058
LIM_TS_01,LOC_TS_0057
LIM_TS_01,LOC_TS_0056
LIM_TS_01,LOC_TS_0055
LIM_TS_01,LOC_TS_0054
LIM_TS_01,LOC_TS_0053
LIM_TS_01,LOC_TS_0052
LIM_TS_01,LOC_TS_0051
LIM_TS_01,LOC_TS_0050
LIM_TS_01,LOC_TS_0049
LIM_TS_01,LOC_TS_0048
LIM_TS_01,LOC_TS_0047
LIM_TS_01,LOC_TS_0046
LIM_TS_01,LOC_TS_0045
LIM_TS_01,LOC_TS_0044
LIM_TS_01,LOC_TS_0043
LIM_TS_01,LOC_TS_0042
LIM_TS_01,LOC_TS_0041
LIM_TS_01,LOC_TS_0040
LIM_TS_01,LOC_TS_0039
LIM_TS_01,LOC_TS_0038
LIM_TS_01,LOC_TS_0037
LIM_TS_01,LOC_TS_0036
LIM_TS_01,LOC_TS_0035
LIM_TS_01,LOC_TS_0034
LIM_TS_01,LOC_TS_0033
LIM_TS_01,LOC_TS_0032
LIM_TS_01,LOC_TS_0031
LIM_TS_01,LOC_TS_0030
LIM_TS_01,LOC_TS_0029
LIM_TS_01,LOC_TS_0028
LIM_TS_01,LOC_TS_0027
LIM_TS_01,LOC_TS_0026
LIM_TS_01,LOC_TS_0025
LIM_TS_01,LOC_TS_0024
LIM_TS_01,LOC_TS_0023
LIM_TS_01,LOC_TS_0022
LIM_TS_01,LOC_TS_0021
LIM_TS_01,LOC_TS_0020
LIM_TS_01,LOC_TS_0019
LIM_TS_01,LOC_TS_0018
LIM_TS_01,LOC_TS_0017
LIM_TS_01,LOC_TS_0016
LIM_TS_01,LOC_TS_0015
LIM_TS_01,LOC_TS_0014
LIM_TS_01,LOC_TS_0013
LIM_TS_01,LOC_TS_0012
LIM_TS_01,LOC_TS_0011
LIM_TS_01,LOC_TS_0010
LIM_TS_01,LOC_TS_0009
LIM_TS_01,LOC_TS_0008
LIM_TS_01,LOC_TS_0007
LIM_TS_01,LOC_TS_0006
LIM_TS_01,LOC_TS_0005
LIM_TS_01,LOC_TS_0004
LIM_TS_01,LOC_TS_0003
LIM_TS_01,LOC_TS_0002
LIM_TS_01,LOC_TS_0001
LIM_TS_01,P_B_TS_01_MYS_1970
LIM_TS_01,LOC_TS_2010
LIM_TS_01,LOC_TS_2009
LIM_TS_01,LOC_TS_2008
LIM_TS_01,LOC_TS_2007
LIM_TS_01,LOC_TS_2006
LIM_TS_01,LOC_TS_2005
LIM_TS_01,LOC_TS_2004
LIM_TS_01,LOC_TS_2003
LIM_TS_01,LOC_TS_2002
LIM_TS_01,LOC_TS_2001
LIM_TS_01,LOC_TS_2000
LIM_TS_01,LOC_TS_1999
LIM_TS_01,LOC_TS_1998
LIM_TS_01,LOC_TS_1997
LIM_TS_01,LOC_TS_1996
LIM_TS_01,LOC_TS_1995
LIM_TS_01,LOC_TS_1994
LIM_TS_01,LOC_TS_1993
LIM_TS_01,LOC_TS_1992
LIM_TS_01,LOC_TS_1991
LIM_TS_01,LOC_TS_1990
LIM_TS_01,LOC_TS_1989
LIM_TS_01,LOC_TS_1988
LIM_TS_01,LOC_TS_1987
LIM_TS_01,LOC_TS_1986
LIM_TS_01,LOC_TS_1985
LIM_TS_01,LOC_TS_1984
LIM_TS_01,LOC_TS_1983
LIM_TS_01,LOC_TS_1982
LIM_TS_01,LOC_TS_1981
LIM_TS_01,LOC_TS_1980
LIM_TS_01,LOC_TS_1979
LIM_TS_01,LOC_TS_1978
LIM_TS_01,LOC_TS_1977
LIM_TS_01,LOC_TS_1976
LIM_TS_01,LOC_TS_1975
LIM_TS_01,LOC_TS_1974
LIM_TS_01,LOC_TS_1973
LIM_TS_01,LOC_TS_1972
LIM_TS_01,LOC_TS_1971
LIM_TS_01,LOC_TS_1970
LIM_TS_01,LOC_TS_1969
LIM_TS_01,LOC_TS_1968
LIM_TS_01,LOC_TS_1967
LIM_TS_01,LOC_TS_1966
LIM_TS_01,LOC_TS_1965
LIM_TS_01,LOC_TS_1964
LIM_TS_01,LOC_TS_1963
LIM_TS_01,LOC_TS_1962
LIM_TS_01,LOC_TS_1961
LIM_TS_01,LOC_TS_1960
LIM_TS_01,LOC_TS_1959
LIM_TS_01,LOC_TS_1958
LIM_TS_01,LOC_TS_1957
LIM_TS_01,LOC_TS_1937
LIM_TS_01,LOC_TS_1936
LIM_TS_01,LOC_TS_1935
LIM_TS_01,LOC_TS_1934
LIM_TS_01,LOC_TS_1933
LIM_TS_01,LOC_TS_1932
LIM_TS_01,LOC_TS_1931
LIM_TS_01,LOC_TS_1930
LIM_TS_01,LOC_TS_1929
LIM_TS_01,LOC_TS_1928
LIM_TS_01,LOC_TS_1927
LIM_TS_01,LOC_TS_1926
LIM_TS_01,LOC_TS_1925
LIM_TS_01,LOC_TS_1924
LIM_TS_01,LOC_TS_1923
LIM_TS_01,LOC_TS_1922
LIM_TS_01,LOC_TS_1921
LIM_TS_01,LOC_TS_1920
LIM_TS_01,LOC_TS_1919
LIM_TS_01,LOC_TS_1918
LIM_TS_01,LOC_TS_1917
LIM_TS_01,LOC_TS_1916
LIM_TS_01,LOC_TS_1915
LIM_TS_01,LOC_TS_1914
LIM_TS_01,LOC_TS_1913
LIM_TS_01,LOC_TS_1912
LIM_TS_01,LOC_TS_1911
LIM_TS_01,LOC_TS_1910
LIM_TS_01,LOC_TS_1909
LIM_TS_01,LOC_TS_1908
LIM_TS_01,LOC_TS_1907
LIM_TS_01,LOC_TS_1906
LIM_TS_01,LOC_TS_1905
LIM_TS_01,LOC_TS_1904
LIM_TS_01,LOC_TS_1903
LIM_TS_01,LOC_TS_1902
LIM_TS_01,LOC_TS_1901
LIM_TS_01,LOC_TS_1900
LIM_TS_01,LOC_TS_1899
LIM_TS_01,LOC_TS_1898
LIM_TS_01,LOC_TS_1897
LIM_TS_01,LOC_TS_1896
LIM_TS_01,LOC_TS_1895
LIM_TS_01,LOC_TS_1894
LIM_TS_01,LOC_TS_1893
LIM_TS_01,LOC_TS_1892
LIM_TS_01,LOC_TS_1891
LIM_TS_01,LOC_TS_1890
LIM_TS_01,LOC_TS_1889
LIM_TS_01,LOC_TS_1888
LIM_TS_01,LOC_TS_1887
LIM_TS_01,LOC_TS_1886
LIM_TS_01,LOC_TS_1885
LIM_TS_01,LOC_TS_1884
LIM_TS_01,LOC_TS_1883
LIM_TS_01,LOC_TS_1882
LIM_TS_01,LOC_TS_1881
LIM_TS_01,LOC_TS_1879
LIM_TS_01,LOC_TS_1877
LIM_TS_01,LOC_TS_1876
LIM_TS_01,LOC_TS_1875
LIM_TS_01,LOC_TS_1873
LIM_TS_01,LOC_TS_1870
LIM_TS_01,LOC_TS_1868
LIM_TS_01,LOC_TS_1866
LIM_TS_01,LOC_TS_1864
LIM_TS_01,LOC_TS_1861
LIM_TS_01,LOC_TS_1860
LIM_TS_01,LOC_TS_1859
LIM_TS_01,LOC_TS_1858
LIM_TS_01,LOC_TS_1857
LIM_TS_01,LOC_TS_1856
LIM_TS_01,LOC_TS_1855
LIM_TS_01,LOC_TS_1854
LIM_TS_01,LOC_TS_1853
LIM_TS_01,LOC_TS_1852
LIM_TS_01,LOC_TS_1851
LIM_TS_01,LOC_TS_1850
LIM_TS_01,LOC_TS_1849
LIM_TS_01,LOC_TS_1848
LIM_TS_01,LOC_TS_1847
LIM_TS_01,LOC_TS_1846
LIM_TS_01,LOC_TS_1845
LIM_TS_01,LOC_TS_1844
LIM_TS_01,LOC_TS_1843
LIM_TS_01,LOC_TS_1842
LIM_TS_01,LOC_TS_1841
LIM_TS_01,LOC_TS_1840
LIM_TS_01,LOC_TS_1839
LIM_TS_01,LOC_TS_1838
LIM_TS_01,LOC_TS_1837
LIM_TS_01,LOC_TS_1836
LIM_TS_01,LOC_TS_1835
LIM_TS_01,LOC_TS_1825
LIM_TS_01,LOC_TS_1824
LIM_TS_01,LOC_TS_1823
LIM_TS_01,LOC_TS_1822
LIM_TS_01,LOC_TS_1821
LIM_TS_01,LOC_TS_1820
LIM_TS_01,LOC_TS_1819
LIM_TS_01,LOC_TS_1818
LIM_TS_01,LOC_TS_1817
LIM_TS_01,LOC_TS_1816
LIM_TS_01,LOC_TS_1815
LIM_TS_01,LOC_TS_1814
LIM_TS_01,LOC_TS_1813
LIM_TS_01,LOC_TS_1812
LIM_TS_01,LOC_TS_1811
LIM_TS_01,LOC_TS_1810
LIM_TS_01,LOC_TS_1809
LIM_TS_01,LOC_TS_1808
LIM_TS_01,LOC_TS_1807
LIM_TS_01,LOC_TS_1806
LIM_TS_01,LOC_TS_1805
LIM_TS_01,LOC_TS_1804
LIM_TS_01,LOC_TS_1803
LIM_TS_01,LOC_TS_1794
LIM_TS_01,LOC_TS_1793
LIM_TS_01,LOC_TS_1792
LIM_TS_01,LOC_TS_1791
LIM_TS_01,LOC_TS_1790
LIM_TS_01,LOC_TS_1789
LIM_TS_01,LOC_TS_1788
LIM_TS_01,LOC_TS_1787
LIM_TS_01,LOC_TS_1786
LIM_TS_01,LOC_TS_1785
LIM_TS_01,LOC_TS_1784
LIM_TS_01,LOC_TS_1783
LIM_TS_01,LOC_TS_1782
LIM_TS_01,LOC_TS_1781
LIM_TS_01,LOC_TS_1780
LIM_TS_01,LOC_TS_1779
LIM_TS_01,LOC_TS_1778
LIM_TS_01,LOC_TS_1777
LIM_TS_01,LOC_TS_1776
LIM_TS_01,LOC_TS_1775
LIM_TS_01,LOC_TS_1774
LIM_TS_01,LOC_TS_1773
LIM_TS_01,LOC_TS_1772
LIM_TS_01,LOC_TS_1771
LIM_TS_01,LOC_TS_1770
LIM_TS_01,LOC_TS_1769
LIM_TS_01,LOC_TS_1768
LIM_TS_01,LOC_TS_1767
LIM_TS_01,LOC_TS_1766
LIM_TS_01,LOC_TS_1765
LIM_TS_01,LOC_TS_1764
LIM_TS_01,LOC_TS_1763
LIM_TS_01,LOC_TS_1762
LIM_TS_01,LOC_TS_1761
LIM_TS_01,LOC_TS_1760
LIM_TS_01,LOC_TS_1759
LIM_TS_01,LOC_TS_1758
LIM_TS_01,LOC_TS_1757
LIM_TS_01,LOC_TS_1756
LIM_TS_01,LOC_TS_1755
LIM_TS_01,LOC_TS_1754
LIM_TS_01,LOC_TS_1753
LIM_TS_01,LOC_TS_1752
LIM_TS_01,LOC_TS_1751
LIM_TS_01,LOC_TS_1750
LIM_TS_01,LOC_TS_1749
LIM_TS_01,LOC_TS_1748
LIM_TS_01,LOC_TS_1747
LIM_TS_01,LOC_TS_1746
LIM_TS_01,LOC_TS_1745
LIM_TS_01,LOC_TS_1744
LIM_TS_01,LOC_TS_1743
LIM_TS_01,LOC_TS_1742
LIM_TS_01,LOC_TS_1741
LIM_TS_01,LOC_TS_1740
LIM_TS_01,LOC_TS_1739
LIM_TS_01,LOC_TS_1738
LIM_TS_01,LOC_TS_1737
LIM_TS_01,LOC_TS_1736
LIM_TS_01,LOC_TS_1735
LIM_TS_01,LOC_TS_1734
LIM_TS_01,LOC_TS_1733
LIM_TS_01,LOC_TS_1732
LIM_TS_01,LOC_TS_1731
LIM_TS_01,LOC_TS_1730
LIM_TS_01,LOC_TS_1729
LIM_TS_01,LOC_TS_1728
LIM_TS_01,LOC_TS_1727
LIM_TS_01,LOC_TS_1726
LIM_TS_01,LOC_TS_1725
LIM_TS_01,LOC_TS_1724
LIM_TS_01,LOC_TS_1723
LIM_TS_01,LOC_TS_1722
LIM_TS_01,LOC_TS_1721
LIM_TS_01,LOC_TS_1720
LIM_TS_01,LOC_TS_1719
LIM_TS_01,LOC_TS_1718
LIM_TS_01,LOC_TS_1717
LIM_TS_01,LOC_TS_1716
LIM_TS_01,LOC_TS_1715
LIM_TS_01,LOC_TS_1714
LIM_TS_01,LOC_TS_1713
LIM_TS_01,LOC_TS_1712
LIM_TS_01,LOC_TS_1711
LIM_TS_01,LOC_TS_1695
LIM_TS_01,LOC_TS_1693
LIM_TS_01,LOC_TS_1692
LIM_TS_01,LOC_TS_1690
LIM_TS_01,LOC_TS_1689
LIM_TS_01,LOC_TS_1689
LIM_TS_01,LOC_TS_2474
LIM_TS_01,LOC_TS_2475
LIM_TS_01,LOC_TS_2476
LIM_TS_01,LOC_TS_2477
LIM_TS_01,LOC_TS_2478
LIM_TS_01,LOC_TS_2479
LIM_TS_01,LOC_TS_2480
LIM_TS_01,LOC_TS_2481
LIM_TS_01,LOC_TS_2482
LIM_TS_01,LOC_TS_2483
LIM_TS_01,LOC_TS_2484
LIM_TS_01,LOC_TS_2485
LIM_TS_01,LOC_TS_2486
LIM_TS_01,LOC_TS_2487
LIM_TS_01,LOC_TS_2488
LIM_TS_01,LOC_TS_2489
LIM_TS_01,LOC_TS_2490
LIM_TS_01,LOC_TS_2491
LIM_TS_01,LOC_TS_2492
LIM_TS_01,LOC_TS_2493
LIM_TS_01,LOC_TS_2494
LIM_TS_01,LOC_TS_2495
LIM_TS_01,LOC_TS_2473
LIM_TS_02,P_B_CS_02_PNG_1973
LIM_TS_02,P_B_CS_01_PNG_1973
LIM_TS_02,LOC_TS_0336
LIM_TS_02,LOC_TS_0337
LIM_TS_02,LOC_TS_2497
LIM_TS_02,LOC_TS_2010
LIM_TS_02,LOC_TS_2473
LIM_TS_02,LOC_TS_2496
LIM_TS_03,LOC_TS_1612
LIM_TS_03,LOC_TS_2468
LIM_TS_03,LOC_TS_2469
LIM_TS_03,LOC_TS_2470
LIM_TS_03,LOC_TS_2471
LIM_TS_03,LOC_TS_2472
LIM_TS_03,LOC_TS_1131
LIM_TS_03,LOC_TS_2105
LIM_TS_03,LOC_TS_2106
LIM_TS_03,LOC_TS_2107
LIM_TS_03,LOC_TS_2108
LIM_TS_03,LOC_TS_2109
LIM_TS_03,LOC_TS_2110
LIM_TS_03,LOC_TS_2111
LIM_TS_03,LOC_TS_2112
LIM_TS_03,LOC_TS_2113
LIM_TS_03,LOC_TS_2114
LIM_TS_03,LOC_TS_2115
LIM_TS_03,LOC_TS_2116
LIM_TS_03,LOC_TS_2117
LIM_TS_03,LOC_TS_2118
LIM_TS_03,LOC_TS_2119
LIM_TS_03,LOC_TS_2120
LIM_TS_03,LOC_TS_2121
LIM_TS_03,LOC_TS_2122
LIM_TS_03,LOC_TS_1232
LIM_TS_03,LOC_TS_1279
LIM_TS_03,LOC_TS_2123
LIM_TS_03,LOC_TS_2124
LIM_TS_03,LOC_TS_2125
LIM_TS_03,LOC_TS_2126
LIM_TS_03,LOC_TS_2127
LIM_TS_03,LOC_TS_2128
LIM_TS_03,LOC_TS_2129
LIM_TS_03,LOC_TS_2130
LIM_TS_03,LOC_TS_2131
LIM_TS_03,LOC_TS_2132
LIM_TS_03,LOC_TS_2133
LIM_TS_03,LOC_TS_2134
LIM_TS_03,LOC_TS_2135
LIM_TS_03,LOC_TS_2136
LIM_TS_03,LOC_TS_2137
LIM_TS_03,LOC_TS_2138
LIM_TS_03,LOC_TS_2141
LIM_TS_03,LOC_TS_2142
LIM_TS_03,LOC_TS_2144
LIM_TS_03,LOC_TS_2145
LIM_TS_03,LOC_TS_2146
LIM_TS_03,LOC_TS_2147
LIM_TS_03,LOC_TS_2148
LIM_TS_03,LOC_TS_2149
LIM_TS_03,LOC_TS_2150
LIM_TS_03,LOC_TS_2151
LIM_TS_03,LOC_TS_2152
LIM_TS_03,LOC_TS_2153
LIM_TS_03,LOC_TS_2154
LIM_TS_03,LOC_TS_2167
LIM_TS_03,LOC_TS_2155
LIM_TS_03,LOC_TS_2156
LIM_TS_03,LOC_TS_2157
LIM_TS_03,LOC_TS_2158
LIM_TS_03,LOC_TS_2159
LIM_TS_03,LOC_TS_2160
LIM_TS_03,LOC_TS_2161
LIM_TS_03,LOC_TS_2162
LIM_TS_03,LOC_TS_2163
LIM_TS_03,LOC_TS_2164
LIM_TS_03,LOC_TS_2165
LIM_TS_03,LOC_TS_2166
LIM_TS_03,LOC_TS_2168
LIM_TS_03,LOC_TS_2169
LIM_TS_03,LOC_TS_2170
LIM_TS_03,LOC_TS_2171
LIM_TS_03,LOC_TS_2172
LIM_TS_03,LOC_TS_2173
LIM_TS_03,LOC_TS_2174
LIM_TS_03,LOC_TS_2175
LIM_TS_03,LOC_TS_2176
LIM_TS_03,LOC_TS_2177
LIM_TS_03,LOC_TS_2178
LIM_TS_03,LOC_TS_2179
LIM_TS_03,LOC_TS_2180
LIM_TS_03,LOC_TS_2181
LIM_TS_03,LOC_TS_2182
LIM_TS_03,LOC_TS_2183
LIM_TS_03,LOC_TS_2184
LIM_TS_03,LOC_TS_2185
LIM_TS_03,LOC_TS_2186
LIM_TS_03,LOC_TS_2187
LIM_TS_03,LOC_TS_2188
LIM_TS_03,LOC_TS_2189
LIM_TS_03,LOC_TS_2190
LIM_TS_03,LOC_TS_2191
LIM_TS_03,LOC_TS_2192
LIM_TS_03,LOC_TS_2193
LIM_TS_03,LOC_TS_2194
LIM_TS_03,LOC_TS_2195
LIM_TS_03,LOC_TS_2196
LIM_TS_03,LOC_TS_2197
LIM_TS_03,LOC_TS_2198
LIM_TS_03,LOC_TS_2199
LIM_TS_03,LOC_TS_2200
LIM_TS_03,LOC_TS_2201
LIM_TS_03,LOC_TS_2202
LIM_TS_03,LOC_TS_2203
LIM_TS_03,LOC_TS_2204
LIM_TS_03,LOC_TS_2205
LIM_TS_03,LOC_TS_2206
LIM_TS_03,LOC_TS_2207
LIM_TS_03,LOC_TS_2208
LIM_TS_03,LOC_TS_2209
LIM_TS_03,LOC_TS_2210
LIM_TS_03,LOC_TS_2211
LIM_TS_03,LOC_TS_2212
LIM_TS_03,LOC_TS_2213
LIM_TS_03,LOC_TS_2214
LIM_TS_03,LOC_TS_2215
LIM_TS_03,LOC_TS_2216
LIM_TS_03,LOC_TS_2217
LIM_TS_03,LOC_TS_2218
LIM_TS_03,LOC_TS_2219
LIM_TS_03,LOC_TS_2220
LIM_TS_03,LOC_TS_2221
LIM_TS_03,LOC_TS_2222
LIM_TS_03,LOC_TS_2223
LIM_TS_03,LOC_TS_2224
LIM_TS_03,LOC_TS_2225
LIM_TS_03,LOC_TS_2226
LIM_TS_03,LOC_TS_2227
LIM_TS_03,LOC_TS_2228
LIM_TS_03,LOC_TS_2229
LIM_TS_03,LOC_TS_2230
LIM_TS_03,LOC_TS_2231
LIM_TS_03,LOC_TS_2232
LIM_TS_03,LOC_TS_2233
LIM_TS_03,LOC_TS_2234
LIM_TS_03,LOC_TS_2235
LIM_TS_03,LOC_TS_2236
LIM_TS_03,LOC_TS_2237
LIM_TS_03,LOC_TS_2238
LIM_TS_03,LOC_TS_2239
LIM_TS_03,LOC_TS_2240
LIM_TS_03,LOC_TS_2241
LIM_TS_03,LOC_TS_2242
LIM_TS_03,LOC_TS_2243
LIM_TS_03,LOC_TS_2244
LIM_TS_03,LOC_TS_2245
LIM_TS_03,LOC_TS_2246
LIM_TS_03,LOC_TS_2247
LIM_TS_03,LOC_TS_2248
LIM_TS_03,LOC_TS_2249
LIM_TS_03,LOC_TS_2250
LIM_TS_03,LOC_TS_2251
LIM_TS_03,LOC_TS_2252
LIM_TS_03,LOC_TS_2253
LIM_TS_03,LOC_TS_2254
LIM_TS_03,LOC_TS_2255
LIM_TS_03,LOC_TS_2256
LIM_TS_03,LOC_TS_2257
LIM_TS_03,LOC_TS_2258
LIM_TS_03,LOC_TS_2259
LIM_TS_03,LOC_TS_2260
LIM_TS_03,LOC_TS_2261
LIM_TS_03,LOC_TS_2262
LIM_TS_03,LOC_TS_2263
LIM_TS_03,LOC_TS_2264
LIM_TS_03,LOC_TS_2265
LIM_TS_03,LOC_TS_2266
LIM_TS_03,LOC_TS_2267
LIM_TS_03,LOC_TS_2268
LIM_TS_03,LOC_TS_2269
LIM_TS_03,LOC_TS_2270
LIM_TS_03,LOC_TS_2271
LIM_TS_03,LOC_TS_2272
LIM_TS_03,LOC_TS_2273
LIM_TS_03,LOC_TS_2274
LIM_TS_03,LOC_TS_2275
LIM_TS_03,LOC_TS_2276
LIM_TS_03,LOC_TS_2277
LIM_TS_03,LOC_TS_2278
LIM_TS_03,LOC_TS_2279
LIM_TS_03,LOC_TS_2280
LIM_TS_03,LOC_TS_2281
LIM_TS_03,LOC_TS_2282
LIM_TS_03,LOC_TS_2283
LIM_TS_03,LOC_TS_2284
LIM_TS_03,LOC_TS_2285
LIM_TS_03,LOC_TS_2286
LIM_TS_03,LOC_TS_2287
LIM_TS_03,LOC_TS_2288
LIM_TS_03,LOC_TS_2289
LIM_TS_03,LOC_TS_2290
LIM_TS_03,LOC_TS_2291
LIM_TS_03,LOC_TS_2292
LIM_TS_03,LOC_TS_2293
LIM_TS_03,LOC_TS_2294
LIM_TS_03,LOC_TS_2295
LIM_TS_03,LOC_TS_2296
LIM_TS_03,LOC_TS_2297
LIM_TS_03,LOC_TS_2298
LIM_TS_03,LOC_TS_2299
LIM_TS_03,LOC_TS_2300
LIM_TS_03,LOC_TS_2301
LIM_TS_03,LOC_TS_2302
LIM_TS_03,LOC_TS_2303
LIM_TS_03,LOC_TS_2304
LIM_TS_03,LOC_TS_2305
LIM_TS_03,LOC_TS_2306
LIM_TS_03,LOC_TS_2307
LIM_TS_03,LOC_TS_2308
LIM_TS_03,LOC_TS_2309
LIM_TS_03,LOC_TS_2310
LIM_TS_03,LOC_TS_2311
LIM_TS_03,LOC_TS_2312
LIM_TS_03,LOC_TS_2313
LIM_TS_03,LOC_TS_2314
LIM_TS_03,LOC_TS_2315
LIM_TS_03,LOC_TS_2316
LIM_TS_03,LOC_TS_2317
LIM_TS_03,LOC_TS_2318
LIM_TS_03,LOC_TS_2319
LIM_TS_03,LOC_TS_2320
LIM_TS_03,LOC_TS_2321
LIM_TS_03,LOC_TS_2322
LIM_TS_03,LOC_TS_2323
LIM_TS_03,LOC_TS_2324
LIM_TS_03,LOC_TS_2325
LIM_TS_03,LOC_TS_2326
LIM_TS_03,LOC_TS_2327
LIM_TS_03,LOC_TS_2328
LIM_TS_03,LOC_TS_2329
LIM_TS_03,LOC_TS_2330
LIM_TS_03,LOC_TS_2331
LIM_TS_03,LOC_TS_2332
LIM_TS_03,LOC_TS_2333
LIM_TS_03,LOC_TS_2334
LIM_TS_03,LOC_TS_2335
LIM_TS_03,LOC_TS_2336
LIM_TS_03,LOC_TS_2337
LIM_TS_03,LOC_TS_2338
LIM_TS_03,LOC_TS_2339
LIM_TS_03,LOC_TS_2340
LIM_TS_03,LOC_TS_2341
LIM_TS_03,LOC_TS_2342
LIM_TS_03,LOC_TS_2343
LIM_TS_03,LOC_TS_2344
LIM_TS_03,LOC_TS_2345
LIM_TS_03,LOC_TS_2346
LIM_TS_03,LOC_TS_2347
LIM_TS_03,LOC_TS_2348
LIM_TS_03,LOC_TS_2349
LIM_TS_03,LOC_TS_2350
LIM_TS_03,LOC_TS_2351
LIM_TS_03,LOC_TS_2352
LIM_TS_03,LOC_TS_2353
LIM_TS_03,LOC_TS_2354
LIM_TS_03,LOC_TS_2355
LIM_TS_03,LOC_TS_2356
LIM_TS_03,LOC_TS_2357
LIM_TS_03,LOC_TS_2358
LIM_TS_03,LOC_TS_2359
LIM_TS_03,LOC_TS_2360
LIM_TS_03,LOC_TS_2361
LIM_TS_03,LOC_TS_2362
LIM_TS_03,LOC_TS_2363
LIM_TS_03,LOC_TS_2364
LIM_TS_03,LOC_TS_2365
LIM_TS_03,LOC_TS_2366
LIM_TS_03,LOC_TS_2367
LIM_TS_03,LOC_TS_2368
LIM_TS_03,LOC_TS_2369
LIM_TS_03,LOC_TS_2370
LIM_TS_03,LOC_TS_2371
LIM_TS_03,LOC_TS_2372
LIM_TS_03,LOC_TS_2373
LIM_TS_03,LOC_TS_2374
LIM_TS_03,LOC_TS_2375
LIM_TS_03,LOC_TS_2376
LIM_TS_03,LOC_TS_2377
LIM_TS_03,LOC_TS_2378
LIM_TS_03,LOC_TS_2379
LIM_TS_03,LOC_TS_2380
LIM_TS_03,LOC_TS_2381
LIM_TS_03,LOC_TS_2382
LIM_TS_03,LOC_TS_2383
LIM_TS_03,LOC_TS_2384
LIM_TS_03,LOC_TS_2385
LIM_TS_03,LOC_TS_2386
LIM_TS_03,LOC_TS_2387
LIM_TS_03,LOC_TS_2388
LIM_TS_03,LOC_TS_2389
LIM_TS_03,LOC_TS_2390
LIM_TS_03,LOC_TS_2391
LIM_TS_03,LOC_TS_2392
LIM_TS_03,LOC_TS_2393
LIM_TS_03,LOC_TS_2394
LIM_TS_03,LOC_TS_2395
LIM_TS_03,LOC_TS_2396
LIM_TS_03,LOC_TS_2397
LIM_TS_03,LOC_TS_2398
LIM_TS_03,LOC_TS_2399
LIM_TS_03,LOC_TS_2400
LIM_TS_03,LOC_TS_2401
LIM_TS_03,LOC_TS_2402
LIM_TS_03,LOC_TS_2403
LIM_TS_03,LOC_TS_2404
LIM_TS_03,LOC_TS_2405
LIM_TS_03,LOC_TS_2406
LIM_TS_03,LOC_TS_2407
LIM_TS_03,LOC_TS_2408
LIM_TS_03,LOC_TS_2409
LIM_TS_03,LOC_TS_2410
LIM_TS_03,LOC_TS_2411
LIM_TS_03,LOC_TS_2412
LIM_TS_03,LOC_TS_2413
LIM_TS_03,LOC_TS_2414
LIM_TS_03,LOC_TS_2415
LIM_TS_03,LOC_TS_2416
LIM_TS_03,LOC_TS_2417
LIM_TS_03,LOC_TS_2418
LIM_TS_03,LOC_TS_2419
LIM_TS_03,LOC_TS_2420
LIM_TS_03,LOC_TS_2421
LIM_TS_03,LOC_TS_2422
LIM_TS_03,LOC_TS_2423
LIM_TS_03,LOC_TS_2424
LIM_TS_03,LOC_TS_2425
LIM_TS_03,LOC_TS_2426
LIM_TS_03,LOC_TS_2427
LIM_TS_03,LOC_TS_2428
LIM_TS_03,LOC_TS_2429
LIM_TS_03,LOC_TS_2430
LIM_TS_03,LOC_TS_2431
LIM_TS_03,LOC_TS_2432
LIM_TS_03,LOC_TS_2433
LIM_TS_03,LOC_TS_2434
LIM_TS_03,LOC_TS_2435
LIM_TS_03,LOC_TS_2436
LIM_TS_03,LOC_TS_2437
LIM_TS_03,LOC_TS_2438
LIM_TS_03,LOC_TS_2439
LIM_TS_03,LOC_TS_2440
LIM_TS_03,LOC_TS_2441
LIM_TS_03,LOC_TS_2442
LIM_TS_03,LOC_TS_2443
LIM_TS_03,LOC_TS_2444
LIM_TS_03,LOC_TS_2445
LIM_TS_03,LOC_TS_2446
LIM_TS_03,LOC_TS_2447
LIM_TS_03,LOC_TS_2448
LIM_TS_03,LOC_TS_2449
LIM_TS_03,LOC_TS_2450
LIM_TS_03,LOC_TS_2451
LIM_TS_03,LOC_TS_2452
LIM_TS_03,LOC_TS_2453
LIM_TS_03,LOC_TS_2454
LIM_TS_03,LOC_TS_2455
LIM_TS_03,LOC_TS_2456
LIM_TS_03,LOC_TS_2457
LIM_TS_03,LOC_TS_2458
LIM_TS_03,LOC_TS_2459
LIM_TS_03,LOC_TS_2460
LIM_TS_03,LOC_TS_2461
LIM_TS_03,LOC_TS_2462
LIM_TS_03,LOC_TS_2463
LIM_TS_03,LOC_TS_2464
LIM_TS_03,LOC_TS_2466
LIM_TS_03,LOC_TS_2467
LIM_TS_03,LOC_TS_2465
LIM_TS_03,LOC_TS_2143
LIM_TS_03,LOC_TS_2140
LIM_TS_03,LOC_TS_2139
LIM_TS_03,LOC_TS_1325
LIM_TS_03,P_B_TS_01_MYS_1970
LIM_TS_03,P_B_CS_05_MYS_1969
LIM_TS_03,P_B_TS_02_MYS_1970
LIM_TS_03,P_B_CS_06_MYS_1969
LIM_TS_03,P_B_TS_03_MYS_1970
LIM_TS_03,LOC_TS_2597
LIM_TS_03,LOC_TS_2598
LIM_TS_03,LOC_TS_2599
LIM_TS_03,P_B_CS_07_MYS_1969
LIM_TS_03,P_B_TS_05_MYS_1970
LIM_TS_03,P_B_CS_08_MYS_1969
LIM_TS_03,P_B_TS_04_MYS_1970
LIM_TS_03,P_B_CS_09_MYS_1969
LIM_TS_03,P_B_TS_07_MYS_1970
LIM_TS_03,P_B_CS_10_MYS_1969
LIM_TS_03,P_B_TS_08_MYS_1970
LIM_TS_03,P_B_TS_06_MYS_1970
LIM_TS_03,P_B_TS_03_SGP_2009
LIM_TS_03,P_B_TS_02_SGP_2014
LIM_TS_03,LOC_TS_2596
LIM_TS_03,LOC_TS_2595
LIM_TS_03,LOC_TS_2594
LIM_TS_03,LOC_TS_2593
LIM_TS_03,LOC_TS_2592
LIM_TS_03,LOC_TS_2591
LIM_TS_03,LOC_TS_2590
LIM_TS_03,LOC_TS_2589
LIM_TS_03,LOC_TS_2588
LIM_TS_03,LOC_TS_2587
LIM_TS_03,LOC_TS_2586
LIM_TS_03,LOC_TS_2585
LIM_TS_03,LOC_TS_2584
LIM_TS_03,LOC_TS_2583
LIM_TS_03,LOC_TS_2582
LIM_TS_03,LOC_TS_2581
LIM_TS_03,LOC_TS_2580
LIM_TS_03,LOC_TS_2579
LIM_TS_03,LOC_TS_2578
LIM_TS_03,LOC_TS_2577
LIM_TS_03,LOC_TS_2576
LIM_TS_03,LOC_TS_2575
LIM_TS_03,LOC_TS_2574
LIM_TS_03,LOC_TS_2573
LIM_TS_03,LOC_TS_2572
LIM_TS_03,LOC_TS_2571
LIM_TS_03,LOC_TS_2570
LIM_TS_03,LOC_TS_2569
LIM_TS_03,LOC_TS_2568
LIM_TS_03,LOC_TS_2567
LIM_TS_03,LOC_TS_2566
LIM_TS_03,LOC_TS_2565
LIM_TS_03,LOC_TS_2564
LIM_TS_03,LOC_TS_2544
LIM_TS_03,LOC_TS_2524
LIM_TS_03,LOC_TS_2523
LIM_TS_03,LOC_TS_2522
LIM_TS_03,LOC_TS_2521
LIM_TS_03,LOC_TS_2520
LIM_TS_03,LOC_TS_2519
LIM_TS_03,LOC_TS_2518
LIM_TS_03,LOC_TS_2517
LIM_TS_03,LOC_TS_2516
LIM_TS_03,LOC_TS_2515
LIM_TS_03,LOC_TS_2514
LIM_TS_03,LOC_TS_2513
LIM_TS_03,LOC_TS_2512
LIM_TS_03,LOC_TS_2511
LIM_TS_03,LOC_TS_2510
LIM_TS_03,LOC_TS_2509
LIM_TS_03,LOC_TS_2508
LIM_TS_03,LOC_TS_2507
LIM_TS_03,LOC_TS_2506
LIM_TS_03,LOC_TS_2505
LIM_TS_03,LOC_TS_2504
LIM_TS_03,LOC_TS_2503
LIM_TS_03,LOC_TS_2502
LIM_TS_03,LOC_TS_2501
LIM_TS_03,LOC_TS_2500
LIM_TS_03,LOC_TS_2499
LIM_TS_03,LOC_TS_2498
LIM_TS_03,LOC_TS_2497
LIM_TS_03,LOC_TS_2563
LIM_TS_03,LOC_TS_2562
LIM_TS_03,LOC_TS_2561
LIM_TS_03,LOC_TS_2560
LIM_TS_03,LOC_TS_2559
LIM_TS_03,LOC_TS_2558
LIM_TS_03,LOC_TS_2557
LIM_TS_03,LOC_TS_2556
LIM_TS_03,LOC_TS_2555
LIM_TS_03,LOC_TS_2554
LIM_TS_03,LOC_TS_2553
LIM_TS_03,LOC_TS_2552
LIM_TS_03,LOC_TS_2551
LIM_TS_03,LOC_TS_2550
LIM_TS_03,LOC_TS_2549
LIM_TS_03,LOC_TS_2548
LIM_TS_03,LOC_TS_2547
LIM_TS_03,LOC_TS_2546
LIM_TS_03,LOC_TS_2545
LIM_TS_03,LOC_TS_2543
LIM_TS_03,LOC_TS_2542
LIM_TS_03,LOC_TS_2541
LIM_TS_03,LOC_TS_2540
LIM_TS_03,LOC_TS_2539
LIM_TS_03,LOC_TS_2538
LIM_TS_03,LOC_TS_2537
LIM_TS_03,LOC_TS_2536
LIM_TS_03,LOC_TS_2535
LIM_TS_03,LOC_TS_2534
LIM_TS_03,LOC_TS_2533
LIM_TS_03,LOC_TS_2532
LIM_TS_03,LOC_TS_2531
LIM_TS_03,LOC_TS_2530
LIM_TS_03,LOC_TS_2529
LIM_TS_03,LOC_TS_2528
LIM_TS_03,LOC_TS_2527
LIM_TS_03,LOC_TS_2526
LIM_TS_03,LOC_TS_2525
LIM_TS_06,P_B_TS_06_SGP_1973
LIM_TS_06,P_B_TS_01_SGP_2014
LIM_TS_06,P_B_TS_02_SGP_2014
LIM_TS_05,P_B_TS_03_SGP_2009
LIM_TS_05,P_B_TS_02_SGP_2009
LIM_TS_05,P_B_TS_01_SGP_2009
LIM_TS_05,P_B_TS_01_SGP_1973
LIM_TS_04,P_B_TS_01_SGP_1973
LIM_TS_04,P_B_TS_02_SGP_1973
LIM_TS_04,P_B_TS_03_SGP_1973
LIM_TS_04,P_B_TS_04_SGP_1973
LIM_TS_04,P_B_TS_05_SGP_1973
LIM_TS_04,P_B_TS_06_SGP_1973
LIM_CZ_01,LOC_CZ_1757
LIM_CZ_01,LOC_CZ_1758
LIM_CZ_01,LOC_CZ_1759
LIM_CZ_01,LOC_CZ_1760
LIM_CZ_01,LOC_CZ_1761
LIM_CZ_01,LOC_CZ_1762
LIM_CZ_01,LOC_CZ_1763
LIM_CZ_01,LOC_CZ_1764
LIM_CZ_01,LOC_CZ_1765
LIM_CZ_01,LOC_CZ_1766
LIM_CZ_01,LOC_CZ_1767
LIM_CZ_01,LOC_CZ_1768
LIM_CZ_01,LOC_CZ_1769
LIM_CZ_01,LOC_CZ_1770
LIM_CZ_01,LOC_CZ_1771
LIM_CZ_01,LOC_CZ_1772
LIM_CZ_01,LOC_CZ_1773
LIM_CZ_01,LOC_CZ_1774
LIM_CZ_01,LOC_CZ_1775
LIM_CZ_01,LOC_CZ_1776
LIM_CZ_01,LOC_CZ_1777
LIM_CZ_01,LOC_CZ_1778
LIM_CZ_01,LOC_CZ_1779
LIM_CZ_01,LOC_CZ_1780
LIM_CZ_01,LOC_CZ_1781
LIM_CZ_01,LOC_CZ_1782
LIM_CZ_01,LOC_CZ_1783
LIM_CZ_01,LOC_CZ_1784
LIM_CZ_01,LOC_CZ_1785
LIM_CZ_01,LOC_CZ_1786
LIM_CZ_01,LOC_CZ_1787
LIM_CZ_01,LOC_CZ_1788
LIM_CZ_01,LOC_CZ_1789
LIM_CZ_01,LOC_CZ_1790
LIM_CZ_01,LOC_CZ_1791
LIM_CZ_01,LOC_CZ_1792
LIM_CZ_01,LOC_CZ_1793
LIM_CZ_01,LOC_CZ_1794
LIM_CZ_01,LOC_CZ_1795
LIM_CZ_01,LOC_CZ_1796
LIM_CZ_01,LOC_CZ_1797
LIM_CZ_01,LOC_CZ_1798
LIM_CZ_01,LOC_CZ_1799
LIM_CZ_01,LOC_CZ_1800
LIM_CZ_01,LOC_CZ_1801
LIM_CZ_01,LOC_CZ_1802
LIM_CZ_01,LOC_CZ_1803
LIM_CZ_01,LOC_CZ_1804
LIM_CZ_01,LOC_CZ_1805
LIM_CZ_01,LOC_CZ_1806
LIM_CZ_01,LOC_CZ_1807
LIM_CZ_01,LOC_CZ_1808
LIM_CZ_01,LOC_CZ_1809
LIM_CZ_01,LOC_CZ_1810
LIM_CZ_01,LOC_CZ_1811
LIM_CZ_01,LOC_CZ_1812
LIM_CZ_01,LOC_CZ_1813
LIM_CZ_01,LOC_CZ_1814
LIM_CZ_01,LOC_CZ_1815
LIM_CZ_01,LOC_CZ_1816
LIM_CZ_01,LOC_CZ_1817
LIM_CZ_01,LOC_CZ_1818
LIM_CZ_01,LOC_CZ_1819
LIM_CZ_01,LOC_CZ_1820
LIM_CZ_01,LOC_CZ_1821
LIM_CZ_01,LOC_CZ_1822
LIM_CZ_01,LOC_CZ_1823
LIM_CZ_01,LOC_CZ_1824
LIM_CZ_01,LOC_CZ_1825
LIM_CZ_01,LOC_CZ_1826
LIM_CZ_01,LOC_CZ_1827
LIM_CZ_01,LOC_CZ_1828
LIM_CZ_01,LOC_CZ_1829
LIM_CZ_01,LOC_CZ_1830
LIM_CZ_01,LOC_CZ_1831
LIM_CZ_01,LOC_CZ_1832
LIM_CZ_01,LOC_CZ_1833
LIM_CZ_01,LOC_CZ_1834
LIM_CZ_01,LOC_CZ_1835
LIM_CZ_01,LOC_CZ_1836
LIM_CZ_01,LOC_CZ_1837
LIM_CZ_01,LOC_CZ_1838
LIM_CZ_01,LOC_CZ_1839
LIM_CZ_01,LOC_CZ_1840
LIM_CZ_01,LOC_CZ_1841
LIM_CZ_01,LOC_CZ_1842
LIM_CZ_01,LOC_CZ_1843
LIM_CZ_01,LOC_CZ_1844
LIM_CZ_01,LOC_CZ_1845
LIM_CZ_01,LOC_CZ_1846
LIM_CZ_01,LOC_CZ_1847
LIM_CZ_01,LOC_CZ_1848
LIM_CZ_01,LOC_CZ_1849
LIM_CZ_01,LOC_CZ_1850
LIM_CZ_01,LOC_CZ_1851
LIM_CZ_01,LOC_CZ_1852
LIM_CZ_01,LOC_CZ_1853
LIM_CZ_01,LOC_CZ_1854
LIM_CZ_01,LOC_CZ_1855
LIM_CZ_01,LOC_CZ_1856
LIM_CZ_01,LOC_CZ_1857
LIM_CZ_01,LOC_CZ_1858
LIM_CZ_01,LOC_CZ_1859
LIM_CZ_01,LOC_CZ_1860
LIM_CZ_01,LOC_CZ_1861
LIM_CZ_01,LOC_CZ_1862
LIM_CZ_01,LOC_CZ_1863
LIM_CZ_01,LOC_CZ_1864
LIM_CZ_01,LOC_CZ_1865
LIM_CZ_01,LOC_CZ_1866
LIM_CZ_01,LOC_CZ_1867
LIM_CZ_01,LOC_CZ_1868
LIM_CZ_01,LOC_CZ_1869
LIM_CZ_01,LOC_CZ_1870
LIM_CZ_01,LOC_CZ_1871
LIM_CZ_01,LOC_CZ_1872
LIM_CZ_01,LOC_CZ_1873
LIM_CZ_01,LOC_CZ_1874
LIM_CZ_01,LOC_CZ_1875
LIM_CZ_01,LOC_CZ_1876
LIM_CZ_01,LOC_CZ_1877
LIM_CZ_01,LOC_CZ_1878
LIM_CZ_01,LOC_CZ_1879
LIM_CZ_01,LOC_CZ_1880
LIM_CZ_01,LOC_CZ_1881
LIM_CZ_01,LOC_CZ_1882
LIM_CZ_01,LOC_CZ_1883
LIM_CZ_01,LOC_CZ_1884
LIM_CZ_01,LOC_CZ_1885
LIM_CZ_01,LOC_CZ_1886
LIM_CZ_01,LOC_CZ_1887
LIM_CZ_01,LOC_CZ_1888
LIM_CZ_01,LOC_CZ_1889
LIM_CZ_01,LOC_CZ_1890
LIM_CZ_01,LOC_CZ_1891
LIM_CZ_01,LOC_CZ_1892
LIM_CZ_01,LOC_CZ_1893
LIM_CZ_01,LOC_CZ_1894
LIM_CZ_01,LOC_CZ_1895
LIM_CZ_01,LOC_CZ_1896
LIM_CZ_01,LOC_CZ_1897
LIM_CZ_01,LOC_CZ_1898
LIM_CZ_01,LOC_CZ_1899
LIM_CZ_01,LOC_CZ_1900
LIM_CZ_01,LOC_CZ_1901
LIM_CZ_01,LOC_CZ_1902
LIM_CZ_01,LOC_CZ_1903
LIM_CZ_01,LOC_CZ_1904
LIM_CZ_01,LOC_CZ_1905
LIM_CZ_01,LOC_CZ_1906
LIM_CZ_01,LOC_CZ_1907
LIM_CZ_01,LOC_CZ_1908
LIM_CZ_01,LOC_CZ_1909
LIM_CZ_01,LOC_CZ_1910
LIM_CZ_01,LOC_CZ_1911
LIM_CZ_01,LOC_CZ_1912
LIM_CZ_01,LOC_CZ_1913
LIM_CZ_01,LOC_CZ_1914
LIM_CZ_01,LOC_CZ_1915
LIM_CZ_01,LOC_CZ_1916
LIM_CZ_01,LOC_CZ_1917
LIM_CZ_01,LOC_CZ_1918
LIM_CZ_01,LOC_CZ_1919
LIM_CZ_01,LOC_CZ_1920
LIM_CZ_01,LOC_CZ_1921
LIM_CZ_01,LOC_CZ_1922
LIM_CZ_01,LOC_CZ_1923
LIM_CZ_01,LOC_CZ_1924
LIM_CZ_01,LOC_CZ_1925
LIM_CZ_01,LOC_CZ_1926
LIM_CZ_01,LOC_CZ_1927
LIM_CZ_01,LOC_CZ_1928
LIM_CZ_01,LOC_CZ_1929
LIM_CZ_01,LOC_CZ_1930
LIM_CZ_01,LOC_CZ_1931
LIM_CZ_01,LOC_CZ_1932
LIM_CZ_01,LOC_CZ_1933
LIM_CZ_01,LOC_CZ_1934
LIM_CZ_01,LOC_CZ_1935
LIM_CZ_01,LOC_CZ_1936
LIM_CZ_01,LOC_CZ_1937
LIM_CZ_01,LOC_CZ_1938
LIM_CZ_01,LOC_CZ_1939
LIM_CZ_01,LOC_CZ_1940
LIM_CZ_01,LOC_CZ_1941
LIM_CZ_01,LOC_CZ_1942
LIM_CZ_01,LOC_CZ_1943
LIM_CZ_01,LOC_CZ_1944
LIM_CZ_01,LOC_CZ_1945
LIM_CZ_01,LOC_CZ_1946
LIM_CZ_01,LOC_CZ_1947
LIM_CZ_01,LOC_CZ_3971
LIM_CZ_01,LOC_CZ_0935
LIM_CZ_01,LOC_CZ_0936
LIM_CZ_01,LOC_CZ_0937
LIM_CZ_01,LOC_CZ_0938
LIM_CZ_01,LOC_CZ_0939
LIM_CZ_01,LOC_CZ_0940
LIM_CZ_01,LOC_CZ_0941
LIM_CZ_01,LOC_CZ_0942
LIM_CZ_01,LOC_CZ_0943
LIM_CZ_01,LOC_CZ_0944
LIM_CZ_01,LOC_CZ_0945
LIM_CZ_01,LOC_CZ_0946
LIM_CZ_01,LOC_CZ_0947
LIM_CZ_01,LOC_CZ_0948
LIM_CZ_01,LOC_CZ_0949
LIM_CZ_01,LOC_CZ_0950
LIM_CZ_01,LOC_CZ_0951
LIM_CZ_01,LOC_CZ_0952
LIM_CZ_01,LOC_CZ_0953
LIM_CZ_01,LOC_CZ_0954
LIM_CZ_01,LOC_CZ_0955
LIM_CZ_01,LOC_CZ_0956
LIM_CZ_01,LOC_CZ_0957
LIM_CZ_01,LOC_CZ_0958
LIM_CZ_01,LOC_CZ_0959
LIM_CZ_01,LOC_CZ_0960
LIM_CZ_01,LOC_CZ_0961
LIM_CZ_01,LOC_CZ_0962
LIM_CZ_01,LOC_CZ_0963
LIM_CZ_01,LOC_CZ_0964
LIM_CZ_01,LOC_CZ_0965
LIM_CZ_01,LOC_CZ_0966
LIM_CZ_01,LOC_CZ_0967
LIM_CZ_01,LOC_CZ_0968
LIM_CZ_01,LOC_CZ_0969
LIM_CZ_01,LOC_CZ_0970
LIM_CZ_01,LOC_CZ_0971
LIM_CZ_01,LOC_CZ_0972
LIM_CZ_01,LOC_CZ_0973
LIM_CZ_01,LOC_CZ_0974
LIM_CZ_01,LOC_CZ_0975
LIM_CZ_01,LOC_CZ_0976
LIM_CZ_01,LOC_CZ_0977
LIM_CZ_01,LOC_CZ_0978
LIM_CZ_01,LOC_CZ_0979
LIM_CZ_01,LOC_CZ_0980
LIM_CZ_01,LOC_CZ_0981
LIM_CZ_01,LOC_CZ_0982
LIM_CZ_01,LOC_CZ_0983
LIM_CZ_01,LOC_CZ_0984
LIM_CZ_01,LOC_CZ_0985
LIM_CZ_01,LOC_CZ_0986
LIM_CZ_01,LOC_CZ_0987
LIM_CZ_01,LOC_CZ_0988
LIM_CZ_01,LOC_CZ_0989
LIM_CZ_01,LOC_CZ_0990
LIM_CZ_01,LOC_CZ_0991
LIM_CZ_01,LOC_CZ_0992
LIM_CZ_01,LOC_CZ_0993
LIM_CZ_01,LOC_CZ_0994
LIM_CZ_01,LOC_CZ_0995
LIM_CZ_01,LOC_CZ_0996
LIM_CZ_01,LOC_CZ_0997
LIM_CZ_01,LOC_CZ_0998
LIM_CZ_01,LOC_CZ_0999
LIM_CZ_01,LOC_CZ_1000
LIM_CZ_01,LOC_CZ_1001
LIM_CZ_01,LOC_CZ_1002
LIM_CZ_01,LOC_CZ_1003
LIM_CZ_01,LOC_CZ_1004
LIM_CZ_01,LOC_CZ_1005
LIM_CZ_01,LOC_CZ_1006
LIM_CZ_01,LOC_CZ_1007
LIM_CZ_01,LOC_CZ_1008
LIM_CZ_01,LOC_CZ_1009
LIM_CZ_01,LOC_CZ_1010
LIM_CZ_01,LOC_CZ_1011
LIM_CZ_01,LOC_CZ_1012
LIM_CZ_01,LOC_CZ_1013
LIM_CZ_01,LOC_CZ_1014
LIM_CZ_01,LOC_CZ_1015
LIM_CZ_01,LOC_CZ_1016
LIM_CZ_01,LOC_CZ_1017
LIM_CZ_01,LOC_CZ_1018
LIM_CZ_01,LOC_CZ_1019
LIM_CZ_01,LOC_CZ_1020
LIM_CZ_01,LOC_CZ_1021
LIM_CZ_01,LOC_CZ_1022
LIM_CZ_01,LOC_CZ_1023
LIM_CZ_01,LOC_CZ_1024
LIM_CZ_01,LOC_CZ_1025
LIM_CZ_01,LOC_CZ_1026
LIM_CZ_01,LOC_CZ_1027
LIM_CZ_01,LOC_CZ_1028
LIM_CZ_01,LOC_CZ_1029
LIM_CZ_01,LOC_CZ_1030
LIM_CZ_01,LOC_CZ_1031
LIM_CZ_01,LOC_CZ_1032
LIM_CZ_01,LOC_CZ_1033
LIM_CZ_01,LOC_CZ_1034
LIM_CZ_01,LOC_CZ_1035
LIM_CZ_01,LOC_CZ_1036
LIM_CZ_01,LOC_CZ_1037
LIM_CZ_01,LOC_CZ_1038
LIM_CZ_01,LOC_CZ_1039
LIM_CZ_01,LOC_CZ_1040
LIM_CZ_01,LOC_CZ_1041
LIM_CZ_01,LOC_CZ_1042
LIM_CZ_01,LOC_CZ_1043
LIM_CZ_01,LOC_CZ_1044
LIM_CZ_01,LOC_CZ_1045
LIM_CZ_01,LOC_CZ_1046
LIM_CZ_01,LOC_CZ_1047
LIM_CZ_01,LOC_CZ_1048
LIM_CZ_01,LOC_CZ_1049
LIM_CZ_01,LOC_CZ_1050
LIM_CZ_01,LOC_CZ_1051
LIM_CZ_01,LOC_CZ_1052
LIM_CZ_01,LOC_CZ_1053
LIM_CZ_01,LOC_CZ_1054
LIM_CZ_01,LOC_CZ_1055
LIM_CZ_01,LOC_CZ_1056
LIM_CZ_01,LOC_CZ_1057
LIM_CZ_01,LOC_CZ_1058
LIM_CZ_01,LOC_CZ_1059
LIM_CZ_01,LOC_CZ_1060
LIM_CZ_01,LOC_CZ_1061
LIM_CZ_01,LOC_CZ_1062
LIM_CZ_01,LOC_CZ_1063
LIM_CZ_01,LOC_CZ_1064
LIM_CZ_01,LOC_CZ_1065
LIM_CZ_01,LOC_CZ_1066
LIM_CZ_01,LOC_CZ_1067
LIM_CZ_01,LOC_CZ_1068
LIM_CZ_01,LOC_CZ_1069
LIM_CZ_01,LOC_CZ_1070
LIM_CZ_01,LOC_CZ_1071
LIM_CZ_01,LOC_CZ_1072
LIM_CZ_01,LOC_CZ_1073
LIM_CZ_01,LOC_CZ_1074
LIM_CZ_01,LOC_CZ_1075
LIM_CZ_01,LOC_CZ_1076
LIM_CZ_01,LOC_CZ_1077
LIM_CZ_01,LOC_CZ_1078
LIM_CZ_01,LOC_CZ_1079
LIM_CZ_01,LOC_CZ_1080
LIM_CZ_01,LOC_CZ_1081
LIM_CZ_01,LOC_CZ_1082
LIM_CZ_01,LOC_CZ_1083
LIM_CZ_01,LOC_CZ_1084
LIM_CZ_01,LOC_CZ_1085
LIM_CZ_01,LOC_CZ_1086
LIM_CZ_01,LOC_CZ_1087
LIM_CZ_01,LOC_CZ_1088
LIM_CZ_01,LOC_CZ_1089
LIM_CZ_01,LOC_CZ_1090
LIM_CZ_01,LOC_CZ_1091
LIM_CZ_01,LOC_CZ_1092
LIM_CZ_01,LOC_CZ_1093
LIM_CZ_01,LOC_CZ_1094
LIM_CZ_01,LOC_CZ_1095
LIM_CZ_01,LOC_CZ_1096
LIM_CZ_01,LOC_CZ_1097
LIM_CZ_01,LOC_CZ_1098
LIM_CZ_01,LOC_CZ_1099
LIM_CZ_01,LOC_CZ_1100
LIM_CZ_01,LOC_CZ_1101
LIM_CZ_01,LOC_CZ_1102
LIM_CZ_01,LOC_CZ_1103
LIM_CZ_01,LOC_CZ_1104
LIM_CZ_01,LOC_CZ_1105
LIM_CZ_01,LOC_CZ_1106
LIM_CZ_01,LOC_CZ_1107
LIM_CZ_01,LOC_CZ_1108
LIM_CZ_01,LOC_CZ_1109
LIM_CZ_01,LOC_CZ_1110
LIM_CZ_01,LOC_CZ_1111
LIM_CZ_01,LOC_CZ_1112
LIM_CZ_01,LOC_CZ_1113
LIM_CZ_01,LOC_CZ_1114
LIM_CZ_01,LOC_CZ_1115
LIM_CZ_01,LOC_CZ_1116
LIM_CZ_01,LOC_CZ_1117
LIM_CZ_01,LOC_CZ_1118
LIM_CZ_01,LOC_CZ_1119
LIM_CZ_01,LOC_CZ_1120
LIM_CZ_01,LOC_CZ_1121
LIM_CZ_01,LOC_CZ_1122
LIM_CZ_01,LOC_CZ_1123
LIM_CZ_01,LOC_CZ_1124
LIM_CZ_01,LOC_CZ_1125
LIM_CZ_01,LOC_CZ_1126
LIM_CZ_01,LOC_CZ_1127
LIM_CZ_01,LOC_CZ_1128
LIM_CZ_01,LOC_CZ_1129
LIM_CZ_01,LOC_CZ_1130
LIM_CZ_01,LOC_CZ_1131
LIM_CZ_01,LOC_CZ_1132
LIM_CZ_01,LOC_CZ_1133
LIM_CZ_01,LOC_CZ_1134
LIM_CZ_01,LOC_CZ_1135
LIM_CZ_01,LOC_CZ_1136
LIM_CZ_01,LOC_CZ_1137
LIM_CZ_01,LOC_CZ_1138
LIM_CZ_01,LOC_CZ_1139
LIM_CZ_01,LOC_CZ_1140
LIM_CZ_01,LOC_CZ_1141
LIM_CZ_01,LOC_CZ_1142
LIM_CZ_01,LOC_CZ_1143
LIM_CZ_01,LOC_CZ_1144
LIM_CZ_01,LOC_CZ_1145
LIM_CZ_01,LOC_CZ_1146
LIM_CZ_01,LOC_CZ_1147
LIM_CZ_01,LOC_CZ_1148
LIM_CZ_01,LOC_CZ_1149
LIM_CZ_01,LOC_CZ_1150
LIM_CZ_01,LOC_CZ_1151
LIM_CZ_01,LOC_CZ_1152
LIM_CZ_01,LOC_CZ_1153
LIM_CZ_01,LOC_CZ_1154
LIM_CZ_01,LOC_CZ_1155
LIM_CZ_01,LOC_CZ_1156
LIM_CZ_01,LOC_CZ_1157
LIM_CZ_01,LOC_CZ_1158
LIM_CZ_01,LOC_CZ_1159
LIM_CZ_01,LOC_CZ_1160
LIM_CZ_01,LOC_CZ_1161
LIM_CZ_01,LOC_CZ_1162
LIM_CZ_01,LOC_CZ_1163
LIM_CZ_01,LOC_CZ_1164
LIM_CZ_01,LOC_CZ_1165
LIM_CZ_01,LOC_CZ_1166
LIM_CZ_01,LOC_CZ_1167
LIM_CZ_01,LOC_CZ_1168
LIM_CZ_01,LOC_CZ_1169
LIM_CZ_01,LOC_CZ_1170
LIM_CZ_01,LOC_CZ_1171
LIM_CZ_01,LOC_CZ_1172
LIM_CZ_01,LOC_CZ_1173
LIM_CZ_01,LOC_CZ_1174
LIM_CZ_01,LOC_CZ_1175
LIM_CZ_01,LOC_CZ_1176
LIM_CZ_01,LOC_CZ_1177
LIM_CZ_01,LOC_CZ_1178
LIM_CZ_01,LOC_CZ_1179
LIM_CZ_01,LOC_CZ_1180
LIM_CZ_01,LOC_CZ_1181
LIM_CZ_01,LOC_CZ_1182
LIM_CZ_01,LOC_CZ_1183
LIM_CZ_01,LOC_CZ_1184
LIM_CZ_01,LOC_CZ_1185
LIM_CZ_01,LOC_CZ_1186
LIM_CZ_01,LOC_CZ_1187
LIM_CZ_01,LOC_CZ_1188
LIM_CZ_01,LOC_CZ_1189
LIM_CZ_01,LOC_CZ_1190
LIM_CZ_01,LOC_CZ_1191
LIM_CZ_01,LOC_CZ_1192
LIM_CZ_01,LOC_CZ_1193
LIM_CZ_01,LOC_CZ_1194
LIM_CZ_01,LOC_CZ_1195
LIM_CZ_01,LOC_CZ_1196
LIM_CZ_01,LOC_CZ_1197
LIM_CZ_01,LOC_CZ_1198
LIM_CZ_01,LOC_CZ_1199
LIM_CZ_01,LOC_CZ_1200
LIM_CZ_01,LOC_CZ_1201
LIM_CZ_01,LOC_CZ_1202
LIM_CZ_01,LOC_CZ_1203
LIM_CZ_01,LOC_CZ_1204
LIM_CZ_01,LOC_CZ_1205
LIM_CZ_01,LOC_CZ_1206
LIM_CZ_01,LOC_CZ_1207
LIM_CZ_01,LOC_CZ_1208
LIM_CZ_01,LOC_CZ_1209
LIM_CZ_01,LOC_CZ_1210
LIM_CZ_01,LOC_CZ_1211
LIM_CZ_01,LOC_CZ_1212
LIM_CZ_01,LOC_CZ_1213
LIM_CZ_01,LOC_CZ_1214
LIM_CZ_01,LOC_CZ_1215
LIM_CZ_01,LOC_CZ_1216
LIM_CZ_01,LOC_CZ_1217
LIM_CZ_01,LOC_CZ_1218
LIM_CZ_01,LOC_CZ_1219
LIM_CZ_01,LOC_CZ_1220
LIM_CZ_01,LOC_CZ_1221
LIM_CZ_01,LOC_CZ_1222
LIM_CZ_01,LOC_CZ_1223
LIM_CZ_01,LOC_CZ_1224
LIM_CZ_01,LOC_CZ_1225
LIM_CZ_01,LOC_CZ_1226
LIM_CZ_01,LOC_CZ_1227
LIM_CZ_01,LOC_CZ_1228
LIM_CZ_01,LOC_CZ_1229
LIM_CZ_01,LOC_CZ_1230
LIM_CZ_01,LOC_CZ_1231
LIM_CZ_01,LOC_CZ_1232
LIM_CZ_01,LOC_CZ_1233
LIM_CZ_01,LOC_CZ_1234
LIM_CZ_01,LOC_CZ_1235
LIM_CZ_01,LOC_CZ_1236
LIM_CZ_01,LOC_CZ_1237
LIM_CZ_01,LOC_CZ_1238
LIM_CZ_01,LOC_CZ_1239
LIM_CZ_01,LOC_CZ_1240
LIM_CZ_01,LOC_CZ_1241
LIM_CZ_01,LOC_CZ_1242
LIM_CZ_01,LOC_CZ_1243
LIM_CZ_01,LOC_CZ_1244
LIM_CZ_01,LOC_CZ_1245
LIM_CZ_01,LOC_CZ_1246
LIM_CZ_01,LOC_CZ_1247
LIM_CZ_01,LOC_CZ_1248
LIM_CZ_01,LOC_CZ_1249
LIM_CZ_01,LOC_CZ_1250
LIM_CZ_01,LOC_CZ_1251
LIM_CZ_01,LOC_CZ_1252
LIM_CZ_01,LOC_CZ_1253
LIM_CZ_01,LOC_CZ_1254
LIM_CZ_01,LOC_CZ_1255
LIM_CZ_01,LOC_CZ_1256
LIM_CZ_01,LOC_CZ_1257
LIM_CZ_01,LOC_CZ_1258
LIM_CZ_01,LOC_CZ_1259
LIM_CZ_01,LOC_CZ_1260
LIM_CZ_01,LOC_CZ_1261
LIM_CZ_01,LOC_CZ_1262
LIM_CZ_01,LOC_CZ_1263
LIM_CZ_01,LOC_CZ_1264
LIM_CZ_01,LOC_CZ_1265
LIM_CZ_01,LOC_CZ_1266
LIM_CZ_01,LOC_CZ_1267
LIM_CZ_01,LOC_CZ_1268
LIM_CZ_01,LOC_CZ_1269
LIM_CZ_01,LOC_CZ_1270
LIM_CZ_01,LOC_CZ_1271
LIM_CZ_01,LOC_CZ_1272
LIM_CZ_01,LOC_CZ_1273
LIM_CZ_01,LOC_CZ_1274
LIM_CZ_01,LOC_CZ_1275
LIM_CZ_01,LOC_CZ_1276
LIM_CZ_01,LOC_CZ_1277
LIM_CZ_01,LOC_CZ_1278
LIM_CZ_01,LOC_CZ_1279
LIM_CZ_01,LOC_CZ_1280
LIM_CZ_01,LOC_CZ_1281
LIM_CZ_01,LOC_CZ_1282
LIM_CZ_01,LOC_CZ_1283
LIM_CZ_01,LOC_CZ_1284
LIM_CZ_01,LOC_CZ_1285
LIM_CZ_01,LOC_CZ_1286
LIM_CZ_01,LOC_CZ_1287
LIM_CZ_01,LOC_CZ_1288
LIM_CZ_01,LOC_CZ_1289
LIM_CZ_01,LOC_CZ_1290
LIM_CZ_01,LOC_CZ_1291
LIM_CZ_01,LOC_CZ_1292
LIM_CZ_01,LOC_CZ_1293
LIM_CZ_01,LOC_CZ_1294
LIM_CZ_01,LOC_CZ_1295
LIM_CZ_01,LOC_CZ_1296
LIM_CZ_01,LOC_CZ_1297
LIM_CZ_01,LOC_CZ_1298
LIM_CZ_01,LOC_CZ_1299
LIM_CZ_01,LOC_CZ_1300
LIM_CZ_01,LOC_CZ_1301
LIM_CZ_01,LOC_CZ_1302
LIM_CZ_01,LOC_CZ_1303
LIM_CZ_01,LOC_CZ_1304
LIM_CZ_01,LOC_CZ_1305
LIM_CZ_01,LOC_CZ_1306
LIM_CZ_01,LOC_CZ_1307
LIM_CZ_01,LOC_CZ_1308
LIM_CZ_01,LOC_CZ_1309
LIM_CZ_01,LOC_CZ_1310
LIM_CZ_01,LOC_CZ_1311
LIM_CZ_01,LOC_CZ_1312
LIM_CZ_01,LOC_CZ_1313
LIM_CZ_01,LOC_CZ_1314
LIM_CZ_01,LOC_CZ_1315
LIM_CZ_01,LOC_CZ_1316
LIM_CZ_01,LOC_CZ_1317
LIM_CZ_01,LOC_CZ_1318
LIM_CZ_01,LOC_CZ_1319
LIM_CZ_01,LOC_CZ_1320
LIM_CZ_01,LOC_CZ_1321
LIM_CZ_01,LOC_CZ_1322
LIM_CZ_01,LOC_CZ_1323
LIM_CZ_01,LOC_CZ_1324
LIM_CZ_01,LOC_CZ_1325
LIM_CZ_01,LOC_CZ_1326
LIM_CZ_01,LOC_CZ_1327
LIM_CZ_01,LOC_CZ_1328
LIM_CZ_01,LOC_CZ_1329
LIM_CZ_01,LOC_CZ_1330
LIM_CZ_01,LOC_CZ_1331
LIM_CZ_01,LOC_CZ_1332
LIM_CZ_01,LOC_CZ_1333
LIM_CZ_01,LOC_CZ_1334
LIM_CZ_01,LOC_CZ_1335
LIM_CZ_01,LOC_CZ_1336
LIM_CZ_01,LOC_CZ_1337
LIM_CZ_01,LOC_CZ_1338
LIM_CZ_01,LOC_CZ_1339
LIM_CZ_01,LOC_CZ_1340
LIM_CZ_01,LOC_CZ_1341
LIM_CZ_01,LOC_CZ_1342
LIM_CZ_01,LOC_CZ_1343
LIM_CZ_01,LOC_CZ_1344
LIM_CZ_01,LOC_CZ_1345
LIM_CZ_01,LOC_CZ_1346
LIM_CZ_01,LOC_CZ_1347
LIM_CZ_01,LOC_CZ_1348
LIM_CZ_01,LOC_CZ_1349
LIM_CZ_01,LOC_CZ_1350
LIM_CZ_01,LOC_CZ_1351
LIM_CZ_01,LOC_CZ_1352
LIM_CZ_01,LOC_CZ_1353
LIM_CZ_01,LOC_CZ_1354
LIM_CZ_01,LOC_CZ_1355
LIM_CZ_01,LOC_CZ_1356
LIM_CZ_01,LOC_CZ_1357
LIM_CZ_01,LOC_CZ_1358
LIM_CZ_01,LOC_CZ_1359
LIM_CZ_01,LOC_CZ_1360
LIM_CZ_01,LOC_CZ_1361
LIM_CZ_01,LOC_CZ_1362
LIM_CZ_01,LOC_CZ_1363
LIM_CZ_01,LOC_CZ_1364
LIM_CZ_01,LOC_CZ_1365
LIM_CZ_01,LOC_CZ_1366
LIM_CZ_01,LOC_CZ_1367
LIM_CZ_01,LOC_CZ_1368
LIM_CZ_01,LOC_CZ_1369
LIM_CZ_01,LOC_CZ_1370
LIM_CZ_01,LOC_CZ_1371
LIM_CZ_01,LOC_CZ_1372
LIM_CZ_01,LOC_CZ_1373
LIM_CZ_01,LOC_CZ_1374
LIM_CZ_01,LOC_CZ_1375
LIM_CZ_01,LOC_CZ_1376
LIM_CZ_01,LOC_CZ_1377
LIM_CZ_01,LOC_CZ_1378
LIM_CZ_01,LOC_CZ_1379
LIM_CZ_01,LOC_CZ_1380
LIM_CZ_01,LOC_CZ_1381
LIM_CZ_01,LOC_CZ_1382
LIM_CZ_01,LOC_CZ_1383
LIM_CZ_01,LOC_CZ_1384
LIM_CZ_01,LOC_CZ_1385
LIM_CZ_01,LOC_CZ_1386
LIM_CZ_01,LOC_CZ_1387
LIM_CZ_01,LOC_CZ_1388
LIM_CZ_01,LOC_CZ_1389
LIM_CZ_01,LOC_CZ_1390
LIM_CZ_01,LOC_CZ_1391
LIM_CZ_01,LOC_CZ_1392
LIM_CZ_01,LOC_CZ_1393
LIM_CZ_01,LOC_CZ_1394
LIM_CZ_01,LOC_CZ_1395
LIM_CZ_01,LOC_CZ_1396
LIM_CZ_01,LOC_CZ_1397
LIM_CZ_01,LOC_CZ_1398
LIM_CZ_01,LOC_CZ_1399
LIM_CZ_01,LOC_CZ_1400
LIM_CZ_01,LOC_CZ_1401
LIM_CZ_01,LOC_CZ_1402
LIM_CZ_01,LOC_CZ_1403
LIM_CZ_01,LOC_CZ_1404
LIM_CZ_01,LOC_CZ_1405
LIM_CZ_01,LOC_CZ_1406
LIM_CZ_01,LOC_CZ_1407
LIM_CZ_01,LOC_CZ_1408
LIM_CZ_01,LOC_CZ_1409
LIM_CZ_01,LOC_CZ_1410
LIM_CZ_01,LOC_CZ_1411
LIM_CZ_01,LOC_CZ_1412
LIM_CZ_01,LOC_CZ_1413
LIM_CZ_01,LOC_CZ_1414
LIM_CZ_01,LOC_CZ_1415
LIM_CZ_01,LOC_CZ_1416
LIM_CZ_01,LOC_CZ_1417
LIM_CZ_01,LOC_CZ_1418
LIM_CZ_01,LOC_CZ_1419
LIM_CZ_01,LOC_CZ_1420
LIM_CZ_01,LOC_CZ_1421
LIM_CZ_01,LOC_CZ_1422
LIM_CZ_01,LOC_CZ_1423
LIM_CZ_01,LOC_CZ_1424
LIM_CZ_01,LOC_CZ_1425
LIM_CZ_01,LOC_CZ_1426
LIM_CZ_01,LOC_CZ_1427
LIM_CZ_01,LOC_CZ_1428
LIM_CZ_01,LOC_CZ_1429
LIM_CZ_01,LOC_CZ_1430
LIM_CZ_01,LOC_CZ_1431
LIM_CZ_01,LOC_CZ_1432
LIM_CZ_01,LOC_CZ_1433
LIM_CZ_01,LOC_CZ_1434
LIM_CZ_01,LOC_CZ_1435
LIM_CZ_01,LOC_CZ_1436
LIM_CZ_01,LOC_CZ_1437
LIM_CZ_01,LOC_CZ_1438
LIM_CZ_01,LOC_CZ_1439
LIM_CZ_01,LOC_CZ_1440
LIM_CZ_01,LOC_CZ_1441
LIM_CZ_01,LOC_CZ_1442
LIM_CZ_01,LOC_CZ_1443
LIM_CZ_01,LOC_CZ_1444
LIM_CZ_01,LOC_CZ_1445
LIM_CZ_01,LOC_CZ_1446
LIM_CZ_01,LOC_CZ_1447
LIM_CZ_01,LOC_CZ_1448
LIM_CZ_01,LOC_CZ_1449
LIM_CZ_01,LOC_CZ_1450
LIM_CZ_01,LOC_CZ_1451
LIM_CZ_01,LOC_CZ_1452
LIM_CZ_01,LOC_CZ_1453
LIM_CZ_01,LOC_CZ_1454
LIM_CZ_01,LOC_CZ_1455
LIM_CZ_01,LOC_CZ_1456
LIM_CZ_01,LOC_CZ_1457
LIM_CZ_01,LOC_CZ_1458
LIM_CZ_01,LOC_CZ_1459
LIM_CZ_01,LOC_CZ_1460
LIM_CZ_01,LOC_CZ_1461
LIM_CZ_01,LOC_CZ_1462
LIM_CZ_01,LOC_CZ_1463
LIM_CZ_01,LOC_CZ_1464
LIM_CZ_01,LOC_CZ_1465
LIM_CZ_01,LOC_CZ_1466
LIM_CZ_01,LOC_CZ_1467
LIM_CZ_01,LOC_CZ_1468
LIM_CZ_01,LOC_CZ_1469
LIM_CZ_01,LOC_CZ_1470
LIM_CZ_01,LOC_CZ_1471
LIM_CZ_01,LOC_CZ_1472
LIM_CZ_01,LOC_CZ_1473
LIM_CZ_01,LOC_CZ_1474
LIM_CZ_01,LOC_CZ_1475
LIM_CZ_01,LOC_CZ_1476
LIM_CZ_01,LOC_CZ_1477
LIM_CZ_01,LOC_CZ_1478
LIM_CZ_01,LOC_CZ_1479
LIM_CZ_01,LOC_CZ_1480
LIM_CZ_01,LOC_CZ_1481
LIM_CZ_01,LOC_CZ_1482
LIM_CZ_01,LOC_CZ_1483
LIM_CZ_01,LOC_CZ_1484
LIM_CZ_01,LOC_CZ_1485
LIM_CZ_01,LOC_CZ_1486
LIM_CZ_01,LOC_CZ_1487
LIM_CZ_01,LOC_CZ_1488
LIM_CZ_01,LOC_CZ_1489
LIM_CZ_01,LOC_CZ_1490
LIM_CZ_01,LOC_CZ_1491
LIM_CZ_01,LOC_CZ_1492
LIM_CZ_01,LOC_CZ_1493
LIM_CZ_01,LOC_CZ_1494
LIM_CZ_01,LOC_CZ_1495
LIM_CZ_01,LOC_CZ_1496
LIM_CZ_01,LOC_CZ_1497
LIM_CZ_01,LOC_CZ_1498
LIM_CZ_01,LOC_CZ_1499
LIM_CZ_01,LOC_CZ_1500
LIM_CZ_01,LOC_CZ_1501
LIM_CZ_01,LOC_CZ_1502
LIM_CZ_01,LOC_CZ_1503
LIM_CZ_01,LOC_CZ_1504
LIM_CZ_01,LOC_CZ_1505
LIM_CZ_01,LOC_CZ_1506
LIM_CZ_01,LOC_CZ_1507
LIM_CZ_01,LOC_CZ_1508
LIM_CZ_01,LOC_CZ_1509
LIM_CZ_01,LOC_CZ_1510
LIM_CZ_01,LOC_CZ_1511
LIM_CZ_01,LOC_CZ_1512
LIM_CZ_01,LOC_CZ_1513
LIM_CZ_01,LOC_CZ_1514
LIM_CZ_01,LOC_CZ_1515
LIM_CZ_01,LOC_CZ_1516
LIM_CZ_01,LOC_CZ_1517
LIM_CZ_01,LOC_CZ_1518
LIM_CZ_01,LOC_CZ_1519
LIM_CZ_01,LOC_CZ_1520
LIM_CZ_01,LOC_CZ_1521
LIM_CZ_01,LOC_CZ_1522
LIM_CZ_01,LOC_CZ_1523
LIM_CZ_01,LOC_CZ_1524
LIM_CZ_01,LOC_CZ_1525
LIM_CZ_01,LOC_CZ_1526
LIM_CZ_01,LOC_CZ_1527
LIM_CZ_01,LOC_CZ_1528
LIM_CZ_01,LOC_CZ_1529
LIM_CZ_01,LOC_CZ_1530
LIM_CZ_01,LOC_CZ_1531
LIM_CZ_01,LOC_CZ_1532
LIM_CZ_01,LOC_CZ_1533
LIM_CZ_01,LOC_CZ_1534
LIM_CZ_01,LOC_CZ_1535
LIM_CZ_01,LOC_CZ_1536
LIM_CZ_01,LOC_CZ_1537
LIM_CZ_01,LOC_CZ_1538
LIM_CZ_01,LOC_CZ_1539
LIM_CZ_01,LOC_CZ_1540
LIM_CZ_01,LOC_CZ_1541
LIM_CZ_01,LOC_CZ_1542
LIM_CZ_01,LOC_CZ_1543
LIM_CZ_01,LOC_CZ_1544
LIM_CZ_01,LOC_CZ_1545
LIM_CZ_01,LOC_CZ_1546
LIM_CZ_01,LOC_CZ_1547
LIM_CZ_01,LOC_CZ_1548
LIM_CZ_01,LOC_CZ_1549
LIM_CZ_01,LOC_CZ_1550
LIM_CZ_01,LOC_CZ_1551
LIM_CZ_01,LOC_CZ_1552
LIM_CZ_01,LOC_CZ_1553
LIM_CZ_01,LOC_CZ_1554
LIM_CZ_01,LOC_CZ_1555
LIM_CZ_01,LOC_CZ_1556
LIM_CZ_01,LOC_CZ_1557
LIM_CZ_01,LOC_CZ_1558
LIM_CZ_01,LOC_CZ_1559
LIM_CZ_01,LOC_CZ_1560
LIM_CZ_01,LOC_CZ_1561
LIM_CZ_01,LOC_CZ_1562
LIM_CZ_01,LOC_CZ_1563
LIM_CZ_01,LOC_CZ_1564
LIM_CZ_01,LOC_CZ_1565
LIM_CZ_01,LOC_CZ_1566
LIM_CZ_01,LOC_CZ_1567
LIM_CZ_01,LOC_CZ_1568
LIM_CZ_01,LOC_CZ_1569
LIM_CZ_01,LOC_CZ_1570
LIM_CZ_01,LOC_CZ_1571
LIM_CZ_01,LOC_CZ_1572
LIM_CZ_01,LOC_CZ_1573
LIM_CZ_01,LOC_CZ_1574
LIM_CZ_01,LOC_CZ_1575
LIM_CZ_01,LOC_CZ_1576
LIM_CZ_01,LOC_CZ_1577
LIM_CZ_01,LOC_CZ_1578
LIM_CZ_01,LOC_CZ_1579
LIM_CZ_01,LOC_CZ_1580
LIM_CZ_01,LOC_CZ_1581
LIM_CZ_01,LOC_CZ_1582
LIM_CZ_01,LOC_CZ_1583
LIM_CZ_01,LOC_CZ_1584
LIM_CZ_01,LOC_CZ_1585
LIM_CZ_01,LOC_CZ_1586
LIM_CZ_01,LOC_CZ_1587
LIM_CZ_01,LOC_CZ_1588
LIM_CZ_01,LOC_CZ_1589
LIM_CZ_01,LOC_CZ_1590
LIM_CZ_01,LOC_CZ_1591
LIM_CZ_01,LOC_CZ_1592
LIM_CZ_01,LOC_CZ_1593
LIM_CZ_01,LOC_CZ_1594
LIM_CZ_01,LOC_CZ_1595
LIM_CZ_01,LOC_CZ_1596
LIM_CZ_01,LOC_CZ_1597
LIM_CZ_01,LOC_CZ_1598
LIM_CZ_01,LOC_CZ_1599
LIM_CZ_01,LOC_CZ_1600
LIM_CZ_01,LOC_CZ_1601
LIM_CZ_01,LOC_CZ_1602
LIM_CZ_01,LOC_CZ_1603
LIM_CZ_01,LOC_CZ_1604
LIM_CZ_01,LOC_CZ_1605
LIM_CZ_01,LOC_CZ_1606
LIM_CZ_01,LOC_CZ_1607
LIM_CZ_01,LOC_CZ_1608
LIM_CZ_01,LOC_CZ_1609
LIM_CZ_01,LOC_CZ_1610
LIM_CZ_01,LOC_CZ_1611
LIM_CZ_01,LOC_CZ_1612
LIM_CZ_01,LOC_CZ_1613
LIM_CZ_01,LOC_CZ_1614
LIM_CZ_01,LOC_CZ_1615
LIM_CZ_01,LOC_CZ_1616
LIM_CZ_01,LOC_CZ_1617
LIM_CZ_01,LOC_CZ_1618
LIM_CZ_01,LOC_CZ_1619
LIM_CZ_01,LOC_CZ_1620
LIM_CZ_01,LOC_CZ_1621
LIM_CZ_01,LOC_CZ_1622
LIM_CZ_01,LOC_CZ_1623
LIM_CZ_01,LOC_CZ_1624
LIM_CZ_01,LOC_CZ_1625
LIM_CZ_01,LOC_CZ_1626
LIM_CZ_01,LOC_CZ_1627
LIM_CZ_01,LOC_CZ_1628
LIM_CZ_01,LOC_CZ_1629
LIM_CZ_01,LOC_CZ_1630
LIM_CZ_01,LOC_CZ_1631
LIM_CZ_01,LOC_CZ_1632
LIM_CZ_01,LOC_CZ_1633
LIM_CZ_01,LOC_CZ_1634
LIM_CZ_01,LOC_CZ_1635
LIM_CZ_01,LOC_CZ_1636
LIM_CZ_01,LOC_CZ_1637
LIM_CZ_01,LOC_CZ_1638
LIM_CZ_01,LOC_CZ_1639
LIM_CZ_01,LOC_CZ_1640
LIM_CZ_01,LOC_CZ_1641
LIM_CZ_01,LOC_CZ_1642
LIM_CZ_01,LOC_CZ_1643
LIM_CZ_01,LOC_CZ_1644
LIM_CZ_01,LOC_CZ_1645
LIM_CZ_01,LOC_CZ_1646
LIM_CZ_01,LOC_CZ_1647
LIM_CZ_01,LOC_CZ_1648
LIM_CZ_01,LOC_CZ_1649
LIM_CZ_01,LOC_CZ_1650
LIM_CZ_01,LOC_CZ_1651
LIM_CZ_01,LOC_CZ_1652
LIM_CZ_01,LOC_CZ_1653
LIM_CZ_01,LOC_CZ_1654
LIM_CZ_01,LOC_CZ_1655
LIM_CZ_01,LOC_CZ_1656
LIM_CZ_01,LOC_CZ_1657
LIM_CZ_01,LOC_CZ_1658
LIM_CZ_01,LOC_CZ_1659
LIM_CZ_01,LOC_CZ_1660
LIM_CZ_01,LOC_CZ_1661
LIM_CZ_01,LOC_CZ_1662
LIM_CZ_01,LOC_CZ_1663
LIM_CZ_01,LOC_CZ_1664
LIM_CZ_01,LOC_CZ_1665
LIM_CZ_01,LOC_CZ_1666
LIM_CZ_01,LOC_CZ_1667
LIM_CZ_01,LOC_CZ_1668
LIM_CZ_01,LOC_CZ_1669
LIM_CZ_01,LOC_CZ_1670
LIM_CZ_01,LOC_CZ_1671
LIM_CZ_01,LOC_CZ_1672
LIM_CZ_01,LOC_CZ_1673
LIM_CZ_01,LOC_CZ_1674
LIM_CZ_01,LOC_CZ_1675
LIM_CZ_01,LOC_CZ_1676
LIM_CZ_01,LOC_CZ_1677
LIM_CZ_01,LOC_CZ_1678
LIM_CZ_01,LOC_CZ_1679
LIM_CZ_01,LOC_CZ_1680
LIM_CZ_01,LOC_CZ_1681
LIM_CZ_01,LOC_CZ_1682
LIM_CZ_01,LOC_CZ_1683
LIM_CZ_01,LOC_CZ_1684
LIM_CZ_01,LOC_CZ_1685
LIM_CZ_01,LOC_CZ_1686
LIM_CZ_01,LOC_CZ_1687
LIM_CZ_01,LOC_CZ_1688
LIM_CZ_01,LOC_CZ_1689
LIM_CZ_01,LOC_CZ_1690
LIM_CZ_01,LOC_CZ_1691
LIM_CZ_01,LOC_CZ_1692
LIM_CZ_01,LOC_CZ_1693
LIM_CZ_01,LOC_CZ_1694
LIM_CZ_01,LOC_CZ_1695
LIM_CZ_01,LOC_CZ_1696
LIM_CZ_01,LOC_CZ_1697
LIM_CZ_01,LOC_CZ_1698
LIM_CZ_01,LOC_CZ_1699
LIM_CZ_01,LOC_CZ_1700
LIM_CZ_01,LOC_CZ_1701
LIM_CZ_01,LOC_CZ_1702
LIM_CZ_01,LOC_CZ_1703
LIM_CZ_01,LOC_CZ_1704
LIM_CZ_01,LOC_CZ_1705
LIM_CZ_01,LOC_CZ_1706
LIM_CZ_01,LOC_CZ_1707
LIM_CZ_01,LOC_CZ_1708
LIM_CZ_01,LOC_CZ_1709
LIM_CZ_01,LOC_CZ_1710
LIM_CZ_01,LOC_CZ_1711
LIM_CZ_01,LOC_CZ_1712
LIM_CZ_01,LOC_CZ_1713
LIM_CZ_01,LOC_CZ_1714
LIM_CZ_01,LOC_CZ_1715
LIM_CZ_01,LOC_CZ_1716
LIM_CZ_01,LOC_CZ_1717
LIM_CZ_01,LOC_CZ_1718
LIM_CZ_01,LOC_CZ_1719
LIM_CZ_01,LOC_CZ_1720
LIM_CZ_01,LOC_CZ_1721
LIM_CZ_01,LOC_CZ_1722
LIM_CZ_01,LOC_CZ_1723
LIM_CZ_01,LOC_CZ_1724
LIM_CZ_01,LOC_CZ_1725
LIM_CZ_01,LOC_CZ_1726
LIM_CZ_01,LOC_CZ_1727
LIM_CZ_01,LOC_CZ_1728
LIM_CZ_01,LOC_CZ_1729
LIM_CZ_01,LOC_CZ_1730
LIM_CZ_01,LOC_CZ_1731
LIM_CZ_01,LOC_CZ_1732
LIM_CZ_01,LOC_CZ_1733
LIM_CZ_01,LOC_CZ_1734
LIM_CZ_01,LOC_CZ_1735
LIM_CZ_01,LOC_CZ_1736
LIM_CZ_01,LOC_CZ_1737
LIM_CZ_01,LOC_CZ_1738
LIM_CZ_01,LOC_CZ_1739
LIM_CZ_01,LOC_CZ_1740
LIM_CZ_01,LOC_CZ_1741
LIM_CZ_01,LOC_CZ_1742
LIM_CZ_01,LOC_CZ_1743
LIM_CZ_01,LOC_CZ_1744
LIM_CZ_01,LOC_CZ_1745
LIM_CZ_01,LOC_CZ_1746
LIM_CZ_01,LOC_CZ_1747
LIM_CZ_01,LOC_CZ_1748
LIM_CZ_01,LOC_CZ_1749
LIM_CZ_01,LOC_CZ_1750
LIM_CZ_01,LOC_CZ_1751
LIM_CZ_01,LOC_CZ_1752
LIM_CZ_01,LOC_CZ_1753
LIM_CZ_01,LOC_CZ_1754
LIM_CZ_01,LOC_CZ_1755
LIM_CZ_01,LOC_CZ_3972
LIM_CZ_01,LOC_CZ_3973
LIM_CZ_01,LOC_CZ_3974
LIM_CZ_01,LOC_CZ_3975
LIM_CZ_01,LOC_CZ_3976
LIM_CZ_01,LOC_CZ_3977
LIM_CZ_01,LOC_CZ_3978
LIM_CZ_01,LOC_CZ_3979
LIM_CZ_01,LOC_CZ_3980
LIM_CZ_01,LOC_CZ_3981
LIM_CZ_01,LOC_CZ_3982
LIM_CZ_01,LOC_CZ_3983
LIM_CZ_01,LOC_CZ_3984
LIM_CZ_01,LOC_CZ_3985
LIM_CZ_01,LOC_CZ_3986
LIM_CZ_01,LOC_CZ_3987
LIM_CZ_01,LOC_CZ_3988
LIM_CZ_01,LOC_CZ_3989
LIM_CZ_01,LOC_CZ_3990
LIM_CZ_01,LOC_CZ_3991
LIM_CZ_01,LOC_CZ_3992
LIM_CZ_01,LOC_CZ_3993
LIM_CZ_01,LOC_CZ_3994
LIM_CZ_01,LOC_CZ_3995
LIM_CZ_01,LOC_CZ_3996
LIM_CZ_01,LOC_CZ_3997
LIM_CZ_01,LOC_CZ_3998
LIM_CZ_01,LOC_CZ_3999
LIM_CZ_01,LOC_CZ_4000
LIM_CZ_01,LOC_CZ_4001
LIM_CZ_01,LOC_CZ_4002
LIM_CZ_01,LOC_CZ_4003
LIM_CZ_01,LOC_CZ_4004
LIM_CZ_01,LOC_CZ_4005
LIM_CZ_01,LOC_CZ_4006
LIM_CZ_01,LOC_CZ_4007
LIM_CZ_01,LOC_CZ_4008
LIM_CZ_01,LOC_CZ_4009
LIM_CZ_01,LOC_CZ_4010
LIM_CZ_01,LOC_CZ_4011
LIM_CZ_01,LOC_CZ_4012
LIM_CZ_01,LOC_CZ_4013
LIM_CZ_01,LOC_CZ_4014
LIM_CZ_01,LOC_CZ_4015
LIM_CZ_01,LOC_CZ_4016
LIM_CZ_01,LOC_CZ_4017
LIM_CZ_01,LOC_CZ_4018
LIM_CZ_01,LOC_CZ_4019
LIM_CZ_01,LOC_CZ_4020
LIM_CZ_01,LOC_CZ_4021
LIM_CZ_01,LOC_CZ_4022
LIM_CZ_01,LOC_CZ_4023
LIM_CZ_01,LOC_CZ_4024
LIM_CZ_01,LOC_CZ_4025
LIM_CZ_01,LOC_CZ_4026
LIM_CZ_01,LOC_CZ_4027
LIM_CZ_01,LOC_CZ_4028
LIM_CZ_01,LOC_CZ_4029
LIM_CZ_01,LOC_CZ_4030
LIM_CZ_01,LOC_CZ_4031
LIM_CZ_01,LOC_CZ_4032
LIM_CZ_01,LOC_CZ_4033
LIM_CZ_01,LOC_CZ_4034
LIM_CZ_01,LOC_CZ_4035
LIM_CZ_01,LOC_CZ_4036
LIM_CZ_01,LOC_CZ_4037
LIM_CZ_01,LOC_CZ_4038
LIM_CZ_01,LOC_CZ_4039
LIM_CZ_01,LOC_CZ_4040
LIM_CZ_01,LOC_CZ_4041
LIM_CZ_01,LOC_CZ_4042
LIM_CZ_01,LOC_CZ_4043
LIM_CZ_01,LOC_CZ_4044
LIM_CZ_01,LOC_CZ_4045
LIM_CZ_01,LOC_CZ_4046
LIM_CZ_01,LOC_CZ_4047
LIM_CZ_01,LOC_CZ_4048
LIM_CZ_01,LOC_CZ_4049
LIM_CZ_01,LOC_CZ_4050
LIM_CZ_01,LOC_CZ_4051
LIM_CZ_01,LOC_CZ_4052
LIM_CZ_01,LOC_CZ_4053
LIM_CZ_01,LOC_CZ_4054
LIM_CZ_01,LOC_CZ_4055
LIM_CZ_01,LOC_CZ_4056
LIM_CZ_01,LOC_CZ_4057
LIM_CZ_01,LOC_CZ_4058
LIM_CZ_01,LOC_CZ_4059
LIM_CZ_01,LOC_CZ_4060
LIM_CZ_01,LOC_CZ_4061
LIM_CZ_01,LOC_CZ_4062
LIM_CZ_01,LOC_CZ_4063
LIM_CZ_01,LOC_CZ_4064
LIM_CZ_01,LOC_CZ_4065
LIM_CZ_01,LOC_CZ_4066
LIM_CZ_01,LOC_CZ_4067
LIM_CZ_01,LOC_CZ_4068
LIM_CZ_01,LOC_CZ_1756
LIM_CZ_01,LOC_CZ_0001
LIM_CZ_01,LOC_CZ_0002
LIM_CZ_01,LOC_CZ_0003
LIM_CZ_01,LOC_CZ_0004
LIM_CZ_01,LOC_CZ_0005
LIM_CZ_01,LOC_CZ_0006
LIM_CZ_01,LOC_CZ_0007
LIM_CZ_01,LOC_CZ_0008
LIM_CZ_01,LOC_CZ_0009
LIM_CZ_01,LOC_CZ_0010
LIM_CZ_01,LOC_CZ_0011
LIM_CZ_01,LOC_CZ_0012
LIM_CZ_01,LOC_CZ_0013
LIM_CZ_01,LOC_CZ_0014
LIM_CZ_01,LOC_CZ_0015
LIM_CZ_01,LOC_CZ_0016
LIM_CZ_01,LOC_CZ_0017
LIM_CZ_01,LOC_CZ_0018
LIM_CZ_01,LOC_CZ_0019
LIM_CZ_01,LOC_CZ_0020
LIM_CZ_01,LOC_CZ_0021
LIM_CZ_01,LOC_CZ_0022
LIM_CZ_01,LOC_CZ_0023
LIM_CZ_01,LOC_CZ_0024
LIM_CZ_01,LOC_CZ_0025
LIM_CZ_01,LOC_CZ_0026
LIM_CZ_01,LOC_CZ_0027
LIM_CZ_01,LOC_CZ_0028
LIM_CZ_01,LOC_CZ_0029
LIM_CZ_01,LOC_CZ_0030
LIM_CZ_01,LOC_CZ_0031
LIM_CZ_01,LOC_CZ_0032
LIM_CZ_01,LOC_CZ_0033
LIM_CZ_01,LOC_CZ_0034
LIM_CZ_01,LOC_CZ_0035
LIM_CZ_01,LOC_CZ_0036
LIM_CZ_01,LOC_CZ_0037
LIM_CZ_01,LOC_CZ_0038
LIM_CZ_01,LOC_CZ_0039
LIM_CZ_01,LOC_CZ_0040
LIM_CZ_01,LOC_CZ_0041
LIM_CZ_01,LOC_CZ_0042
LIM_CZ_01,LOC_CZ_0043
LIM_CZ_01,LOC_CZ_0044
LIM_CZ_01,LOC_CZ_0045
LIM_CZ_01,LOC_CZ_0046
LIM_CZ_01,LOC_CZ_0047
LIM_CZ_01,LOC_CZ_0048
LIM_CZ_01,LOC_CZ_0049
LIM_CZ_01,LOC_CZ_0050
LIM_CZ_01,LOC_CZ_0051
LIM_CZ_01,LOC_CZ_0052
LIM_CZ_01,LOC_CZ_0053
LIM_CZ_01,LOC_CZ_0054
LIM_CZ_01,LOC_CZ_0055
LIM_CZ_01,LOC_CZ_0056
LIM_CZ_01,LOC_CZ_0057
LIM_CZ_01,LOC_CZ_0058
LIM_CZ_01,LOC_CZ_0059
LIM_CZ_01,LOC_CZ_0060
LIM_CZ_01,LOC_CZ_0061
LIM_CZ_01,LOC_CZ_0062
LIM_CZ_01,LOC_CZ_0063
LIM_CZ_01,LOC_CZ_0064
LIM_CZ_01,LOC_CZ_0065
LIM_CZ_01,LOC_CZ_0066
LIM_CZ_01,LOC_CZ_0067
LIM_CZ_01,LOC_CZ_0068
LIM_CZ_01,LOC_CZ_0069
LIM_CZ_01,LOC_CZ_0070
LIM_CZ_01,LOC_CZ_0071
LIM_CZ_01,LOC_CZ_0072
LIM_CZ_01,LOC_CZ_0073
LIM_CZ_01,LOC_CZ_0074
LIM_CZ_01,LOC_CZ_0075
LIM_CZ_01,LOC_CZ_0076
LIM_CZ_01,LOC_CZ_0077
LIM_CZ_01,LOC_CZ_0078
LIM_CZ_01,LOC_CZ_0079
LIM_CZ_01,LOC_CZ_0080
LIM_CZ_01,LOC_CZ_0081
LIM_CZ_01,LOC_CZ_0082
LIM_CZ_01,LOC_CZ_0083
LIM_CZ_01,LOC_CZ_0084
LIM_CZ_01,LOC_CZ_0085
LIM_CZ_01,LOC_CZ_0086
LIM_CZ_01,LOC_CZ_0087
LIM_CZ_01,LOC_CZ_0088
LIM_CZ_01,LOC_CZ_0089
LIM_CZ_01,LOC_CZ_0090
LIM_CZ_01,LOC_CZ_0091
LIM_CZ_01,LOC_CZ_0092
LIM_CZ_01,LOC_CZ_0093
LIM_CZ_01,LOC_CZ_0094
LIM_CZ_01,LOC_CZ_0095
LIM_CZ_01,LOC_CZ_0096
LIM_CZ_01,LOC_CZ_0097
LIM_CZ_01,LOC_CZ_0098
LIM_CZ_01,LOC_CZ_0099
LIM_CZ_01,LOC_CZ_0100
LIM_CZ_01,LOC_CZ_0101
LIM_CZ_01,LOC_CZ_0102
LIM_CZ_01,LOC_CZ_0103
LIM_CZ_01,LOC_CZ_0104
LIM_CZ_01,LOC_CZ_0105
LIM_CZ_01,LOC_CZ_0106
LIM_CZ_01,LOC_CZ_0107
LIM_CZ_01,LOC_CZ_0108
LIM_CZ_01,LOC_CZ_0109
LIM_CZ_01,LOC_CZ_0110
LIM_CZ_01,LOC_CZ_0111
LIM_CZ_01,LOC_CZ_0112
LIM_CZ_01,LOC_CZ_0113
LIM_CZ_01,LOC_CZ_0114
LIM_CZ_01,LOC_CZ_0115
LIM_CZ_01,LOC_CZ_0116
LIM_CZ_01,LOC_CZ_0117
LIM_CZ_01,LOC_CZ_0118
LIM_CZ_01,LOC_CZ_0119
LIM_CZ_01,LOC_CZ_0120
LIM_CZ_01,LOC_CZ_0121
LIM_CZ_01,LOC_CZ_0122
LIM_CZ_01,LOC_CZ_0123
LIM_CZ_01,LOC_CZ_0124
LIM_CZ_01,LOC_CZ_0125
LIM_CZ_01,LOC_CZ_0126
LIM_CZ_01,LOC_CZ_0127
LIM_CZ_01,LOC_CZ_0128
LIM_CZ_01,LOC_CZ_0129
LIM_CZ_01,LOC_CZ_0130
LIM_CZ_01,LOC_CZ_0131
LIM_CZ_01,LOC_CZ_0132
LIM_CZ_01,LOC_CZ_0133
LIM_CZ_01,LOC_CZ_0134
LIM_CZ_01,LOC_CZ_0135
LIM_CZ_01,LOC_CZ_0136
LIM_CZ_01,LOC_CZ_0137
LIM_CZ_01,LOC_CZ_0138
LIM_CZ_01,LOC_CZ_0139
LIM_CZ_01,LOC_CZ_0140
LIM_CZ_01,LOC_CZ_0141
LIM_CZ_01,LOC_CZ_0142
LIM_CZ_01,LOC_CZ_0143
LIM_CZ_01,LOC_CZ_0144
LIM_CZ_01,LOC_CZ_0145
LIM_CZ_01,LOC_CZ_0146
LIM_CZ_01,LOC_CZ_0147
LIM_CZ_01,LOC_CZ_0148
LIM_CZ_01,LOC_CZ_0149
LIM_CZ_01,LOC_CZ_0150
LIM_CZ_01,LOC_CZ_0151
LIM_CZ_01,LOC_CZ_0152
LIM_CZ_01,LOC_CZ_0153
LIM_CZ_01,LOC_CZ_0154
LIM_CZ_01,LOC_CZ_0155
LIM_CZ_01,LOC_CZ_0156
LIM_CZ_01,LOC_CZ_0157
LIM_CZ_01,LOC_CZ_0158
LIM_CZ_01,LOC_CZ_0159
LIM_CZ_01,LOC_CZ_0160
LIM_CZ_01,LOC_CZ_0161
LIM_CZ_01,LOC_CZ_0162
LIM_CZ_01,LOC_CZ_0163
LIM_CZ_01,LOC_CZ_0164
LIM_CZ_01,LOC_CZ_0165
LIM_CZ_01,LOC_CZ_0166
LIM_CZ_01,LOC_CZ_0167
LIM_CZ_01,LOC_CZ_0168
LIM_CZ_01,LOC_CZ_0169
LIM_CZ_01,LOC_CZ_0170
LIM_CZ_01,LOC_CZ_0171
LIM_CZ_01,LOC_CZ_0172
LIM_CZ_01,LOC_CZ_0173
LIM_CZ_01,LOC_CZ_0174
LIM_CZ_01,LOC_CZ_0175
LIM_CZ_01,LOC_CZ_0176
LIM_CZ_01,LOC_CZ_0177
LIM_CZ_01,LOC_CZ_0178
LIM_CZ_01,LOC_CZ_0179
LIM_CZ_01,LOC_CZ_0180
LIM_CZ_01,LOC_CZ_0181
LIM_CZ_01,LOC_CZ_0182
LIM_CZ_01,LOC_CZ_0183
LIM_CZ_01,LOC_CZ_0184
LIM_CZ_01,LOC_CZ_0185
LIM_CZ_01,LOC_CZ_0186
LIM_CZ_01,LOC_CZ_0187
LIM_CZ_01,LOC_CZ_0188
LIM_CZ_01,LOC_CZ_0189
LIM_CZ_01,LOC_CZ_0190
LIM_CZ_01,LOC_CZ_0191
LIM_CZ_01,LOC_CZ_0192
LIM_CZ_01,LOC_CZ_0193
LIM_CZ_01,LOC_CZ_0194
LIM_CZ_01,LOC_CZ_0195
LIM_CZ_01,LOC_CZ_0196
LIM_CZ_01,LOC_CZ_0197
LIM_CZ_01,LOC_CZ_0198
LIM_CZ_01,LOC_CZ_0199
LIM_CZ_01,LOC_CZ_0200
LIM_CZ_01,LOC_CZ_0201
LIM_CZ_01,LOC_CZ_0202
LIM_CZ_01,LOC_CZ_0203
LIM_CZ_01,LOC_CZ_0204
LIM_CZ_01,LOC_CZ_0205
LIM_CZ_01,LOC_CZ_0206
LIM_CZ_01,LOC_CZ_0207
LIM_CZ_01,LOC_CZ_0208
LIM_CZ_01,LOC_CZ_0209
LIM_CZ_01,LOC_CZ_0210
LIM_CZ_01,LOC_CZ_0211
LIM_CZ_01,LOC_CZ_0212
LIM_CZ_01,LOC_CZ_0213
LIM_CZ_01,LOC_CZ_0214
LIM_CZ_01,LOC_CZ_0215
LIM_CZ_01,LOC_CZ_0216
LIM_CZ_01,LOC_CZ_0217
LIM_CZ_01,LOC_CZ_0218
LIM_CZ_01,LOC_CZ_0219
LIM_CZ_01,LOC_CZ_0220
LIM_CZ_01,LOC_CZ_0221
LIM_CZ_01,LOC_CZ_0222
LIM_CZ_01,LOC_CZ_0223
LIM_CZ_01,LOC_CZ_0224
LIM_CZ_01,LOC_CZ_0225
LIM_CZ_01,LOC_CZ_0226
LIM_CZ_01,LOC_CZ_0227
LIM_CZ_01,LOC_CZ_0228
LIM_CZ_01,LOC_CZ_0229
LIM_CZ_01,LOC_CZ_0230
LIM_CZ_01,LOC_CZ_0231
LIM_CZ_01,LOC_CZ_0232
LIM_CZ_01,LOC_CZ_0233
LIM_CZ_01,LOC_CZ_0234
LIM_CZ_01,LOC_CZ_0235
LIM_CZ_01,LOC_CZ_0236
LIM_CZ_01,LOC_CZ_0237
LIM_CZ_01,LOC_CZ_0238
LIM_CZ_01,LOC_CZ_0239
LIM_CZ_01,LOC_CZ_0240
LIM_CZ_01,LOC_CZ_0241
LIM_CZ_01,LOC_CZ_0242
LIM_CZ_01,LOC_CZ_0243
LIM_CZ_01,LOC_CZ_0244
LIM_CZ_01,LOC_CZ_0245
LIM_CZ_01,LOC_CZ_0246
LIM_CZ_01,LOC_CZ_0247
LIM_CZ_01,LOC_CZ_0248
LIM_CZ_01,LOC_CZ_0249
LIM_CZ_01,LOC_CZ_0250
LIM_CZ_01,LOC_CZ_0251
LIM_CZ_01,LOC_CZ_0252
LIM_CZ_01,LOC_CZ_0253
LIM_CZ_01,LOC_CZ_0254
LIM_CZ_01,LOC_CZ_0255
LIM_CZ_01,LOC_CZ_0256
LIM_CZ_01,LOC_CZ_0257
LIM_CZ_01,LOC_CZ_0258
LIM_CZ_01,LOC_CZ_0259
LIM_CZ_01,LOC_CZ_0260
LIM_CZ_01,LOC_CZ_0261
LIM_CZ_01,LOC_CZ_0262
LIM_CZ_01,LOC_CZ_0263
LIM_CZ_01,LOC_CZ_0264
LIM_CZ_01,LOC_CZ_0265
LIM_CZ_01,LOC_CZ_0266
LIM_CZ_01,LOC_CZ_0267
LIM_CZ_01,LOC_CZ_0268
LIM_CZ_01,LOC_CZ_0269
LIM_CZ_01,LOC_CZ_0270
LIM_CZ_01,LOC_CZ_0271
LIM_CZ_01,LOC_CZ_0272
LIM_CZ_01,LOC_CZ_0273
LIM_CZ_01,LOC_CZ_0274
LIM_CZ_01,LOC_CZ_0275
LIM_CZ_01,LOC_CZ_0276
LIM_CZ_01,LOC_CZ_0277
LIM_CZ_01,LOC_CZ_0278
LIM_CZ_01,LOC_CZ_0279
LIM_CZ_01,LOC_CZ_0280
LIM_CZ_01,LOC_CZ_0281
LIM_CZ_01,LOC_CZ_0282
LIM_CZ_01,LOC_CZ_0283
LIM_CZ_01,LOC_CZ_0284
LIM_CZ_01,LOC_CZ_0285
LIM_CZ_01,LOC_CZ_0286
LIM_CZ_01,LOC_CZ_0287
LIM_CZ_01,LOC_CZ_0288
LIM_CZ_01,LOC_CZ_0289
LIM_CZ_01,LOC_CZ_0290
LIM_CZ_01,LOC_CZ_0291
LIM_CZ_01,LOC_CZ_0292
LIM_CZ_01,LOC_CZ_0293
LIM_CZ_01,LOC_CZ_0294
LIM_CZ_01,LOC_CZ_0295
LIM_CZ_01,LOC_CZ_0296
LIM_CZ_01,LOC_CZ_0297
LIM_CZ_01,LOC_CZ_0298
LIM_CZ_01,LOC_CZ_0299
LIM_CZ_01,LOC_CZ_0300
LIM_CZ_01,LOC_CZ_0301
LIM_CZ_01,LOC_CZ_0302
LIM_CZ_01,LOC_CZ_0303
LIM_CZ_01,LOC_CZ_0304
LIM_CZ_01,LOC_CZ_0305
LIM_CZ_01,LOC_CZ_0306
LIM_CZ_01,LOC_CZ_0307
LIM_CZ_01,LOC_CZ_0308
LIM_CZ_01,LOC_CZ_0309
LIM_CZ_01,LOC_CZ_0310
LIM_CZ_01,LOC_CZ_0311
LIM_CZ_01,LOC_CZ_0312
LIM_CZ_01,LOC_CZ_0313
LIM_CZ_01,LOC_CZ_0314
LIM_CZ_01,LOC_CZ_0315
LIM_CZ_01,LOC_CZ_0316
LIM_CZ_01,LOC_CZ_0317
LIM_CZ_01,LOC_CZ_0318
LIM_CZ_01,LOC_CZ_0319
LIM_CZ_01,LOC_CZ_0320
LIM_CZ_01,LOC_CZ_0321
LIM_CZ_01,LOC_CZ_0322
LIM_CZ_01,LOC_CZ_0323
LIM_CZ_01,LOC_CZ_0324
LIM_CZ_01,LOC_CZ_0325
LIM_CZ_01,LOC_CZ_0326
LIM_CZ_01,LOC_CZ_0327
LIM_CZ_01,LOC_CZ_0328
LIM_CZ_01,LOC_CZ_0329
LIM_CZ_01,LOC_CZ_0330
LIM_CZ_01,LOC_CZ_0331
LIM_CZ_01,LOC_CZ_0332
LIM_CZ_01,LOC_CZ_0333
LIM_CZ_01,LOC_CZ_0334
LIM_CZ_01,LOC_CZ_0335
LIM_CZ_01,LOC_CZ_0336
LIM_CZ_01,LOC_CZ_0337
LIM_CZ_01,LOC_CZ_0338
LIM_CZ_01,LOC_CZ_0339
LIM_CZ_01,LOC_CZ_0340
LIM_CZ_01,LOC_CZ_0341
LIM_CZ_01,LOC_CZ_0342
LIM_CZ_01,LOC_CZ_0343
LIM_CZ_01,LOC_CZ_0344
LIM_CZ_01,LOC_CZ_0345
LIM_CZ_01,LOC_CZ_0346
LIM_CZ_01,LOC_CZ_0347
LIM_CZ_01,LOC_CZ_0348
LIM_CZ_01,LOC_CZ_0349
LIM_CZ_01,LOC_CZ_0350
LIM_CZ_01,LOC_CZ_0351
LIM_CZ_01,LOC_CZ_0352
LIM_CZ_01,LOC_CZ_0353
LIM_CZ_01,LOC_CZ_0354
LIM_CZ_01,LOC_CZ_0355
LIM_CZ_01,LOC_CZ_0356
LIM_CZ_01,LOC_CZ_0357
LIM_CZ_01,LOC_CZ_0358
LIM_CZ_01,LOC_CZ_0359
LIM_CZ_01,LOC_CZ_0360
LIM_CZ_01,LOC_CZ_0361
LIM_CZ_01,LOC_CZ_0362
LIM_CZ_01,LOC_CZ_0363
LIM_CZ_01,LOC_CZ_0364
LIM_CZ_01,LOC_CZ_0365
LIM_CZ_01,LOC_CZ_0366
LIM_CZ_01,LOC_CZ_0367
LIM_CZ_01,LOC_CZ_0368
LIM_CZ_01,LOC_CZ_0369
LIM_CZ_01,LOC_CZ_0370
LIM_CZ_01,LOC_CZ_0371
LIM_CZ_01,LOC_CZ_0372
LIM_CZ_01,LOC_CZ_0373
LIM_CZ_01,LOC_CZ_0374
LIM_CZ_01,LOC_CZ_0375
LIM_CZ_01,LOC_CZ_0376
LIM_CZ_01,LOC_CZ_0377
LIM_CZ_01,LOC_CZ_0378
LIM_CZ_01,LOC_CZ_0379
LIM_CZ_01,LOC_CZ_0380
LIM_CZ_01,LOC_CZ_0381
LIM_CZ_01,LOC_CZ_0382
LIM_CZ_01,LOC_CZ_0383
LIM_CZ_01,LOC_CZ_0384
LIM_CZ_01,LOC_CZ_0385
LIM_CZ_01,LOC_CZ_0386
LIM_CZ_01,LOC_CZ_0387
LIM_CZ_01,LOC_CZ_0388
LIM_CZ_01,LOC_CZ_0389
LIM_CZ_01,LOC_CZ_0390
LIM_CZ_01,LOC_CZ_0391
LIM_CZ_01,LOC_CZ_0392
LIM_CZ_01,LOC_CZ_0393
LIM_CZ_01,LOC_CZ_0394
LIM_CZ_01,LOC_CZ_0395
LIM_CZ_01,LOC_CZ_0396
LIM_CZ_01,LOC_CZ_0397
LIM_CZ_01,LOC_CZ_0398
LIM_CZ_01,LOC_CZ_0399
LIM_CZ_01,LOC_CZ_0400
LIM_CZ_01,LOC_CZ_0401
LIM_CZ_01,LOC_CZ_0402
LIM_CZ_01,LOC_CZ_0403
LIM_CZ_01,LOC_CZ_0404
LIM_CZ_01,LOC_CZ_0405
LIM_CZ_01,LOC_CZ_0406
LIM_CZ_01,LOC_CZ_0407
LIM_CZ_01,LOC_CZ_0408
LIM_CZ_01,LOC_CZ_0409
LIM_CZ_01,LOC_CZ_0410
LIM_CZ_01,LOC_CZ_0411
LIM_CZ_01,LOC_CZ_0412
LIM_CZ_01,LOC_CZ_0413
LIM_CZ_01,LOC_CZ_0414
LIM_CZ_01,LOC_CZ_0415
LIM_CZ_01,LOC_CZ_0416
LIM_CZ_01,LOC_CZ_0417
LIM_CZ_01,LOC_CZ_0418
LIM_CZ_01,LOC_CZ_0419
LIM_CZ_01,LOC_CZ_0420
LIM_CZ_01,LOC_CZ_0421
LIM_CZ_01,LOC_CZ_0422
LIM_CZ_01,LOC_CZ_0423
LIM_CZ_01,LOC_CZ_0424
LIM_CZ_01,LOC_CZ_0425
LIM_CZ_01,LOC_CZ_0426
LIM_CZ_01,LOC_CZ_0427
LIM_CZ_01,LOC_CZ_0428
LIM_CZ_01,LOC_CZ_0429
LIM_CZ_01,LOC_CZ_0430
LIM_CZ_01,LOC_CZ_0431
LIM_CZ_01,LOC_CZ_0432
LIM_CZ_01,LOC_CZ_0433
LIM_CZ_01,LOC_CZ_0434
LIM_CZ_01,LOC_CZ_0435
LIM_CZ_01,LOC_CZ_0436
LIM_CZ_01,LOC_CZ_0437
LIM_CZ_01,LOC_CZ_0438
LIM_CZ_01,LOC_CZ_0439
LIM_CZ_01,LOC_CZ_0440
LIM_CZ_01,LOC_CZ_0441
LIM_CZ_01,LOC_CZ_0442
LIM_CZ_01,LOC_CZ_0443
LIM_CZ_01,LOC_CZ_0444
LIM_CZ_01,LOC_CZ_0445
LIM_CZ_01,LOC_CZ_0446
LIM_CZ_01,LOC_CZ_0447
LIM_CZ_01,LOC_CZ_0448
LIM_CZ_01,LOC_CZ_0449
LIM_CZ_01,LOC_CZ_0450
LIM_CZ_01,LOC_CZ_0451
LIM_CZ_01,LOC_CZ_0452
LIM_CZ_01,LOC_CZ_0453
LIM_CZ_01,LOC_CZ_0454
LIM_CZ_01,LOC_CZ_0455
LIM_CZ_01,LOC_CZ_0456
LIM_CZ_01,LOC_CZ_0457
LIM_CZ_01,LOC_CZ_0458
LIM_CZ_01,LOC_CZ_0459
LIM_CZ_01,LOC_CZ_0460
LIM_CZ_01,LOC_CZ_0461
LIM_CZ_01,LOC_CZ_0462
LIM_CZ_01,LOC_CZ_0463
LIM_CZ_01,LOC_CZ_0464
LIM_CZ_01,LOC_CZ_0465
LIM_CZ_01,LOC_CZ_0466
LIM_CZ_01,LOC_CZ_0467
LIM_CZ_01,LOC_CZ_0468
LIM_CZ_01,LOC_CZ_0469
LIM_CZ_01,LOC_CZ_0470
LIM_CZ_01,LOC_CZ_0471
LIM_CZ_01,LOC_CZ_0472
LIM_CZ_01,LOC_CZ_0473
LIM_CZ_01,LOC_CZ_0474
LIM_CZ_01,LOC_CZ_0475
LIM_CZ_01,LOC_CZ_0476
LIM_CZ_01,LOC_CZ_0477
LIM_CZ_01,LOC_CZ_0478
LIM_CZ_01,LOC_CZ_0479
LIM_CZ_01,LOC_CZ_0480
LIM_CZ_01,LOC_CZ_0481
LIM_CZ_01,LOC_CZ_0482
LIM_CZ_01,LOC_CZ_0483
LIM_CZ_01,LOC_CZ_0484
LIM_CZ_01,LOC_CZ_0485
LIM_CZ_01,LOC_CZ_0486
LIM_CZ_01,LOC_CZ_0487
LIM_CZ_01,LOC_CZ_0488
LIM_CZ_01,LOC_CZ_0489
LIM_CZ_01,LOC_CZ_0490
LIM_CZ_01,LOC_CZ_0491
LIM_CZ_01,LOC_CZ_0492
LIM_CZ_01,LOC_CZ_0493
LIM_CZ_01,LOC_CZ_0494
LIM_CZ_01,LOC_CZ_0495
LIM_CZ_01,LOC_CZ_0496
LIM_CZ_01,LOC_CZ_0497
LIM_CZ_01,LOC_CZ_0498
LIM_CZ_01,LOC_CZ_0499
LIM_CZ_01,LOC_CZ_0500
LIM_CZ_01,LOC_CZ_0501
LIM_CZ_01,LOC_CZ_0502
LIM_CZ_01,LOC_CZ_0503
LIM_CZ_01,LOC_CZ_0504
LIM_CZ_01,LOC_CZ_0505
LIM_CZ_01,LOC_CZ_0506
LIM_CZ_01,LOC_CZ_0507
LIM_CZ_01,LOC_CZ_0508
LIM_CZ_01,LOC_CZ_0509
LIM_CZ_01,LOC_CZ_0510
LIM_CZ_01,LOC_CZ_0511
LIM_CZ_01,LOC_CZ_0512
LIM_CZ_01,LOC_CZ_0513
LIM_CZ_01,LOC_CZ_0514
LIM_CZ_01,LOC_CZ_0515
LIM_CZ_01,LOC_CZ_0516
LIM_CZ_01,LOC_CZ_0517
LIM_CZ_01,LOC_CZ_0518
LIM_CZ_01,LOC_CZ_0519
LIM_CZ_01,LOC_CZ_0520
LIM_CZ_01,LOC_CZ_0521
LIM_CZ_01,LOC_CZ_0522
LIM_CZ_01,LOC_CZ_0523
LIM_CZ_01,LOC_CZ_0524
LIM_CZ_01,LOC_CZ_0525
LIM_CZ_01,LOC_CZ_0526
LIM_CZ_01,LOC_CZ_0527
LIM_CZ_01,LOC_CZ_0528
LIM_CZ_01,LOC_CZ_0529
LIM_CZ_01,LOC_CZ_0530
LIM_CZ_01,LOC_CZ_0531
LIM_CZ_01,LOC_CZ_0532
LIM_CZ_01,LOC_CZ_0533
LIM_CZ_01,LOC_CZ_0534
LIM_CZ_01,LOC_CZ_0535
LIM_CZ_01,LOC_CZ_0536
LIM_CZ_01,LOC_CZ_0537
LIM_CZ_01,LOC_CZ_0538
LIM_CZ_01,LOC_CZ_0539
LIM_CZ_01,LOC_CZ_0540
LIM_CZ_01,LOC_CZ_0541
LIM_CZ_01,LOC_CZ_0542
LIM_CZ_01,LOC_CZ_0543
LIM_CZ_01,LOC_CZ_0544
LIM_CZ_01,LOC_CZ_0545
LIM_CZ_01,LOC_CZ_0546
LIM_CZ_01,LOC_CZ_0547
LIM_CZ_01,LOC_CZ_0548
LIM_CZ_01,LOC_CZ_0549
LIM_CZ_01,LOC_CZ_0550
LIM_CZ_01,LOC_CZ_0551
LIM_CZ_01,LOC_CZ_0552
LIM_CZ_01,LOC_CZ_0553
LIM_CZ_01,LOC_CZ_0554
LIM_CZ_01,LOC_CZ_0555
LIM_CZ_01,LOC_CZ_0556
LIM_CZ_01,LOC_CZ_0557
LIM_CZ_01,LOC_CZ_0558
LIM_CZ_01,LOC_CZ_0559
LIM_CZ_01,LOC_CZ_0560
LIM_CZ_01,LOC_CZ_0561
LIM_CZ_01,LOC_CZ_0562
LIM_CZ_01,LOC_CZ_0563
LIM_CZ_01,LOC_CZ_0564
LIM_CZ_01,LOC_CZ_0565
LIM_CZ_01,LOC_CZ_0566
LIM_CZ_01,LOC_CZ_0567
LIM_CZ_01,LOC_CZ_0568
LIM_CZ_01,LOC_CZ_0569
LIM_CZ_01,LOC_CZ_0570
LIM_CZ_01,LOC_CZ_0571
LIM_CZ_01,LOC_CZ_0572
LIM_CZ_01,LOC_CZ_0573
LIM_CZ_01,LOC_CZ_0574
LIM_CZ_01,LOC_CZ_0575
LIM_CZ_01,LOC_CZ_0576
LIM_CZ_01,LOC_CZ_0577
LIM_CZ_01,LOC_CZ_0578
LIM_CZ_01,LOC_CZ_0579
LIM_CZ_01,LOC_CZ_0580
LIM_CZ_01,LOC_CZ_0581
LIM_CZ_01,LOC_CZ_0582
LIM_CZ_01,LOC_CZ_0583
LIM_CZ_01,LOC_CZ_0584
LIM_CZ_01,LOC_CZ_0585
LIM_CZ_01,LOC_CZ_0586
LIM_CZ_01,LOC_CZ_0587
LIM_CZ_01,LOC_CZ_0588
LIM_CZ_01,LOC_CZ_0589
LIM_CZ_01,LOC_CZ_0590
LIM_CZ_01,LOC_CZ_0591
LIM_CZ_01,LOC_CZ_0592
LIM_CZ_01,LOC_CZ_0593
LIM_CZ_01,LOC_CZ_0594
LIM_CZ_01,LOC_CZ_0595
LIM_CZ_01,LOC_CZ_0596
LIM_CZ_01,LOC_CZ_0597
LIM_CZ_01,LOC_CZ_0598
LIM_CZ_01,LOC_CZ_0599
LIM_CZ_01,LOC_CZ_0600
LIM_CZ_01,LOC_CZ_0601
LIM_CZ_01,LOC_CZ_0602
LIM_CZ_01,LOC_CZ_0603
LIM_CZ_01,LOC_CZ_0604
LIM_CZ_01,LOC_CZ_0605
LIM_CZ_01,LOC_CZ_0606
LIM_CZ_01,LOC_CZ_0607
LIM_CZ_01,LOC_CZ_0608
LIM_CZ_01,LOC_CZ_0609
LIM_CZ_01,LOC_CZ_0610
LIM_CZ_01,LOC_CZ_0611
LIM_CZ_01,LOC_CZ_0612
LIM_CZ_01,LOC_CZ_0613
LIM_CZ_01,LOC_CZ_0614
LIM_CZ_01,LOC_CZ_0615
LIM_CZ_01,LOC_CZ_0616
LIM_CZ_01,LOC_CZ_0617
LIM_CZ_01,LOC_CZ_0618
LIM_CZ_01,LOC_CZ_0619
LIM_CZ_01,LOC_CZ_0620
LIM_CZ_01,LOC_CZ_0621
LIM_CZ_01,LOC_CZ_0622
LIM_CZ_01,LOC_CZ_0623
LIM_CZ_01,LOC_CZ_0624
LIM_CZ_01,LOC_CZ_0625
LIM_CZ_01,LOC_CZ_0626
LIM_CZ_01,LOC_CZ_0627
LIM_CZ_01,LOC_CZ_0628
LIM_CZ_01,LOC_CZ_0629
LIM_CZ_01,LOC_CZ_0630
LIM_CZ_01,LOC_CZ_0631
LIM_CZ_01,LOC_CZ_0632
LIM_CZ_01,LOC_CZ_0633
LIM_CZ_01,LOC_CZ_0634
LIM_CZ_01,LOC_CZ_0635
LIM_CZ_01,LOC_CZ_0636
LIM_CZ_01,LOC_CZ_0637
LIM_CZ_01,LOC_CZ_0638
LIM_CZ_01,LOC_CZ_0639
LIM_CZ_01,LOC_CZ_0640
LIM_CZ_01,LOC_CZ_0641
LIM_CZ_01,LOC_CZ_0642
LIM_CZ_01,LOC_CZ_0643
LIM_CZ_01,LOC_CZ_0644
LIM_CZ_01,LOC_CZ_0645
LIM_CZ_01,LOC_CZ_0646
LIM_CZ_01,LOC_CZ_0647
LIM_CZ_01,LOC_CZ_0648
LIM_CZ_01,LOC_CZ_0649
LIM_CZ_01,LOC_CZ_0650
LIM_CZ_01,LOC_CZ_0651
LIM_CZ_01,LOC_CZ_0652
LIM_CZ_01,LOC_CZ_0653
LIM_CZ_01,LOC_CZ_0654
LIM_CZ_01,LOC_CZ_0655
LIM_CZ_01,LOC_CZ_0656
LIM_CZ_01,LOC_CZ_0657
LIM_CZ_01,LOC_CZ_0658
LIM_CZ_01,LOC_CZ_0659
LIM_CZ_01,LOC_CZ_0660
LIM_CZ_01,LOC_CZ_0661
LIM_CZ_01,LOC_CZ_0662
LIM_CZ_01,LOC_CZ_0663
LIM_CZ_01,LOC_CZ_0664
LIM_CZ_01,LOC_CZ_0665
LIM_CZ_01,LOC_CZ_0666
LIM_CZ_01,LOC_CZ_0667
LIM_CZ_01,LOC_CZ_0668
LIM_CZ_01,LOC_CZ_0669
LIM_CZ_01,LOC_CZ_0670
LIM_CZ_01,LOC_CZ_0671
LIM_CZ_01,LOC_CZ_0672
LIM_CZ_01,LOC_CZ_0673
LIM_CZ_01,LOC_CZ_0674
LIM_CZ_01,LOC_CZ_0675
LIM_CZ_01,LOC_CZ_0676
LIM_CZ_01,LOC_CZ_0677
LIM_CZ_01,LOC_CZ_0678
LIM_CZ_01,LOC_CZ_0679
LIM_CZ_01,LOC_CZ_0680
LIM_CZ_01,LOC_CZ_0681
LIM_CZ_01,LOC_CZ_0682
LIM_CZ_01,LOC_CZ_0683
LIM_CZ_01,LOC_CZ_0684
LIM_CZ_01,LOC_CZ_0685
LIM_CZ_01,LOC_CZ_0686
LIM_CZ_01,LOC_CZ_0687
LIM_CZ_01,LOC_CZ_0688
LIM_CZ_01,LOC_CZ_0689
LIM_CZ_01,LOC_CZ_0690
LIM_CZ_01,LOC_CZ_0691
LIM_CZ_01,LOC_CZ_0692
LIM_CZ_01,LOC_CZ_0693
LIM_CZ_01,LOC_CZ_0694
LIM_CZ_01,LOC_CZ_0695
LIM_CZ_01,LOC_CZ_0696
LIM_CZ_01,LOC_CZ_0697
LIM_CZ_01,LOC_CZ_0698
LIM_CZ_01,LOC_CZ_0699
LIM_CZ_01,LOC_CZ_0700
LIM_CZ_01,LOC_CZ_0701
LIM_CZ_01,LOC_CZ_0702
LIM_CZ_01,LOC_CZ_0703
LIM_CZ_01,LOC_CZ_0704
LIM_CZ_01,LOC_CZ_0705
LIM_CZ_01,LOC_CZ_0706
LIM_CZ_01,LOC_CZ_0707
LIM_CZ_01,LOC_CZ_0708
LIM_CZ_01,LOC_CZ_0709
LIM_CZ_01,LOC_CZ_0710
LIM_CZ_01,LOC_CZ_0711
LIM_CZ_01,LOC_CZ_0712
LIM_CZ_01,LOC_CZ_0713
LIM_CZ_01,LOC_CZ_0714
LIM_CZ_01,LOC_CZ_0715
LIM_CZ_01,LOC_CZ_0716
LIM_CZ_01,LOC_CZ_0717
LIM_CZ_01,LOC_CZ_0718
LIM_CZ_01,LOC_CZ_0719
LIM_CZ_01,LOC_CZ_0720
LIM_CZ_01,LOC_CZ_0721
LIM_CZ_01,LOC_CZ_0722
LIM_CZ_01,LOC_CZ_0723
LIM_CZ_01,LOC_CZ_0724
LIM_CZ_01,LOC_CZ_0725
LIM_CZ_01,LOC_CZ_0726
LIM_CZ_01,LOC_CZ_0727
LIM_CZ_01,LOC_CZ_0728
LIM_CZ_01,LOC_CZ_0729
LIM_CZ_01,LOC_CZ_0730
LIM_CZ_01,LOC_CZ_0731
LIM_CZ_01,LOC_CZ_0732
LIM_CZ_01,LOC_CZ_0733
LIM_CZ_01,LOC_CZ_0734
LIM_CZ_01,LOC_CZ_0735
LIM_CZ_01,LOC_CZ_0736
LIM_CZ_01,LOC_CZ_0737
LIM_CZ_01,LOC_CZ_0738
LIM_CZ_01,LOC_CZ_0739
LIM_CZ_01,LOC_CZ_0740
LIM_CZ_01,LOC_CZ_0741
LIM_CZ_01,LOC_CZ_0742
LIM_CZ_01,LOC_CZ_0743
LIM_CZ_01,LOC_CZ_0744
LIM_CZ_01,LOC_CZ_0745
LIM_CZ_01,LOC_CZ_0746
LIM_CZ_01,LOC_CZ_0747
LIM_CZ_01,LOC_CZ_0748
LIM_CZ_01,LOC_CZ_0749
LIM_CZ_01,LOC_CZ_0750
LIM_CZ_01,LOC_CZ_0751
LIM_CZ_01,LOC_CZ_0752
LIM_CZ_01,LOC_CZ_0753
LIM_CZ_01,LOC_CZ_0754
LIM_CZ_01,LOC_CZ_0755
LIM_CZ_01,LOC_CZ_0756
LIM_CZ_01,LOC_CZ_0757
LIM_CZ_01,LOC_CZ_0758
LIM_CZ_01,LOC_CZ_0759
LIM_CZ_01,LOC_CZ_0760
LIM_CZ_01,LOC_CZ_0761
LIM_CZ_01,LOC_CZ_0762
LIM_CZ_01,LOC_CZ_0763
LIM_CZ_01,LOC_CZ_0764
LIM_CZ_01,LOC_CZ_0765
LIM_CZ_01,LOC_CZ_0766
LIM_CZ_01,LOC_CZ_0767
LIM_CZ_01,LOC_CZ_0768
LIM_CZ_01,LOC_CZ_0769
LIM_CZ_01,LOC_CZ_0770
LIM_CZ_01,LOC_CZ_0771
LIM_CZ_01,LOC_CZ_0772
LIM_CZ_01,LOC_CZ_0773
LIM_CZ_01,LOC_CZ_0774
LIM_CZ_01,LOC_CZ_0775
LIM_CZ_01,LOC_CZ_0776
LIM_CZ_01,LOC_CZ_0777
LIM_CZ_01,LOC_CZ_0778
LIM_CZ_01,LOC_CZ_0779
LIM_CZ_01,LOC_CZ_0780
LIM_CZ_01,LOC_CZ_0781
LIM_CZ_01,LOC_CZ_0782
LIM_CZ_01,LOC_CZ_0783
LIM_CZ_01,LOC_CZ_0784
LIM_CZ_01,LOC_CZ_0785
LIM_CZ_01,LOC_CZ_0786
LIM_CZ_01,LOC_CZ_0787
LIM_CZ_01,LOC_CZ_0788
LIM_CZ_01,LOC_CZ_0789
LIM_CZ_01,LOC_CZ_0790
LIM_CZ_01,LOC_CZ_0791
LIM_CZ_01,LOC_CZ_0792
LIM_CZ_01,LOC_CZ_0793
LIM_CZ_01,LOC_CZ_0794
LIM_CZ_01,LOC_CZ_0795
LIM_CZ_01,LOC_CZ_0796
LIM_CZ_01,LOC_CZ_0797
LIM_CZ_01,LOC_CZ_0798
LIM_CZ_01,LOC_CZ_0799
LIM_CZ_01,LOC_CZ_0800
LIM_CZ_01,LOC_CZ_0801
LIM_CZ_01,LOC_CZ_0802
LIM_CZ_01,LOC_CZ_0803
LIM_CZ_01,LOC_CZ_0804
LIM_CZ_01,LOC_CZ_0805
LIM_CZ_01,LOC_CZ_0806
LIM_CZ_01,LOC_CZ_0807
LIM_CZ_01,LOC_CZ_0808
LIM_CZ_01,LOC_CZ_0809
LIM_CZ_01,LOC_CZ_0810
LIM_CZ_01,LOC_CZ_0811
LIM_CZ_01,LOC_CZ_0812
LIM_CZ_01,LOC_CZ_0813
LIM_CZ_01,LOC_CZ_0814
LIM_CZ_01,LOC_CZ_0815
LIM_CZ_01,LOC_CZ_0816
LIM_CZ_01,LOC_CZ_0817
LIM_CZ_01,LOC_CZ_0818
LIM_CZ_01,LOC_CZ_0819
LIM_CZ_01,LOC_CZ_0820
LIM_CZ_01,LOC_CZ_0821
LIM_CZ_01,LOC_CZ_0822
LIM_CZ_01,LOC_CZ_0823
LIM_CZ_01,LOC_CZ_0824
LIM_CZ_01,LOC_CZ_0825
LIM_CZ_01,LOC_CZ_0826
LIM_CZ_01,LOC_CZ_0827
LIM_CZ_01,LOC_CZ_0828
LIM_CZ_01,LOC_CZ_0829
LIM_CZ_01,LOC_CZ_0830
LIM_CZ_01,LOC_CZ_0831
LIM_CZ_01,LOC_CZ_0832
LIM_CZ_01,LOC_CZ_0833
LIM_CZ_01,LOC_CZ_0834
LIM_CZ_01,LOC_CZ_0835
LIM_CZ_01,LOC_CZ_0836
LIM_CZ_01,LOC_CZ_0837
LIM_CZ_01,LOC_CZ_0838
LIM_CZ_01,LOC_CZ_0839
LIM_CZ_01,LOC_CZ_0840
LIM_CZ_01,LOC_CZ_0841
LIM_CZ_01,LOC_CZ_0842
LIM_CZ_01,LOC_CZ_0843
LIM_CZ_01,LOC_CZ_0844
LIM_CZ_01,LOC_CZ_0845
LIM_CZ_01,LOC_CZ_0846
LIM_CZ_01,LOC_CZ_0847
LIM_CZ_01,LOC_CZ_0848
LIM_CZ_01,LOC_CZ_0849
LIM_CZ_01,LOC_CZ_0850
LIM_CZ_01,LOC_CZ_0851
LIM_CZ_01,LOC_CZ_0852
LIM_CZ_01,LOC_CZ_0853
LIM_CZ_01,LOC_CZ_0854
LIM_CZ_01,LOC_CZ_0855
LIM_CZ_01,LOC_CZ_0856
LIM_CZ_01,LOC_CZ_0857
LIM_CZ_01,LOC_CZ_0858
LIM_CZ_01,LOC_CZ_0859
LIM_CZ_01,LOC_CZ_0860
LIM_CZ_01,LOC_CZ_0861
LIM_CZ_01,LOC_CZ_0862
LIM_CZ_01,LOC_CZ_0863
LIM_CZ_01,LOC_CZ_0864
LIM_CZ_01,LOC_CZ_0865
LIM_CZ_01,LOC_CZ_0866
LIM_CZ_01,LOC_CZ_0867
LIM_CZ_01,LOC_CZ_0868
LIM_CZ_01,LOC_CZ_0869
LIM_CZ_01,LOC_CZ_0870
LIM_CZ_01,LOC_CZ_0871
LIM_CZ_01,LOC_CZ_0872
LIM_CZ_01,LOC_CZ_0873
LIM_CZ_01,LOC_CZ_0874
LIM_CZ_01,LOC_CZ_0875
LIM_CZ_01,LOC_CZ_0876
LIM_CZ_01,LOC_CZ_0877
LIM_CZ_01,LOC_CZ_0878
LIM_CZ_01,LOC_CZ_0879
LIM_CZ_01,LOC_CZ_0880
LIM_CZ_01,LOC_CZ_0881
LIM_CZ_01,LOC_CZ_0882
LIM_CZ_01,LOC_CZ_0883
LIM_CZ_01,LOC_CZ_0884
LIM_CZ_01,LOC_CZ_0885
LIM_CZ_01,LOC_CZ_0886
LIM_CZ_01,LOC_CZ_0887
LIM_CZ_01,LOC_CZ_0888
LIM_CZ_01,LOC_CZ_0889
LIM_CZ_01,LOC_CZ_0890
LIM_CZ_01,LOC_CZ_0891
LIM_CZ_01,LOC_CZ_0892
LIM_CZ_01,LOC_CZ_0893
LIM_CZ_01,LOC_CZ_0894
LIM_CZ_01,LOC_CZ_0895
LIM_CZ_01,LOC_CZ_0896
LIM_CZ_01,LOC_CZ_0897
LIM_CZ_01,LOC_CZ_0898
LIM_CZ_01,LOC_CZ_0899
LIM_CZ_01,LOC_CZ_0900
LIM_CZ_01,LOC_CZ_0901
LIM_CZ_01,LOC_CZ_0902
LIM_CZ_01,LOC_CZ_0903
LIM_CZ_01,LOC_CZ_0904
LIM_CZ_01,LOC_CZ_0905
LIM_CZ_01,LOC_CZ_0906
LIM_CZ_01,LOC_CZ_0907
LIM_CZ_01,LOC_CZ_0908
LIM_CZ_01,LOC_CZ_0909
LIM_CZ_01,LOC_CZ_0910
LIM_CZ_01,LOC_CZ_0911
LIM_CZ_01,LOC_CZ_0912
LIM_CZ_01,LOC_CZ_0913
LIM_CZ_01,LOC_CZ_0914
LIM_CZ_01,LOC_CZ_0915
LIM_CZ_01,LOC_CZ_0916
LIM_CZ_01,LOC_CZ_0917
LIM_CZ_01,LOC_CZ_0918
LIM_CZ_01,LOC_CZ_0919
LIM_CZ_01,LOC_CZ_0920
LIM_CZ_01,LOC_CZ_0921
LIM_CZ_01,LOC_CZ_0922
LIM_CZ_01,LOC_CZ_0923
LIM_CZ_01,LOC_CZ_0924
LIM_CZ_01,LOC_CZ_0925
LIM_CZ_01,LOC_CZ_0926
LIM_CZ_01,LOC_CZ_0927
LIM_CZ_01,LOC_CZ_0928
LIM_CZ_01,LOC_CZ_0929
LIM_CZ_01,LOC_CZ_0930
LIM_CZ_01,LOC_CZ_0931
LIM_CZ_01,LOC_CZ_0932
LIM_CZ_01,LOC_CZ_0933
LIM_CZ_01,LOC_CZ_0934
LIM_CZ_02,LOC_CZ_4070
LIM_CZ_02,LOC_CZ_4071
LIM_CZ_02,LOC_CZ_4072
LIM_CZ_02,LOC_CZ_4073
LIM_CZ_02,LOC_CZ_4074
LIM_CZ_02,LOC_CZ_4075
LIM_CZ_02,LOC_CZ_4076
LIM_CZ_02,LOC_CZ_4077
LIM_CZ_02,LOC_CZ_4078
LIM_CZ_02,LOC_CZ_4079
LIM_CZ_02,LOC_CZ_4080
LIM_CZ_02,LOC_CZ_4081
LIM_CZ_01,LOC_CZ_2504
LIM_CZ_01,LOC_CZ_2505
LIM_CZ_01,LOC_CZ_2506
LIM_CZ_01,LOC_CZ_2507
LIM_CZ_01,LOC_CZ_2508
LIM_CZ_01,LOC_CZ_2509
LIM_CZ_01,LOC_CZ_2510
LIM_CZ_01,LOC_CZ_2511
LIM_CZ_01,LOC_CZ_2512
LIM_CZ_01,LOC_CZ_2513
LIM_CZ_01,LOC_CZ_2514
LIM_CZ_01,LOC_CZ_2515
LIM_CZ_01,LOC_CZ_2516
LIM_CZ_01,LOC_CZ_2517
LIM_CZ_01,LOC_CZ_2518
LIM_CZ_01,LOC_CZ_2519
LIM_CZ_01,LOC_CZ_2520
LIM_CZ_01,LOC_CZ_2521
LIM_CZ_01,LOC_CZ_2522
LIM_CZ_01,LOC_CZ_2523
LIM_CZ_01,LOC_CZ_2524
LIM_CZ_01,LOC_CZ_2525
LIM_CZ_01,LOC_CZ_2526
LIM_CZ_01,LOC_CZ_2527
LIM_CZ_01,LOC_CZ_2528
LIM_CZ_01,LOC_CZ_2529
LIM_CZ_01,LOC_CZ_2530
LIM_CZ_01,LOC_CZ_2531
LIM_CZ_01,LOC_CZ_2532
LIM_CZ_01,LOC_CZ_2533
LIM_CZ_01,LOC_CZ_2534
LIM_CZ_01,LOC_CZ_2535
LIM_CZ_01,LOC_CZ_2536
LIM_CZ_01,LOC_CZ_2537
LIM_CZ_01,LOC_CZ_2538
LIM_CZ_01,LOC_CZ_2539
LIM_CZ_01,LOC_CZ_2540
LIM_CZ_01,LOC_CZ_2541
LIM_CZ_01,LOC_CZ_2542
LIM_CZ_01,LOC_CZ_2543
LIM_CZ_01,LOC_CZ_2544
LIM_CZ_01,LOC_CZ_2545
LIM_CZ_01,LOC_CZ_2546
LIM_CZ_01,LOC_CZ_2547
LIM_CZ_01,LOC_CZ_2548
LIM_CZ_01,LOC_CZ_2549
LIM_CZ_01,LOC_CZ_2550
LIM_CZ_01,LOC_CZ_2551
LIM_CZ_01,LOC_CZ_2552
LIM_CZ_01,LOC_CZ_2553
LIM_CZ_01,LOC_CZ_2554
LIM_CZ_01,LOC_CZ_2555
LIM_CZ_01,LOC_CZ_2556
LIM_CZ_01,LOC_CZ_2557
LIM_CZ_01,LOC_CZ_2558
LIM_CZ_01,LOC_CZ_2559
LIM_CZ_01,LOC_CZ_2560
LIM_CZ_01,LOC_CZ_2561
LIM_CZ_01,LOC_CZ_2562
LIM_CZ_01,LOC_CZ_2563
LIM_CZ_01,LOC_CZ_2564
LIM_CZ_01,LOC_CZ_2565
LIM_CZ_01,LOC_CZ_2566
LIM_CZ_01,LOC_CZ_2567
LIM_CZ_01,LOC_CZ_2568
LIM_CZ_01,LOC_CZ_2569
LIM_CZ_01,LOC_CZ_2570
LIM_CZ_01,LOC_CZ_2571
LIM_CZ_01,LOC_CZ_2572
LIM_CZ_01,LOC_CZ_2573
LIM_CZ_01,LOC_CZ_2574
LIM_CZ_01,LOC_CZ_2575
LIM_CZ_01,LOC_CZ_2576
LIM_CZ_01,LOC_CZ_2577
LIM_CZ_01,LOC_CZ_2578
LIM_CZ_01,LOC_CZ_2579
LIM_CZ_01,LOC_CZ_2580
LIM_CZ_01,LOC_CZ_2581
LIM_CZ_01,LOC_CZ_2582
LIM_CZ_01,LOC_CZ_2583
LIM_CZ_01,LOC_CZ_2584
LIM_CZ_01,LOC_CZ_2585
LIM_CZ_01,LOC_CZ_2586
LIM_CZ_01,LOC_CZ_2587
LIM_CZ_01,LOC_CZ_2588
LIM_CZ_01,LOC_CZ_2589
LIM_CZ_01,LOC_CZ_2590
LIM_CZ_01,LOC_CZ_2591
LIM_CZ_01,LOC_CZ_2592
LIM_CZ_01,LOC_CZ_2593
LIM_CZ_01,LOC_CZ_2594
LIM_CZ_01,LOC_CZ_2595
LIM_CZ_01,LOC_CZ_2596
LIM_CZ_01,LOC_CZ_2597
LIM_CZ_01,LOC_CZ_2598
LIM_CZ_01,LOC_CZ_2599
LIM_CZ_01,LOC_CZ_2600
LIM_CZ_01,LOC_CZ_2601
LIM_CZ_01,LOC_CZ_2602
LIM_CZ_01,LOC_CZ_2603
LIM_CZ_01,LOC_CZ_2604
LIM_CZ_01,LOC_CZ_2605
LIM_CZ_01,LOC_CZ_2606
LIM_CZ_01,LOC_CZ_2607
LIM_CZ_01,LOC_CZ_2608
LIM_CZ_01,LOC_CZ_2609
LIM_CZ_01,LOC_CZ_2610
LIM_CZ_01,LOC_CZ_2611
LIM_CZ_01,LOC_CZ_2612
LIM_CZ_01,LOC_CZ_2613
LIM_CZ_01,LOC_CZ_2614
LIM_CZ_01,LOC_CZ_2615
LIM_CZ_01,LOC_CZ_2616
LIM_CZ_01,LOC_CZ_2617
LIM_CZ_01,LOC_CZ_2618
LIM_CZ_01,LOC_CZ_2619
LIM_CZ_01,LOC_CZ_2620
LIM_CZ_01,LOC_CZ_2621
LIM_CZ_01,LOC_CZ_2622
LIM_CZ_01,LOC_CZ_2623
LIM_CZ_01,LOC_CZ_2624
LIM_CZ_01,LOC_CZ_2625
LIM_CZ_01,LOC_CZ_2626
LIM_CZ_01,LOC_CZ_2627
LIM_CZ_01,LOC_CZ_2628
LIM_CZ_01,LOC_CZ_2629
LIM_CZ_01,LOC_CZ_2630
LIM_CZ_01,LOC_CZ_2631
LIM_CZ_01,LOC_CZ_2632
LIM_CZ_01,LOC_CZ_2633
LIM_CZ_01,LOC_CZ_2634
LIM_CZ_01,LOC_CZ_2635
LIM_CZ_01,LOC_CZ_2636
LIM_CZ_01,LOC_CZ_2637
LIM_CZ_01,LOC_CZ_2638
LIM_CZ_01,LOC_CZ_2639
LIM_CZ_01,LOC_CZ_2640
LIM_CZ_01,LOC_CZ_2641
LIM_CZ_01,LOC_CZ_2642
LIM_CZ_01,LOC_CZ_2643
LIM_CZ_01,LOC_CZ_2644
LIM_CZ_01,LOC_CZ_2645
LIM_CZ_01,LOC_CZ_2646
LIM_CZ_01,LOC_CZ_2647
LIM_CZ_01,LOC_CZ_2648
LIM_CZ_01,LOC_CZ_2649
LIM_CZ_01,LOC_CZ_2650
LIM_CZ_01,LOC_CZ_2651
LIM_CZ_01,LOC_CZ_2652
LIM_CZ_01,LOC_CZ_2653
LIM_CZ_01,LOC_CZ_2654
LIM_CZ_01,LOC_CZ_2655
LIM_CZ_01,LOC_CZ_2656
LIM_CZ_01,LOC_CZ_2657
LIM_CZ_01,LOC_CZ_2658
LIM_CZ_01,LOC_CZ_2659
LIM_CZ_01,LOC_CZ_2660
LIM_CZ_01,LOC_CZ_2661
LIM_CZ_01,LOC_CZ_2662
LIM_CZ_01,LOC_CZ_2663
LIM_CZ_01,LOC_CZ_2664
LIM_CZ_01,LOC_CZ_2665
LIM_CZ_01,LOC_CZ_2666
LIM_CZ_01,LOC_CZ_2667
LIM_CZ_01,LOC_CZ_2668
LIM_CZ_01,LOC_CZ_2669
LIM_CZ_01,LOC_CZ_2670
LIM_CZ_01,LOC_CZ_2671
LIM_CZ_01,LOC_CZ_2672
LIM_CZ_01,LOC_CZ_2673
LIM_CZ_01,LOC_CZ_2674
LIM_CZ_01,LOC_CZ_2675
LIM_CZ_01,LOC_CZ_2676
LIM_CZ_01,LOC_CZ_2677
LIM_CZ_01,LOC_CZ_2678
LIM_CZ_01,LOC_CZ_2679
LIM_CZ_01,LOC_CZ_2680
LIM_CZ_01,LOC_CZ_2681
LIM_CZ_01,LOC_CZ_2682
LIM_CZ_01,LOC_CZ_2683
LIM_CZ_01,LOC_CZ_2684
LIM_CZ_01,LOC_CZ_2685
LIM_CZ_01,LOC_CZ_2686
LIM_CZ_01,LOC_CZ_2687
LIM_CZ_01,LOC_CZ_2688
LIM_CZ_01,LOC_CZ_2689
LIM_CZ_01,LOC_CZ_2690
LIM_CZ_01,LOC_CZ_2691
LIM_CZ_01,LOC_CZ_2692
LIM_CZ_01,LOC_CZ_2693
LIM_CZ_01,LOC_CZ_2694
LIM_CZ_01,LOC_CZ_2695
LIM_CZ_01,LOC_CZ_2696
LIM_CZ_01,LOC_CZ_2697
LIM_CZ_01,LOC_CZ_2698
LIM_CZ_01,LOC_CZ_2699
LIM_CZ_01,LOC_CZ_2700
LIM_CZ_01,LOC_CZ_2701
LIM_CZ_01,LOC_CZ_2702
LIM_CZ_01,LOC_CZ_2703
LIM_CZ_01,LOC_CZ_2704
LIM_CZ_01,LOC_CZ_2705
LIM_CZ_01,LOC_CZ_2706
LIM_CZ_01,LOC_CZ_2707
LIM_CZ_01,LOC_CZ_2708
LIM_CZ_01,LOC_CZ_2709
LIM_CZ_01,LOC_CZ_2710
LIM_CZ_01,LOC_CZ_2711
LIM_CZ_01,LOC_CZ_2712
LIM_CZ_01,LOC_CZ_2713
LIM_CZ_01,LOC_CZ_2714
LIM_CZ_01,LOC_CZ_2715
LIM_CZ_01,LOC_CZ_2716
LIM_CZ_01,LOC_CZ_2717
LIM_CZ_01,LOC_CZ_2718
LIM_CZ_01,LOC_CZ_2719
LIM_CZ_01,LOC_CZ_2720
LIM_CZ_01,LOC_CZ_2721
LIM_CZ_01,LOC_CZ_2722
LIM_CZ_01,LOC_CZ_2723
LIM_CZ_01,LOC_CZ_2724
LIM_CZ_01,LOC_CZ_2725
LIM_CZ_01,LOC_CZ_2726
LIM_CZ_01,LOC_CZ_2727
LIM_CZ_01,LOC_CZ_2728
LIM_CZ_01,LOC_CZ_2729
LIM_CZ_01,LOC_CZ_2730
LIM_CZ_01,LOC_CZ_2731
LIM_CZ_01,LOC_CZ_2732
LIM_CZ_01,LOC_CZ_2733
LIM_CZ_01,LOC_CZ_2734
LIM_CZ_01,LOC_CZ_2735
LIM_CZ_01,LOC_CZ_2736
LIM_CZ_01,LOC_CZ_2737
LIM_CZ_01,LOC_CZ_2738
LIM_CZ_01,LOC_CZ_2739
LIM_CZ_01,LOC_CZ_2740
LIM_CZ_01,LOC_CZ_2741
LIM_CZ_01,LOC_CZ_2742
LIM_CZ_01,LOC_CZ_2743
LIM_CZ_01,LOC_CZ_2744
LIM_CZ_01,LOC_CZ_2745
LIM_CZ_01,LOC_CZ_2746
LIM_CZ_01,LOC_CZ_2747
LIM_CZ_01,LOC_CZ_2748
LIM_CZ_01,LOC_CZ_2749
LIM_CZ_01,LOC_CZ_2750
LIM_CZ_01,LOC_CZ_2751
LIM_CZ_01,LOC_CZ_2752
LIM_CZ_01,LOC_CZ_2753
LIM_CZ_01,LOC_CZ_2754
LIM_CZ_01,LOC_CZ_2755
LIM_CZ_01,LOC_CZ_2756
LIM_CZ_01,LOC_CZ_2757
LIM_CZ_01,LOC_CZ_2758
LIM_CZ_01,LOC_CZ_2759
LIM_CZ_01,LOC_CZ_2760
LIM_CZ_01,LOC_CZ_2761
LIM_CZ_01,LOC_CZ_2762
LIM_CZ_01,LOC_CZ_2763
LIM_CZ_01,LOC_CZ_2764
LIM_CZ_01,LOC_CZ_2765
LIM_CZ_01,LOC_CZ_2766
LIM_CZ_01,LOC_CZ_2767
LIM_CZ_01,LOC_CZ_2768
LIM_CZ_01,LOC_CZ_2769
LIM_CZ_01,LOC_CZ_2770
LIM_CZ_01,LOC_CZ_2771
LIM_CZ_01,LOC_CZ_2772
LIM_CZ_01,LOC_CZ_2773
LIM_CZ_01,LOC_CZ_2774
LIM_CZ_01,LOC_CZ_2775
LIM_CZ_01,LOC_CZ_2776
LIM_CZ_01,LOC_CZ_2777
LIM_CZ_01,LOC_CZ_2778
LIM_CZ_01,LOC_CZ_2779
LIM_CZ_01,LOC_CZ_2780
LIM_CZ_01,LOC_CZ_2781
LIM_CZ_01,LOC_CZ_2782
LIM_CZ_01,LOC_CZ_2783
LIM_CZ_01,LOC_CZ_2784
LIM_CZ_01,LOC_CZ_2785
LIM_CZ_01,LOC_CZ_2786
LIM_CZ_01,LOC_CZ_2787
LIM_CZ_01,LOC_CZ_2788
LIM_CZ_01,LOC_CZ_2789
LIM_CZ_01,LOC_CZ_2790
LIM_CZ_01,LOC_CZ_2791
LIM_CZ_01,LOC_CZ_2792
LIM_CZ_01,LOC_CZ_2793
LIM_CZ_01,LOC_CZ_2794
LIM_CZ_01,LOC_CZ_2795
LIM_CZ_01,LOC_CZ_2796
LIM_CZ_01,LOC_CZ_2797
LIM_CZ_01,LOC_CZ_2798
LIM_CZ_01,LOC_CZ_2799
LIM_CZ_01,LOC_CZ_2800
LIM_CZ_01,LOC_CZ_2801
LIM_CZ_01,LOC_CZ_2802
LIM_CZ_01,LOC_CZ_2803
LIM_CZ_01,LOC_CZ_2804
LIM_CZ_01,LOC_CZ_2805
LIM_CZ_01,LOC_CZ_2806
LIM_CZ_01,LOC_CZ_2807
LIM_CZ_01,LOC_CZ_2808
LIM_CZ_01,LOC_CZ_2809
LIM_CZ_01,LOC_CZ_2810
LIM_CZ_01,LOC_CZ_2811
LIM_CZ_01,LOC_CZ_2812
LIM_CZ_01,LOC_CZ_2813
LIM_CZ_01,LOC_CZ_2814
LIM_CZ_01,LOC_CZ_2815
LIM_CZ_01,LOC_CZ_2816
LIM_CZ_01,LOC_CZ_2817
LIM_CZ_01,LOC_CZ_2818
LIM_CZ_01,LOC_CZ_2819
LIM_CZ_01,LOC_CZ_2820
LIM_CZ_01,LOC_CZ_2821
LIM_CZ_01,LOC_CZ_2822
LIM_CZ_01,LOC_CZ_2823
LIM_CZ_01,LOC_CZ_2824
LIM_CZ_01,LOC_CZ_2825
LIM_CZ_01,LOC_CZ_2826
LIM_CZ_01,LOC_CZ_2827
LIM_CZ_01,LOC_CZ_2828
LIM_CZ_01,LOC_CZ_2829
LIM_CZ_01,LOC_CZ_2830
LIM_CZ_01,LOC_CZ_2831
LIM_CZ_01,LOC_CZ_2832
LIM_CZ_01,LOC_CZ_2833
LIM_CZ_01,LOC_CZ_2834
LIM_CZ_01,LOC_CZ_2835
LIM_CZ_01,LOC_CZ_2836
LIM_CZ_01,LOC_CZ_2837
LIM_CZ_01,LOC_CZ_2838
LIM_CZ_01,LOC_CZ_2839
LIM_CZ_01,LOC_CZ_2840
LIM_CZ_01,LOC_CZ_2841
LIM_CZ_01,LOC_CZ_2842
LIM_CZ_01,LOC_CZ_2843
LIM_CZ_01,LOC_CZ_2844
LIM_CZ_01,LOC_CZ_2845
LIM_CZ_01,LOC_CZ_2846
LIM_CZ_01,LOC_CZ_2847
LIM_CZ_01,LOC_CZ_2848
LIM_CZ_01,LOC_CZ_2849
LIM_CZ_01,LOC_CZ_2850
LIM_CZ_01,LOC_CZ_2851
LIM_CZ_01,LOC_CZ_2852
LIM_CZ_01,LOC_CZ_2853
LIM_CZ_01,LOC_CZ_2854
LIM_CZ_01,LOC_CZ_2855
LIM_CZ_01,LOC_CZ_2856
LIM_CZ_01,LOC_CZ_2857
LIM_CZ_01,LOC_CZ_2858
LIM_CZ_01,LOC_CZ_2859
LIM_CZ_01,LOC_CZ_2860
LIM_CZ_01,LOC_CZ_2861
LIM_CZ_01,LOC_CZ_2862
LIM_CZ_01,LOC_CZ_2863
LIM_CZ_01,LOC_CZ_2864
LIM_CZ_01,LOC_CZ_2865
LIM_CZ_01,LOC_CZ_2866
LIM_CZ_01,LOC_CZ_2867
LIM_CZ_01,LOC_CZ_2868
LIM_CZ_01,LOC_CZ_2869
LIM_CZ_01,LOC_CZ_2870
LIM_CZ_01,LOC_CZ_2871
LIM_CZ_01,LOC_CZ_2872
LIM_CZ_01,LOC_CZ_2873
LIM_CZ_01,LOC_CZ_2874
LIM_CZ_01,LOC_CZ_2875
LIM_CZ_01,LOC_CZ_2876
LIM_CZ_01,LOC_CZ_2877
LIM_CZ_01,LOC_CZ_2878
LIM_CZ_01,LOC_CZ_2879
LIM_CZ_01,LOC_CZ_2880
LIM_CZ_01,LOC_CZ_2881
LIM_CZ_01,LOC_CZ_2882
LIM_CZ_01,LOC_CZ_2883
LIM_CZ_01,LOC_CZ_2884
LIM_CZ_01,LOC_CZ_2885
LIM_CZ_01,LOC_CZ_2886
LIM_CZ_01,LOC_CZ_2887
LIM_CZ_01,LOC_CZ_2888
LIM_CZ_01,LOC_CZ_2889
LIM_CZ_01,LOC_CZ_2890
LIM_CZ_01,LOC_CZ_2891
LIM_CZ_01,LOC_CZ_2892
LIM_CZ_01,LOC_CZ_2893
LIM_CZ_01,LOC_CZ_2894
LIM_CZ_01,LOC_CZ_2895
LIM_CZ_01,LOC_CZ_2896
LIM_CZ_01,LOC_CZ_2897
LIM_CZ_01,LOC_CZ_2898
LIM_CZ_01,LOC_CZ_2899
LIM_CZ_01,LOC_CZ_2900
LIM_CZ_01,LOC_CZ_2901
LIM_CZ_01,LOC_CZ_2902
LIM_CZ_01,LOC_CZ_2903
LIM_CZ_01,LOC_CZ_2904
LIM_CZ_01,LOC_CZ_2905
LIM_CZ_01,LOC_CZ_2906
LIM_CZ_01,LOC_CZ_2907
LIM_CZ_01,LOC_CZ_2908
LIM_CZ_01,LOC_CZ_2909
LIM_CZ_01,LOC_CZ_2910
LIM_CZ_01,LOC_CZ_2911
LIM_CZ_01,LOC_CZ_2912
LIM_CZ_01,LOC_CZ_2913
LIM_CZ_01,LOC_CZ_2914
LIM_CZ_01,LOC_CZ_2915
LIM_CZ_01,LOC_CZ_2916
LIM_CZ_01,LOC_CZ_2917
LIM_CZ_01,LOC_CZ_2918
LIM_CZ_01,LOC_CZ_2919
LIM_CZ_01,LOC_CZ_2920
LIM_CZ_01,LOC_CZ_2921
LIM_CZ_01,LOC_CZ_2922
LIM_CZ_01,LOC_CZ_2923
LIM_CZ_01,LOC_CZ_2924
LIM_CZ_01,LOC_CZ_2925
LIM_CZ_01,LOC_CZ_2926
LIM_CZ_01,LOC_CZ_2927
LIM_CZ_01,LOC_CZ_2928
LIM_CZ_01,LOC_CZ_2929
LIM_CZ_01,LOC_CZ_2930
LIM_CZ_01,LOC_CZ_2931
LIM_CZ_01,LOC_CZ_2932
LIM_CZ_01,LOC_CZ_2933
LIM_CZ_01,LOC_CZ_2934
LIM_CZ_01,LOC_CZ_2935
LIM_CZ_01,LOC_CZ_2936
LIM_CZ_01,LOC_CZ_2937
LIM_CZ_01,LOC_CZ_2938
LIM_CZ_01,LOC_CZ_2939
LIM_CZ_01,LOC_CZ_2940
LIM_CZ_01,LOC_CZ_2941
LIM_CZ_01,LOC_CZ_2942
LIM_CZ_01,LOC_CZ_2943
LIM_CZ_01,LOC_CZ_2944
LIM_CZ_01,LOC_CZ_2945
LIM_CZ_01,LOC_CZ_2946
LIM_CZ_01,LOC_CZ_2947
LIM_CZ_01,LOC_CZ_2948
LIM_CZ_01,LOC_CZ_2949
LIM_CZ_01,LOC_CZ_2950
LIM_CZ_01,LOC_CZ_2951
LIM_CZ_01,LOC_CZ_2952
LIM_CZ_01,LOC_CZ_2953
LIM_CZ_01,LOC_CZ_2954
LIM_CZ_01,LOC_CZ_2955
LIM_CZ_01,LOC_CZ_2956
LIM_CZ_01,LOC_CZ_2957
LIM_CZ_01,LOC_CZ_2958
LIM_CZ_01,LOC_CZ_2959
LIM_CZ_01,LOC_CZ_2960
LIM_CZ_01,LOC_CZ_2961
LIM_CZ_01,LOC_CZ_2962
LIM_CZ_01,LOC_CZ_2963
LIM_CZ_01,LOC_CZ_2964
LIM_CZ_01,LOC_CZ_2965
LIM_CZ_01,LOC_CZ_2966
LIM_CZ_01,LOC_CZ_2967
LIM_CZ_01,LOC_CZ_2968
LIM_CZ_01,LOC_CZ_2969
LIM_CZ_01,LOC_CZ_2970
LIM_CZ_01,LOC_CZ_2971
LIM_CZ_01,LOC_CZ_2972
LIM_CZ_01,LOC_CZ_2973
LIM_CZ_01,LOC_CZ_2974
LIM_CZ_01,LOC_CZ_2975
LIM_CZ_01,LOC_CZ_2976
LIM_CZ_01,LOC_CZ_2977
LIM_CZ_01,LOC_CZ_2978
LIM_CZ_01,LOC_CZ_2979
LIM_CZ_01,LOC_CZ_2980
LIM_CZ_01,LOC_CZ_2981
LIM_CZ_01,LOC_CZ_2982
LIM_CZ_01,LOC_CZ_2983
LIM_CZ_01,LOC_CZ_2984
LIM_CZ_01,LOC_CZ_2985
LIM_CZ_01,LOC_CZ_2986
LIM_CZ_01,LOC_CZ_2987
LIM_CZ_01,LOC_CZ_2988
LIM_CZ_01,LOC_CZ_2989
LIM_CZ_01,LOC_CZ_2990
LIM_CZ_01,LOC_CZ_2991
LIM_CZ_01,LOC_CZ_2992
LIM_CZ_01,LOC_CZ_2993
LIM_CZ_01,LOC_CZ_2994
LIM_CZ_01,LOC_CZ_2995
LIM_CZ_01,LOC_CZ_2996
LIM_CZ_01,LOC_CZ_2997
LIM_CZ_01,LOC_CZ_2998
LIM_CZ_01,LOC_CZ_2999
LIM_CZ_01,LOC_CZ_3000
LIM_CZ_01,LOC_CZ_3001
LIM_CZ_01,LOC_CZ_3002
LIM_CZ_01,LOC_CZ_3003
LIM_CZ_01,LOC_CZ_3004
LIM_CZ_01,LOC_CZ_3005
LIM_CZ_01,LOC_CZ_3006
LIM_CZ_01,LOC_CZ_3007
LIM_CZ_01,LOC_CZ_3008
LIM_CZ_01,LOC_CZ_3009
LIM_CZ_01,LOC_CZ_3010
LIM_CZ_01,LOC_CZ_3011
LIM_CZ_01,LOC_CZ_3012
LIM_CZ_01,LOC_CZ_3013
LIM_CZ_01,LOC_CZ_3014
LIM_CZ_01,LOC_CZ_3015
LIM_CZ_01,LOC_CZ_3016
LIM_CZ_01,LOC_CZ_3017
LIM_CZ_01,LOC_CZ_3018
LIM_CZ_01,LOC_CZ_3019
LIM_CZ_01,LOC_CZ_3020
LIM_CZ_01,LOC_CZ_3021
LIM_CZ_01,LOC_CZ_3022
LIM_CZ_01,LOC_CZ_3023
LIM_CZ_01,LOC_CZ_3024
LIM_CZ_01,LOC_CZ_3025
LIM_CZ_01,LOC_CZ_3026
LIM_CZ_01,LOC_CZ_3027
LIM_CZ_01,LOC_CZ_3028
LIM_CZ_01,LOC_CZ_3029
LIM_CZ_01,LOC_CZ_3030
LIM_CZ_01,LOC_CZ_3031
LIM_CZ_01,LOC_CZ_3032
LIM_CZ_01,LOC_CZ_3033
LIM_CZ_01,LOC_CZ_3034
LIM_CZ_01,LOC_CZ_3035
LIM_CZ_01,LOC_CZ_3036
LIM_CZ_01,LOC_CZ_3037
LIM_CZ_01,LOC_CZ_3038
LIM_CZ_01,LOC_CZ_3039
LIM_CZ_01,LOC_CZ_3040
LIM_CZ_01,LOC_CZ_3041
LIM_CZ_01,LOC_CZ_3042
LIM_CZ_01,LOC_CZ_3043
LIM_CZ_01,LOC_CZ_3044
LIM_CZ_01,LOC_CZ_3045
LIM_CZ_01,LOC_CZ_3046
LIM_CZ_01,LOC_CZ_3047
LIM_CZ_01,LOC_CZ_3048
LIM_CZ_01,LOC_CZ_3049
LIM_CZ_01,LOC_CZ_3050
LIM_CZ_01,LOC_CZ_3051
LIM_CZ_01,LOC_CZ_3052
LIM_CZ_01,LOC_CZ_3053
LIM_CZ_01,LOC_CZ_3054
LIM_CZ_01,LOC_CZ_3055
LIM_CZ_01,LOC_CZ_3056
LIM_CZ_01,LOC_CZ_3057
LIM_CZ_01,LOC_CZ_3058
LIM_CZ_01,LOC_CZ_3059
LIM_CZ_01,LOC_CZ_3060
LIM_CZ_01,LOC_CZ_3061
LIM_CZ_01,LOC_CZ_3062
LIM_CZ_01,LOC_CZ_3063
LIM_CZ_01,LOC_CZ_3064
LIM_CZ_01,LOC_CZ_3065
LIM_CZ_01,LOC_CZ_3066
LIM_CZ_01,LOC_CZ_3067
LIM_CZ_01,LOC_CZ_3068
LIM_CZ_01,LOC_CZ_3069
LIM_CZ_01,LOC_CZ_3070
LIM_CZ_01,LOC_CZ_3071
LIM_CZ_01,LOC_CZ_3072
LIM_CZ_01,LOC_CZ_3073
LIM_CZ_01,LOC_CZ_3074
LIM_CZ_01,LOC_CZ_3075
LIM_CZ_01,LOC_CZ_3076
LIM_CZ_01,LOC_CZ_3077
LIM_CZ_01,LOC_CZ_3078
LIM_CZ_01,LOC_CZ_3079
LIM_CZ_01,LOC_CZ_3080
LIM_CZ_01,LOC_CZ_3081
LIM_CZ_01,LOC_CZ_3082
LIM_CZ_01,LOC_CZ_3083
LIM_CZ_01,LOC_CZ_3084
LIM_CZ_01,LOC_CZ_3085
LIM_CZ_01,LOC_CZ_3086
LIM_CZ_01,LOC_CZ_3087
LIM_CZ_01,LOC_CZ_3088
LIM_CZ_01,LOC_CZ_3089
LIM_CZ_01,LOC_CZ_3090
LIM_CZ_01,LOC_CZ_3091
LIM_CZ_01,LOC_CZ_3092
LIM_CZ_01,LOC_CZ_3093
LIM_CZ_01,LOC_CZ_3094
LIM_CZ_01,LOC_CZ_3095
LIM_CZ_01,LOC_CZ_3096
LIM_CZ_01,LOC_CZ_3097
LIM_CZ_01,LOC_CZ_3098
LIM_CZ_01,LOC_CZ_3099
LIM_CZ_01,LOC_CZ_3100
LIM_CZ_01,LOC_CZ_3101
LIM_CZ_01,LOC_CZ_3102
LIM_CZ_01,LOC_CZ_3103
LIM_CZ_01,LOC_CZ_3104
LIM_CZ_01,LOC_CZ_3105
LIM_CZ_01,LOC_CZ_3106
LIM_CZ_01,LOC_CZ_3107
LIM_CZ_01,LOC_CZ_3108
LIM_CZ_01,LOC_CZ_3109
LIM_CZ_01,LOC_CZ_3110
LIM_CZ_01,LOC_CZ_3111
LIM_CZ_01,LOC_CZ_3112
LIM_CZ_01,LOC_CZ_3113
LIM_CZ_01,LOC_CZ_3114
LIM_CZ_01,LOC_CZ_3115
LIM_CZ_01,LOC_CZ_3116
LIM_CZ_01,LOC_CZ_3117
LIM_CZ_01,LOC_CZ_3118
LIM_CZ_01,LOC_CZ_3119
LIM_CZ_01,LOC_CZ_3120
LIM_CZ_01,LOC_CZ_3121
LIM_CZ_01,LOC_CZ_3122
LIM_CZ_01,LOC_CZ_3123
LIM_CZ_01,LOC_CZ_3124
LIM_CZ_01,LOC_CZ_3125
LIM_CZ_01,LOC_CZ_3126
LIM_CZ_01,LOC_CZ_3127
LIM_CZ_01,LOC_CZ_3128
LIM_CZ_01,LOC_CZ_3129
LIM_CZ_01,LOC_CZ_3130
LIM_CZ_01,LOC_CZ_3131
LIM_CZ_01,LOC_CZ_3132
LIM_CZ_01,LOC_CZ_3133
LIM_CZ_01,LOC_CZ_3134
LIM_CZ_01,LOC_CZ_3135
LIM_CZ_01,LOC_CZ_3136
LIM_CZ_01,LOC_CZ_3137
LIM_CZ_01,LOC_CZ_3138
LIM_CZ_01,LOC_CZ_3139
LIM_CZ_01,LOC_CZ_3140
LIM_CZ_01,LOC_CZ_3141
LIM_CZ_01,LOC_CZ_3142
LIM_CZ_01,LOC_CZ_3143
LIM_CZ_01,LOC_CZ_3144
LIM_CZ_01,LOC_CZ_3145
LIM_CZ_01,LOC_CZ_3146
LIM_CZ_01,LOC_CZ_3147
LIM_CZ_01,LOC_CZ_3148
LIM_CZ_01,LOC_CZ_3149
LIM_CZ_01,LOC_CZ_3150
LIM_CZ_01,LOC_CZ_3151
LIM_CZ_01,LOC_CZ_3152
LIM_CZ_01,LOC_CZ_3153
LIM_CZ_01,LOC_CZ_3154
LIM_CZ_01,LOC_CZ_3155
LIM_CZ_01,LOC_CZ_3156
LIM_CZ_01,LOC_CZ_3157
LIM_CZ_01,LOC_CZ_3158
LIM_CZ_01,LOC_CZ_3159
LIM_CZ_01,LOC_CZ_3160
LIM_CZ_01,LOC_CZ_3161
LIM_CZ_01,LOC_CZ_3162
LIM_CZ_01,LOC_CZ_3163
LIM_CZ_01,LOC_CZ_3164
LIM_CZ_01,LOC_CZ_3165
LIM_CZ_01,LOC_CZ_3166
LIM_CZ_01,LOC_CZ_3167
LIM_CZ_01,LOC_CZ_3168
LIM_CZ_01,LOC_CZ_3169
LIM_CZ_01,LOC_CZ_3170
LIM_CZ_01,LOC_CZ_3171
LIM_CZ_01,LOC_CZ_3172
LIM_CZ_01,LOC_CZ_3173
LIM_CZ_01,LOC_CZ_3174
LIM_CZ_01,LOC_CZ_3175
LIM_CZ_01,LOC_CZ_3176
LIM_CZ_01,LOC_CZ_3177
LIM_CZ_01,LOC_CZ_3178
LIM_CZ_01,LOC_CZ_3179
LIM_CZ_01,LOC_CZ_3180
LIM_CZ_01,LOC_CZ_3181
LIM_CZ_01,LOC_CZ_3182
LIM_CZ_01,LOC_CZ_3183
LIM_CZ_01,LOC_CZ_3184
LIM_CZ_01,LOC_CZ_3185
LIM_CZ_01,LOC_CZ_3186
LIM_CZ_01,LOC_CZ_3187
LIM_CZ_01,LOC_CZ_3188
LIM_CZ_01,LOC_CZ_3189
LIM_CZ_01,LOC_CZ_3190
LIM_CZ_01,LOC_CZ_3191
LIM_CZ_01,LOC_CZ_3192
LIM_CZ_01,LOC_CZ_3193
LIM_CZ_01,LOC_CZ_3194
LIM_CZ_01,LOC_CZ_3195
LIM_CZ_01,LOC_CZ_3196
LIM_CZ_01,LOC_CZ_3197
LIM_CZ_01,LOC_CZ_3198
LIM_CZ_01,LOC_CZ_3199
LIM_CZ_01,LOC_CZ_3200
LIM_CZ_01,LOC_CZ_3201
LIM_CZ_01,LOC_CZ_3202
LIM_CZ_01,LOC_CZ_3203
LIM_CZ_01,LOC_CZ_3204
LIM_CZ_01,LOC_CZ_3205
LIM_CZ_01,LOC_CZ_3206
LIM_CZ_01,LOC_CZ_3207
LIM_CZ_01,LOC_CZ_3208
LIM_CZ_01,LOC_CZ_3209
LIM_CZ_01,LOC_CZ_3210
LIM_CZ_01,LOC_CZ_3211
LIM_CZ_01,LOC_CZ_3212
LIM_CZ_01,LOC_CZ_3213
LIM_CZ_01,LOC_CZ_3214
LIM_CZ_01,LOC_CZ_3215
LIM_CZ_01,LOC_CZ_3216
LIM_CZ_01,LOC_CZ_3217
LIM_CZ_01,LOC_CZ_3218
LIM_CZ_01,LOC_CZ_3219
LIM_CZ_01,LOC_CZ_3220
LIM_CZ_01,LOC_CZ_3221
LIM_CZ_01,LOC_CZ_3222
LIM_CZ_01,LOC_CZ_3223
LIM_CZ_01,LOC_CZ_3224
LIM_CZ_01,LOC_CZ_3225
LIM_CZ_01,LOC_CZ_3226
LIM_CZ_01,LOC_CZ_3227
LIM_CZ_01,LOC_CZ_3228
LIM_CZ_01,LOC_CZ_3229
LIM_CZ_01,LOC_CZ_3230
LIM_CZ_01,LOC_CZ_3231
LIM_CZ_01,LOC_CZ_3232
LIM_CZ_01,LOC_CZ_3233
LIM_CZ_01,LOC_CZ_3234
LIM_CZ_01,LOC_CZ_3235
LIM_CZ_01,LOC_CZ_3236
LIM_CZ_01,LOC_CZ_3237
LIM_CZ_01,LOC_CZ_3238
LIM_CZ_01,LOC_CZ_3239
LIM_CZ_01,LOC_CZ_3240
LIM_CZ_01,LOC_CZ_3241
LIM_CZ_01,LOC_CZ_3242
LIM_CZ_01,LOC_CZ_3243
LIM_CZ_01,LOC_CZ_3244
LIM_CZ_01,LOC_CZ_3245
LIM_CZ_01,LOC_CZ_3246
LIM_CZ_01,LOC_CZ_3247
LIM_CZ_01,LOC_CZ_3248
LIM_CZ_01,LOC_CZ_3249
LIM_CZ_01,LOC_CZ_3250
LIM_CZ_01,LOC_CZ_3251
LIM_CZ_01,LOC_CZ_3252
LIM_CZ_01,LOC_CZ_3253
LIM_CZ_01,LOC_CZ_3254
LIM_CZ_01,LOC_CZ_3255
LIM_CZ_01,LOC_CZ_3256
LIM_CZ_01,LOC_CZ_3257
LIM_CZ_01,LOC_CZ_3258
LIM_CZ_01,LOC_CZ_3259
LIM_CZ_01,LOC_CZ_3260
LIM_CZ_01,LOC_CZ_3261
LIM_CZ_01,LOC_CZ_3262
LIM_CZ_01,LOC_CZ_3263
LIM_CZ_01,LOC_CZ_3264
LIM_CZ_01,LOC_CZ_3265
LIM_CZ_01,LOC_CZ_3266
LIM_CZ_01,LOC_CZ_3267
LIM_CZ_01,LOC_CZ_3268
LIM_CZ_01,LOC_CZ_3269
LIM_CZ_01,LOC_CZ_3270
LIM_CZ_01,LOC_CZ_3271
LIM_CZ_01,LOC_CZ_3272
LIM_CZ_01,LOC_CZ_3273
LIM_CZ_01,LOC_CZ_3274
LIM_CZ_01,LOC_CZ_3275
LIM_CZ_01,LOC_CZ_3276
LIM_CZ_01,LOC_CZ_3277
LIM_CZ_01,LOC_CZ_3278
LIM_CZ_01,LOC_CZ_3279
LIM_CZ_01,LOC_CZ_3280
LIM_CZ_01,LOC_CZ_3281
LIM_CZ_01,LOC_CZ_3282
LIM_CZ_01,LOC_CZ_3283
LIM_CZ_01,LOC_CZ_3284
LIM_CZ_01,LOC_CZ_3285
LIM_CZ_01,LOC_CZ_3286
LIM_CZ_01,LOC_CZ_3287
LIM_CZ_01,LOC_CZ_3288
LIM_CZ_01,LOC_CZ_3289
LIM_CZ_01,LOC_CZ_3290
LIM_CZ_01,LOC_CZ_3291
LIM_CZ_01,LOC_CZ_3292
LIM_CZ_01,LOC_CZ_3293
LIM_CZ_01,LOC_CZ_3294
LIM_CZ_01,LOC_CZ_3295
LIM_CZ_01,LOC_CZ_3296
LIM_CZ_01,LOC_CZ_3297
LIM_CZ_01,LOC_CZ_3298
LIM_CZ_01,LOC_CZ_3299
LIM_CZ_01,LOC_CZ_3300
LIM_CZ_01,LOC_CZ_3301
LIM_CZ_01,LOC_CZ_3302
LIM_CZ_01,LOC_CZ_3303
LIM_CZ_01,LOC_CZ_3304
LIM_CZ_01,LOC_CZ_3305
LIM_CZ_01,LOC_CZ_3306
LIM_CZ_01,LOC_CZ_3307
LIM_CZ_01,LOC_CZ_3308
LIM_CZ_01,LOC_CZ_3309
LIM_CZ_01,LOC_CZ_3310
LIM_CZ_01,LOC_CZ_3311
LIM_CZ_01,LOC_CZ_3312
LIM_CZ_01,LOC_CZ_3313
LIM_CZ_01,LOC_CZ_3314
LIM_CZ_01,LOC_CZ_3315
LIM_CZ_01,LOC_CZ_3316
LIM_CZ_01,LOC_CZ_3317
LIM_CZ_01,LOC_CZ_3318
LIM_CZ_01,LOC_CZ_3319
LIM_CZ_01,LOC_CZ_3320
LIM_CZ_01,LOC_CZ_3321
LIM_CZ_01,LOC_CZ_3322
LIM_CZ_01,LOC_CZ_3323
LIM_CZ_01,LOC_CZ_3324
LIM_CZ_01,LOC_CZ_3325
LIM_CZ_01,LOC_CZ_3326
LIM_CZ_01,LOC_CZ_3327
LIM_CZ_01,LOC_CZ_3328
LIM_CZ_01,LOC_CZ_3329
LIM_CZ_01,LOC_CZ_3330
LIM_CZ_01,LOC_CZ_3331
LIM_CZ_01,LOC_CZ_3332
LIM_CZ_01,LOC_CZ_3333
LIM_CZ_01,LOC_CZ_3334
LIM_CZ_01,LOC_CZ_3335
LIM_CZ_01,LOC_CZ_3336
LIM_CZ_01,LOC_CZ_3337
LIM_CZ_01,LOC_CZ_3338
LIM_CZ_01,LOC_CZ_3339
LIM_CZ_01,LOC_CZ_3340
LIM_CZ_01,LOC_CZ_3341
LIM_CZ_01,LOC_CZ_3342
LIM_CZ_01,LOC_CZ_3343
LIM_CZ_01,LOC_CZ_3344
LIM_CZ_01,LOC_CZ_3345
LIM_CZ_01,LOC_CZ_3346
LIM_CZ_01,LOC_CZ_3347
LIM_CZ_01,LOC_CZ_3348
LIM_CZ_01,LOC_CZ_3349
LIM_CZ_01,LOC_CZ_3350
LIM_CZ_01,LOC_CZ_3351
LIM_CZ_01,LOC_CZ_3352
LIM_CZ_01,LOC_CZ_3353
LIM_CZ_01,LOC_CZ_3354
LIM_CZ_01,LOC_CZ_3355
LIM_CZ_01,LOC_CZ_3356
LIM_CZ_01,LOC_CZ_3357
LIM_CZ_01,LOC_CZ_3358
LIM_CZ_01,LOC_CZ_3359
LIM_CZ_01,LOC_CZ_3360
LIM_CZ_01,LOC_CZ_3361
LIM_CZ_01,LOC_CZ_3362
LIM_CZ_01,LOC_CZ_3363
LIM_CZ_01,LOC_CZ_3364
LIM_CZ_01,LOC_CZ_3365
LIM_CZ_01,LOC_CZ_3366
LIM_CZ_01,LOC_CZ_3367
LIM_CZ_01,LOC_CZ_3368
LIM_CZ_01,LOC_CZ_3369
LIM_CZ_01,LOC_CZ_3370
LIM_CZ_01,LOC_CZ_3371
LIM_CZ_01,LOC_CZ_3372
LIM_CZ_01,LOC_CZ_3373
LIM_CZ_01,LOC_CZ_3374
LIM_CZ_01,LOC_CZ_3375
LIM_CZ_01,LOC_CZ_3376
LIM_CZ_01,LOC_CZ_3377
LIM_CZ_01,LOC_CZ_3378
LIM_CZ_01,LOC_CZ_3379
LIM_CZ_01,LOC_CZ_3380
LIM_CZ_01,LOC_CZ_3381
LIM_CZ_01,LOC_CZ_3382
LIM_CZ_01,LOC_CZ_3383
LIM_CZ_01,LOC_CZ_3384
LIM_CZ_01,LOC_CZ_3385
LIM_CZ_01,LOC_CZ_3386
LIM_CZ_01,LOC_CZ_3387
LIM_CZ_01,LOC_CZ_3388
LIM_CZ_01,LOC_CZ_3389
LIM_CZ_01,LOC_CZ_3390
LIM_CZ_01,LOC_CZ_3391
LIM_CZ_01,LOC_CZ_3392
LIM_CZ_01,LOC_CZ_3393
LIM_CZ_01,LOC_CZ_3394
LIM_CZ_01,LOC_CZ_3395
LIM_CZ_01,LOC_CZ_3396
LIM_CZ_01,LOC_CZ_3397
LIM_CZ_01,LOC_CZ_3398
LIM_CZ_01,LOC_CZ_3399
LIM_CZ_01,LOC_CZ_3400
LIM_CZ_01,LOC_CZ_3401
LIM_CZ_01,LOC_CZ_3402
LIM_CZ_01,LOC_CZ_3403
LIM_CZ_01,LOC_CZ_3404
LIM_CZ_01,LOC_CZ_3405
LIM_CZ_01,LOC_CZ_3406
LIM_CZ_01,LOC_CZ_3407
LIM_CZ_01,LOC_CZ_3408
LIM_CZ_01,LOC_CZ_3409
LIM_CZ_01,LOC_CZ_3410
LIM_CZ_01,LOC_CZ_3411
LIM_CZ_01,LOC_CZ_3412
LIM_CZ_01,LOC_CZ_3413
LIM_CZ_01,LOC_CZ_3414
LIM_CZ_01,LOC_CZ_3415
LIM_CZ_01,LOC_CZ_3416
LIM_CZ_01,LOC_CZ_3417
LIM_CZ_01,LOC_CZ_3418
LIM_CZ_01,LOC_CZ_3419
LIM_CZ_01,LOC_CZ_3420
LIM_CZ_01,LOC_CZ_3421
LIM_CZ_01,LOC_CZ_3422
LIM_CZ_01,LOC_CZ_3423
LIM_CZ_01,LOC_CZ_3424
LIM_CZ_01,LOC_CZ_3425
LIM_CZ_01,LOC_CZ_3426
LIM_CZ_01,LOC_CZ_3427
LIM_CZ_01,LOC_CZ_3428
LIM_CZ_01,LOC_CZ_3429
LIM_CZ_01,LOC_CZ_3430
LIM_CZ_01,LOC_CZ_3431
LIM_CZ_01,LOC_CZ_3432
LIM_CZ_01,LOC_CZ_3433
LIM_CZ_01,LOC_CZ_3434
LIM_CZ_01,LOC_CZ_3435
LIM_CZ_01,LOC_CZ_3436
LIM_CZ_01,LOC_CZ_3437
LIM_CZ_01,LOC_CZ_3438
LIM_CZ_01,LOC_CZ_3439
LIM_CZ_01,LOC_CZ_3440
LIM_CZ_01,LOC_CZ_3441
LIM_CZ_01,LOC_CZ_3442
LIM_CZ_01,LOC_CZ_3443
LIM_CZ_01,LOC_CZ_3444
LIM_CZ_01,LOC_CZ_3445
LIM_CZ_01,LOC_CZ_3446
LIM_CZ_01,LOC_CZ_3447
LIM_CZ_01,LOC_CZ_3448
LIM_CZ_01,LOC_CZ_3449
LIM_CZ_01,LOC_CZ_3450
LIM_CZ_01,LOC_CZ_3451
LIM_CZ_01,LOC_CZ_3452
LIM_CZ_01,LOC_CZ_3453
LIM_CZ_01,LOC_CZ_3454
LIM_CZ_01,LOC_CZ_3455
LIM_CZ_01,LOC_CZ_3456
LIM_CZ_01,LOC_CZ_3457
LIM_CZ_01,LOC_CZ_3458
LIM_CZ_01,LOC_CZ_3459
LIM_CZ_01,LOC_CZ_3460
LIM_CZ_01,LOC_CZ_3461
LIM_CZ_01,LOC_CZ_3462
LIM_CZ_01,LOC_CZ_3463
LIM_CZ_01,LOC_CZ_3464
LIM_CZ_01,LOC_CZ_3465
LIM_CZ_01,LOC_CZ_3466
LIM_CZ_01,LOC_CZ_3467
LIM_CZ_01,LOC_CZ_3468
LIM_CZ_01,LOC_CZ_3469
LIM_CZ_01,LOC_CZ_3470
LIM_CZ_01,LOC_CZ_3471
LIM_CZ_01,LOC_CZ_3472
LIM_CZ_01,LOC_CZ_3473
LIM_CZ_01,LOC_CZ_3474
LIM_CZ_01,LOC_CZ_3475
LIM_CZ_01,LOC_CZ_3476
LIM_CZ_01,LOC_CZ_3477
LIM_CZ_01,LOC_CZ_3478
LIM_CZ_01,LOC_CZ_3479
LIM_CZ_01,LOC_CZ_3480
LIM_CZ_01,LOC_CZ_3481
LIM_CZ_01,LOC_CZ_3482
LIM_CZ_01,LOC_CZ_3483
LIM_CZ_01,LOC_CZ_3484
LIM_CZ_01,LOC_CZ_3485
LIM_CZ_01,LOC_CZ_3486
LIM_CZ_01,LOC_CZ_3487
LIM_CZ_01,LOC_CZ_3488
LIM_CZ_01,LOC_CZ_3489
LIM_CZ_01,LOC_CZ_3490
LIM_CZ_01,LOC_CZ_3491
LIM_CZ_01,LOC_CZ_3492
LIM_CZ_01,LOC_CZ_3493
LIM_CZ_01,LOC_CZ_3494
LIM_CZ_01,LOC_CZ_3495
LIM_CZ_01,LOC_CZ_3496
LIM_CZ_01,LOC_CZ_3497
LIM_CZ_01,LOC_CZ_3498
LIM_CZ_01,LOC_CZ_3499
LIM_CZ_01,LOC_CZ_3500
LIM_CZ_01,LOC_CZ_3501
LIM_CZ_01,LOC_CZ_3502
LIM_CZ_01,LOC_CZ_3503
LIM_CZ_01,LOC_CZ_3504
LIM_CZ_01,LOC_CZ_3505
LIM_CZ_01,LOC_CZ_3506
LIM_CZ_01,LOC_CZ_3507
LIM_CZ_01,LOC_CZ_3508
LIM_CZ_01,LOC_CZ_3509
LIM_CZ_01,LOC_CZ_3510
LIM_CZ_01,LOC_CZ_3511
LIM_CZ_01,LOC_CZ_3512
LIM_CZ_01,LOC_CZ_3513
LIM_CZ_01,LOC_CZ_3514
LIM_CZ_01,LOC_CZ_3515
LIM_CZ_01,LOC_CZ_3516
LIM_CZ_01,LOC_CZ_3517
LIM_CZ_01,LOC_CZ_3518
LIM_CZ_01,LOC_CZ_3519
LIM_CZ_01,LOC_CZ_3520
LIM_CZ_01,LOC_CZ_3521
LIM_CZ_01,LOC_CZ_3522
LIM_CZ_01,LOC_CZ_3523
LIM_CZ_01,LOC_CZ_3524
LIM_CZ_01,LOC_CZ_3525
LIM_CZ_01,LOC_CZ_3526
LIM_CZ_01,LOC_CZ_3527
LIM_CZ_01,LOC_CZ_3528
LIM_CZ_01,LOC_CZ_3529
LIM_CZ_01,LOC_CZ_3530
LIM_CZ_01,LOC_CZ_3531
LIM_CZ_01,LOC_CZ_3532
LIM_CZ_01,LOC_CZ_3533
LIM_CZ_01,LOC_CZ_3534
LIM_CZ_01,LOC_CZ_3535
LIM_CZ_01,LOC_CZ_3536
LIM_CZ_01,LOC_CZ_3537
LIM_CZ_01,LOC_CZ_3538
LIM_CZ_01,LOC_CZ_3539
LIM_CZ_01,LOC_CZ_3540
LIM_CZ_01,LOC_CZ_3541
LIM_CZ_01,LOC_CZ_3542
LIM_CZ_01,LOC_CZ_3543
LIM_CZ_01,LOC_CZ_3544
LIM_CZ_01,LOC_CZ_3545
LIM_CZ_01,LOC_CZ_3546
LIM_CZ_01,LOC_CZ_3547
LIM_CZ_01,LOC_CZ_3548
LIM_CZ_01,LOC_CZ_3549
LIM_CZ_01,LOC_CZ_3550
LIM_CZ_01,LOC_CZ_3551
LIM_CZ_01,LOC_CZ_3552
LIM_CZ_01,LOC_CZ_3553
LIM_CZ_01,LOC_CZ_3554
LIM_CZ_01,LOC_CZ_3555
LIM_CZ_01,LOC_CZ_3556
LIM_CZ_01,LOC_CZ_3557
LIM_CZ_01,LOC_CZ_3558
LIM_CZ_01,LOC_CZ_3559
LIM_CZ_01,LOC_CZ_3560
LIM_CZ_01,LOC_CZ_3561
LIM_CZ_01,LOC_CZ_3562
LIM_CZ_01,LOC_CZ_3563
LIM_CZ_01,LOC_CZ_3564
LIM_CZ_01,LOC_CZ_3565
LIM_CZ_01,LOC_CZ_3566
LIM_CZ_01,LOC_CZ_3567
LIM_CZ_01,LOC_CZ_3568
LIM_CZ_01,LOC_CZ_3569
LIM_CZ_01,LOC_CZ_3570
LIM_CZ_01,LOC_CZ_3571
LIM_CZ_01,LOC_CZ_3572
LIM_CZ_01,LOC_CZ_3573
LIM_CZ_01,LOC_CZ_3574
LIM_CZ_01,LOC_CZ_3575
LIM_CZ_01,LOC_CZ_3576
LIM_CZ_01,LOC_CZ_3577
LIM_CZ_01,LOC_CZ_3578
LIM_CZ_01,LOC_CZ_3579
LIM_CZ_01,LOC_CZ_3580
LIM_CZ_01,LOC_CZ_3581
LIM_CZ_01,LOC_CZ_3582
LIM_CZ_01,LOC_CZ_3583
LIM_CZ_01,LOC_CZ_3584
LIM_CZ_01,LOC_CZ_3585
LIM_CZ_01,LOC_CZ_3586
LIM_CZ_01,LOC_CZ_3587
LIM_CZ_01,LOC_CZ_3588
LIM_CZ_01,LOC_CZ_3589
LIM_CZ_01,LOC_CZ_3590
LIM_CZ_01,LOC_CZ_3591
LIM_CZ_01,LOC_CZ_3592
LIM_CZ_01,LOC_CZ_3593
LIM_CZ_01,LOC_CZ_3594
LIM_CZ_01,LOC_CZ_3595
LIM_CZ_01,LOC_CZ_3596
LIM_CZ_01,LOC_CZ_3597
LIM_CZ_01,LOC_CZ_3598
LIM_CZ_01,LOC_CZ_3599
LIM_CZ_01,LOC_CZ_3600
LIM_CZ_01,LOC_CZ_3601
LIM_CZ_01,LOC_CZ_3602
LIM_CZ_01,LOC_CZ_3603
LIM_CZ_01,LOC_CZ_3604
LIM_CZ_01,LOC_CZ_3605
LIM_CZ_01,LOC_CZ_3606
LIM_CZ_01,LOC_CZ_3607
LIM_CZ_01,LOC_CZ_3608
LIM_CZ_01,LOC_CZ_3609
LIM_CZ_01,LOC_CZ_3610
LIM_CZ_01,LOC_CZ_3611
LIM_CZ_01,LOC_CZ_3612
LIM_CZ_01,LOC_CZ_3613
LIM_CZ_01,LOC_CZ_3614
LIM_CZ_01,LOC_CZ_3615
LIM_CZ_01,LOC_CZ_3616
LIM_CZ_01,LOC_CZ_3617
LIM_CZ_01,LOC_CZ_3618
LIM_CZ_01,LOC_CZ_3619
LIM_CZ_01,LOC_CZ_3620
LIM_CZ_01,LOC_CZ_3621
LIM_CZ_01,LOC_CZ_3622
LIM_CZ_01,LOC_CZ_3623
LIM_CZ_01,LOC_CZ_3624
LIM_CZ_01,LOC_CZ_3625
LIM_CZ_01,LOC_CZ_3626
LIM_CZ_01,LOC_CZ_3627
LIM_CZ_01,LOC_CZ_3628
LIM_CZ_01,LOC_CZ_3629
LIM_CZ_01,LOC_CZ_3630
LIM_CZ_01,LOC_CZ_3631
LIM_CZ_01,LOC_CZ_3632
LIM_CZ_01,LOC_CZ_3633
LIM_CZ_01,LOC_CZ_3634
LIM_CZ_01,LOC_CZ_3635
LIM_CZ_01,LOC_CZ_3636
LIM_CZ_01,LOC_CZ_3637
LIM_CZ_01,LOC_CZ_3638
LIM_CZ_01,LOC_CZ_3639
LIM_CZ_01,LOC_CZ_3640
LIM_CZ_01,LOC_CZ_3641
LIM_CZ_01,LOC_CZ_3642
LIM_CZ_01,LOC_CZ_3643
LIM_CZ_01,LOC_CZ_3644
LIM_CZ_01,LOC_CZ_3645
LIM_CZ_01,LOC_CZ_3646
LIM_CZ_01,LOC_CZ_3647
LIM_CZ_01,LOC_CZ_3648
LIM_CZ_01,LOC_CZ_3649
LIM_CZ_01,LOC_CZ_3650
LIM_CZ_01,LOC_CZ_3651
LIM_CZ_01,LOC_CZ_3652
LIM_CZ_01,LOC_CZ_3653
LIM_CZ_01,LOC_CZ_3654
LIM_CZ_01,LOC_CZ_3655
LIM_CZ_01,LOC_CZ_3656
LIM_CZ_01,LOC_CZ_3657
LIM_CZ_01,LOC_CZ_3658
LIM_CZ_01,LOC_CZ_3659
LIM_CZ_01,LOC_CZ_3660
LIM_CZ_01,LOC_CZ_3661
LIM_CZ_01,LOC_CZ_3662
LIM_CZ_01,LOC_CZ_3663
LIM_CZ_01,LOC_CZ_3664
LIM_CZ_01,LOC_CZ_3665
LIM_CZ_01,LOC_CZ_3666
LIM_CZ_01,LOC_CZ_3667
LIM_CZ_01,LOC_CZ_3668
LIM_CZ_01,LOC_CZ_3669
LIM_CZ_01,LOC_CZ_3670
LIM_CZ_01,LOC_CZ_3671
LIM_CZ_01,LOC_CZ_3672
LIM_CZ_01,LOC_CZ_3673
LIM_CZ_01,LOC_CZ_3674
LIM_CZ_01,LOC_CZ_3675
LIM_CZ_01,LOC_CZ_3676
LIM_CZ_01,LOC_CZ_3677
LIM_CZ_01,LOC_CZ_3678
LIM_CZ_01,LOC_CZ_3679
LIM_CZ_01,LOC_CZ_3680
LIM_CZ_01,LOC_CZ_3681
LIM_CZ_01,LOC_CZ_3682
LIM_CZ_01,LOC_CZ_3683
LIM_CZ_01,LOC_CZ_3684
LIM_CZ_01,LOC_CZ_3685
LIM_CZ_01,LOC_CZ_3686
LIM_CZ_01,LOC_CZ_3687
LIM_CZ_01,LOC_CZ_3688
LIM_CZ_01,LOC_CZ_3689
LIM_CZ_01,LOC_CZ_3690
LIM_CZ_01,LOC_CZ_3691
LIM_CZ_01,LOC_CZ_3692
LIM_CZ_01,LOC_CZ_3693
LIM_CZ_01,LOC_CZ_3694
LIM_CZ_01,LOC_CZ_3695
LIM_CZ_01,LOC_CZ_3696
LIM_CZ_01,LOC_CZ_3697
LIM_CZ_01,LOC_CZ_3698
LIM_CZ_01,LOC_CZ_3699
LIM_CZ_01,LOC_CZ_3700
LIM_CZ_01,LOC_CZ_3701
LIM_CZ_01,LOC_CZ_3702
LIM_CZ_01,LOC_CZ_3703
LIM_CZ_01,LOC_CZ_3704
LIM_CZ_01,LOC_CZ_3705
LIM_CZ_01,LOC_CZ_3706
LIM_CZ_01,LOC_CZ_3707
LIM_CZ_01,LOC_CZ_3708
LIM_CZ_01,LOC_CZ_3709
LIM_CZ_01,LOC_CZ_3710
LIM_CZ_01,LOC_CZ_3711
LIM_CZ_01,LOC_CZ_3712
LIM_CZ_01,LOC_CZ_3713
LIM_CZ_01,LOC_CZ_3714
LIM_CZ_01,LOC_CZ_3715
LIM_CZ_01,LOC_CZ_3716
LIM_CZ_01,LOC_CZ_3717
LIM_CZ_01,LOC_CZ_3718
LIM_CZ_01,LOC_CZ_3719
LIM_CZ_01,LOC_CZ_3720
LIM_CZ_01,LOC_CZ_3721
LIM_CZ_01,LOC_CZ_3722
LIM_CZ_01,LOC_CZ_3723
LIM_CZ_01,LOC_CZ_3724
LIM_CZ_01,LOC_CZ_3725
LIM_CZ_01,LOC_CZ_3726
LIM_CZ_01,LOC_CZ_3727
LIM_CZ_01,LOC_CZ_3728
LIM_CZ_01,LOC_CZ_3729
LIM_CZ_01,LOC_CZ_3730
LIM_CZ_01,LOC_CZ_3731
LIM_CZ_01,LOC_CZ_3732
LIM_CZ_01,LOC_CZ_3733
LIM_CZ_01,LOC_CZ_3734
LIM_CZ_01,LOC_CZ_3735
LIM_CZ_01,LOC_CZ_3736
LIM_CZ_01,LOC_CZ_3737
LIM_CZ_01,LOC_CZ_3738
LIM_CZ_01,LOC_CZ_3739
LIM_CZ_01,LOC_CZ_3740
LIM_CZ_01,LOC_CZ_3741
LIM_CZ_01,LOC_CZ_3742
LIM_CZ_01,LOC_CZ_3743
LIM_CZ_01,LOC_CZ_3744
LIM_CZ_01,LOC_CZ_3745
LIM_CZ_01,LOC_CZ_3746
LIM_CZ_01,LOC_CZ_3747
LIM_CZ_01,LOC_CZ_3748
LIM_CZ_01,LOC_CZ_3749
LIM_CZ_01,LOC_CZ_3750
LIM_CZ_01,LOC_CZ_3751
LIM_CZ_01,LOC_CZ_3752
LIM_CZ_01,LOC_CZ_3753
LIM_CZ_01,LOC_CZ_3754
LIM_CZ_01,LOC_CZ_3755
LIM_CZ_01,LOC_CZ_3756
LIM_CZ_01,LOC_CZ_3757
LIM_CZ_01,LOC_CZ_3758
LIM_CZ_01,LOC_CZ_3759
LIM_CZ_01,LOC_CZ_3760
LIM_CZ_01,LOC_CZ_3761
LIM_CZ_01,LOC_CZ_3762
LIM_CZ_01,LOC_CZ_3763
LIM_CZ_01,LOC_CZ_3764
LIM_CZ_01,LOC_CZ_3765
LIM_CZ_01,LOC_CZ_3766
LIM_CZ_01,LOC_CZ_3767
LIM_CZ_01,LOC_CZ_3768
LIM_CZ_01,LOC_CZ_3769
LIM_CZ_01,LOC_CZ_3770
LIM_CZ_01,LOC_CZ_3771
LIM_CZ_01,LOC_CZ_3772
LIM_CZ_01,LOC_CZ_3773
LIM_CZ_01,LOC_CZ_3774
LIM_CZ_01,LOC_CZ_3775
LIM_CZ_01,LOC_CZ_3776
LIM_CZ_01,LOC_CZ_3777
LIM_CZ_01,LOC_CZ_3778
LIM_CZ_01,LOC_CZ_3779
LIM_CZ_01,LOC_CZ_3780
LIM_CZ_01,LOC_CZ_3781
LIM_CZ_01,LOC_CZ_3782
LIM_CZ_01,LOC_CZ_3783
LIM_CZ_01,LOC_CZ_3784
LIM_CZ_01,LOC_CZ_3785
LIM_CZ_01,LOC_CZ_3786
LIM_CZ_01,LOC_CZ_3787
LIM_CZ_01,LOC_CZ_3788
LIM_CZ_01,LOC_CZ_3789
LIM_CZ_01,LOC_CZ_3790
LIM_CZ_01,LOC_CZ_3791
LIM_CZ_01,LOC_CZ_3792
LIM_CZ_01,LOC_CZ_3793
LIM_CZ_01,LOC_CZ_3794
LIM_CZ_01,LOC_CZ_3795
LIM_CZ_01,LOC_CZ_3796
LIM_CZ_01,LOC_CZ_3797
LIM_CZ_01,LOC_CZ_3798
LIM_CZ_01,LOC_CZ_3799
LIM_CZ_01,LOC_CZ_3800
LIM_CZ_01,LOC_CZ_3801
LIM_CZ_01,LOC_CZ_3802
LIM_CZ_01,LOC_CZ_3803
LIM_CZ_01,LOC_CZ_3804
LIM_CZ_01,LOC_CZ_3805
LIM_CZ_01,LOC_CZ_3806
LIM_CZ_01,LOC_CZ_3807
LIM_CZ_01,LOC_CZ_3808
LIM_CZ_01,LOC_CZ_3809
LIM_CZ_01,LOC_CZ_3810
LIM_CZ_01,LOC_CZ_3811
LIM_CZ_01,LOC_CZ_3812
LIM_CZ_01,LOC_CZ_3813
LIM_CZ_01,LOC_CZ_3814
LIM_CZ_01,LOC_CZ_3815
LIM_CZ_01,LOC_CZ_3816
LIM_CZ_01,LOC_CZ_3817
LIM_CZ_01,LOC_CZ_3818
LIM_CZ_01,LOC_CZ_3819
LIM_CZ_01,LOC_CZ_3820
LIM_CZ_01,LOC_CZ_3821
LIM_CZ_01,LOC_CZ_3822
LIM_CZ_01,LOC_CZ_3823
LIM_CZ_01,LOC_CZ_3824
LIM_CZ_01,LOC_CZ_3825
LIM_CZ_01,LOC_CZ_3826
LIM_CZ_01,LOC_CZ_3827
LIM_CZ_01,LOC_CZ_3828
LIM_CZ_01,LOC_CZ_3829
LIM_CZ_01,LOC_CZ_3830
LIM_CZ_01,LOC_CZ_3831
LIM_CZ_01,LOC_CZ_3832
LIM_CZ_01,LOC_CZ_3833
LIM_CZ_01,LOC_CZ_3834
LIM_CZ_01,LOC_CZ_3835
LIM_CZ_01,LOC_CZ_3836
LIM_CZ_01,LOC_CZ_3837
LIM_CZ_01,LOC_CZ_3838
LIM_CZ_01,LOC_CZ_3839
LIM_CZ_01,LOC_CZ_3840
LIM_CZ_01,LOC_CZ_3841
LIM_CZ_01,LOC_CZ_3842
LIM_CZ_01,LOC_CZ_3843
LIM_CZ_01,LOC_CZ_3844
LIM_CZ_01,LOC_CZ_3845
LIM_CZ_01,LOC_CZ_3846
LIM_CZ_01,LOC_CZ_3847
LIM_CZ_01,LOC_CZ_3848
LIM_CZ_01,LOC_CZ_3849
LIM_CZ_01,LOC_CZ_3850
LIM_CZ_01,LOC_CZ_3851
LIM_CZ_01,LOC_CZ_3852
LIM_CZ_01,LOC_CZ_3853
LIM_CZ_01,LOC_CZ_3854
LIM_CZ_01,LOC_CZ_3855
LIM_CZ_01,LOC_CZ_3856
LIM_CZ_01,LOC_CZ_3857
LIM_CZ_01,LOC_CZ_3858
LIM_CZ_01,LOC_CZ_3859
LIM_CZ_01,LOC_CZ_3860
LIM_CZ_01,LOC_CZ_3861
LIM_CZ_01,LOC_CZ_3862
LIM_CZ_01,LOC_CZ_3863
LIM_CZ_01,LOC_CZ_3864
LIM_CZ_01,LOC_CZ_3865
LIM_CZ_01,LOC_CZ_3866
LIM_CZ_01,LOC_CZ_3867
LIM_CZ_01,LOC_CZ_3868
LIM_CZ_01,LOC_CZ_3869
LIM_CZ_01,LOC_CZ_3870
LIM_CZ_01,LOC_CZ_3871
LIM_CZ_01,LOC_CZ_3872
LIM_CZ_01,LOC_CZ_3873
LIM_CZ_01,LOC_CZ_3874
LIM_CZ_01,LOC_CZ_3875
LIM_CZ_01,LOC_CZ_3876
LIM_CZ_01,LOC_CZ_3877
LIM_CZ_01,LOC_CZ_3878
LIM_CZ_01,LOC_CZ_3879
LIM_CZ_01,LOC_CZ_3880
LIM_CZ_01,LOC_CZ_3881
LIM_CZ_01,LOC_CZ_3882
LIM_CZ_01,LOC_CZ_3883
LIM_CZ_01,LOC_CZ_3884
LIM_CZ_01,LOC_CZ_3885
LIM_CZ_01,LOC_CZ_3886
LIM_CZ_01,LOC_CZ_3887
LIM_CZ_01,LOC_CZ_3888
LIM_CZ_01,LOC_CZ_3889
LIM_CZ_01,LOC_CZ_3890
LIM_CZ_01,LOC_CZ_3891
LIM_CZ_01,LOC_CZ_3892
LIM_CZ_01,LOC_CZ_3893
LIM_CZ_01,LOC_CZ_3894
LIM_CZ_01,LOC_CZ_3895
LIM_CZ_01,LOC_CZ_3896
LIM_CZ_01,LOC_CZ_3897
LIM_CZ_01,LOC_CZ_3898
LIM_CZ_01,LOC_CZ_3899
LIM_CZ_01,LOC_CZ_3900
LIM_CZ_01,LOC_CZ_3901
LIM_CZ_01,LOC_CZ_3902
LIM_CZ_01,LOC_CZ_3903
LIM_CZ_01,LOC_CZ_3904
LIM_CZ_01,LOC_CZ_3905
LIM_CZ_01,LOC_CZ_3906
LIM_CZ_01,LOC_CZ_3907
LIM_CZ_01,LOC_CZ_3908
LIM_CZ_01,LOC_CZ_3909
LIM_CZ_01,LOC_CZ_3910
LIM_CZ_01,LOC_CZ_3911
LIM_CZ_01,LOC_CZ_3912
LIM_CZ_01,LOC_CZ_3913
LIM_CZ_01,LOC_CZ_3914
LIM_CZ_01,LOC_CZ_3915
LIM_CZ_01,LOC_CZ_3916
LIM_CZ_01,LOC_CZ_3917
LIM_CZ_01,LOC_CZ_3918
LIM_CZ_01,LOC_CZ_3919
LIM_CZ_01,LOC_CZ_3920
LIM_CZ_01,LOC_CZ_3921
LIM_CZ_01,LOC_CZ_3922
LIM_CZ_01,LOC_CZ_3923
LIM_CZ_01,LOC_CZ_3924
LIM_CZ_01,LOC_CZ_3925
LIM_CZ_01,LOC_CZ_3926
LIM_CZ_01,LOC_CZ_3927
LIM_CZ_01,LOC_CZ_3928
LIM_CZ_01,LOC_CZ_3929
LIM_CZ_01,LOC_CZ_3930
LIM_CZ_01,LOC_CZ_3931
LIM_CZ_01,LOC_CZ_3932
LIM_CZ_01,LOC_CZ_3933
LIM_CZ_01,LOC_CZ_3934
LIM_CZ_01,LOC_CZ_3935
LIM_CZ_01,LOC_CZ_3936
LIM_CZ_01,LOC_CZ_3937
LIM_CZ_01,LOC_CZ_3938
LIM_CZ_01,LOC_CZ_3939
LIM_CZ_01,LOC_CZ_3940
LIM_CZ_01,LOC_CZ_3941
LIM_CZ_01,LOC_CZ_3942
LIM_CZ_01,LOC_CZ_3943
LIM_CZ_01,LOC_CZ_3944
LIM_CZ_01,LOC_CZ_3945
LIM_CZ_01,LOC_CZ_3946
LIM_CZ_01,LOC_CZ_3947
LIM_CZ_01,LOC_CZ_3948
LIM_CZ_01,LOC_CZ_3949
LIM_CZ_01,LOC_CZ_3950
LIM_CZ_01,LOC_CZ_3951
LIM_CZ_01,LOC_CZ_3952
LIM_CZ_01,LOC_CZ_3953
LIM_CZ_01,LOC_CZ_3954
LIM_CZ_01,LOC_CZ_3955
LIM_CZ_01,LOC_CZ_3956
LIM_CZ_01,LOC_CZ_3957
LIM_CZ_01,LOC_CZ_3958
LIM_CZ_01,LOC_CZ_3959
LIM_CZ_01,LOC_CZ_3960
LIM_CZ_01,LOC_CZ_3961
LIM_CZ_01,LOC_CZ_3962
LIM_CZ_01,LOC_CZ_3963
LIM_CZ_01,LOC_CZ_3964
LIM_CZ_01,LOC_CZ_3965
LIM_CZ_01,LOC_CZ_3966
LIM_CZ_01,LOC_CZ_3967
LIM_CZ_01,LOC_CZ_3968
LIM_CZ_01,LOC_CZ_3969
LIM_CZ_01,LOC_CZ_3970
LIM_CZ_01,LOC_CZ_3970
LIM_CZ_01,LOC_CZ_2379
LIM_CZ_01,LOC_CZ_2380
LIM_CZ_01,LOC_CZ_2381
LIM_CZ_01,LOC_CZ_2382
LIM_CZ_01,LOC_CZ_2383
LIM_CZ_01,LOC_CZ_2384
LIM_CZ_01,LOC_CZ_2385
LIM_CZ_01,LOC_CZ_2386
LIM_CZ_01,LOC_CZ_2387
LIM_CZ_01,LOC_CZ_2388
LIM_CZ_01,LOC_CZ_2389
LIM_CZ_01,LOC_CZ_2390
LIM_CZ_01,LOC_CZ_2391
LIM_CZ_01,LOC_CZ_2392
LIM_CZ_01,LOC_CZ_2393
LIM_CZ_01,LOC_CZ_2394
LIM_CZ_01,LOC_CZ_2395
LIM_CZ_01,LOC_CZ_2396
LIM_CZ_01,LOC_CZ_2397
LIM_CZ_01,LOC_CZ_2398
LIM_CZ_01,LOC_CZ_2399
LIM_CZ_01,LOC_CZ_2400
LIM_CZ_01,LOC_CZ_2401
LIM_CZ_01,LOC_CZ_2402
LIM_CZ_01,LOC_CZ_2403
LIM_CZ_01,LOC_CZ_2404
LIM_CZ_01,LOC_CZ_2405
LIM_CZ_01,LOC_CZ_2406
LIM_CZ_01,LOC_CZ_2407
LIM_CZ_01,LOC_CZ_2408
LIM_CZ_01,LOC_CZ_2409
LIM_CZ_01,LOC_CZ_2410
LIM_CZ_01,LOC_CZ_2411
LIM_CZ_01,LOC_CZ_2412
LIM_CZ_01,LOC_CZ_2413
LIM_CZ_01,LOC_CZ_2414
LIM_CZ_01,LOC_CZ_2415
LIM_CZ_01,LOC_CZ_2416
LIM_CZ_01,LOC_CZ_2417
LIM_CZ_01,LOC_CZ_2418
LIM_CZ_01,LOC_CZ_2419
LIM_CZ_01,LOC_CZ_2420
LIM_CZ_01,LOC_CZ_2421
LIM_CZ_01,LOC_CZ_2422
LIM_CZ_01,LOC_CZ_2423
LIM_CZ_01,LOC_CZ_2424
LIM_CZ_01,LOC_CZ_2425
LIM_CZ_01,LOC_CZ_2426
LIM_CZ_01,LOC_CZ_2427
LIM_CZ_01,LOC_CZ_2428
LIM_CZ_01,LOC_CZ_2429
LIM_CZ_01,LOC_CZ_2430
LIM_CZ_01,LOC_CZ_2431
LIM_CZ_01,LOC_CZ_2432
LIM_CZ_01,LOC_CZ_2433
LIM_CZ_01,LOC_CZ_2434
LIM_CZ_01,LOC_CZ_2435
LIM_CZ_01,LOC_CZ_2436
LIM_CZ_01,LOC_CZ_2437
LIM_CZ_01,LOC_CZ_2438
LIM_CZ_01,LOC_CZ_2439
LIM_CZ_01,LOC_CZ_2440
LIM_CZ_01,LOC_CZ_2441
LIM_CZ_01,LOC_CZ_2442
LIM_CZ_01,LOC_CZ_2443
LIM_CZ_01,LOC_CZ_2444
LIM_CZ_01,LOC_CZ_2445
LIM_CZ_01,LOC_CZ_2446
LIM_CZ_01,LOC_CZ_2447
LIM_CZ_01,LOC_CZ_2448
LIM_CZ_01,LOC_CZ_2449
LIM_CZ_01,LOC_CZ_2450
LIM_CZ_01,LOC_CZ_2451
LIM_CZ_01,LOC_CZ_2452
LIM_CZ_01,LOC_CZ_2453
LIM_CZ_01,LOC_CZ_2454
LIM_CZ_01,LOC_CZ_2455
LIM_CZ_01,LOC_CZ_2456
LIM_CZ_01,LOC_CZ_2457
LIM_CZ_01,LOC_CZ_2458
LIM_CZ_01,LOC_CZ_2459
LIM_CZ_01,LOC_CZ_2460
LIM_CZ_01,LOC_CZ_2461
LIM_CZ_01,LOC_CZ_2462
LIM_CZ_01,LOC_CZ_2463
LIM_CZ_01,LOC_CZ_2464
LIM_CZ_01,LOC_CZ_2465
LIM_CZ_01,LOC_CZ_2466
LIM_CZ_01,LOC_CZ_2467
LIM_CZ_01,LOC_CZ_2468
LIM_CZ_01,LOC_CZ_2469
LIM_CZ_01,LOC_CZ_2470
LIM_CZ_01,LOC_CZ_2471
LIM_CZ_01,LOC_CZ_2472
LIM_CZ_01,LOC_CZ_2473
LIM_CZ_01,LOC_CZ_2474
LIM_CZ_01,LOC_CZ_2475
LIM_CZ_01,LOC_CZ_2476
LIM_CZ_01,LOC_CZ_2477
LIM_CZ_01,LOC_CZ_2478
LIM_CZ_01,LOC_CZ_2479
LIM_CZ_01,LOC_CZ_2480
LIM_CZ_01,LOC_CZ_2481
LIM_CZ_01,LOC_CZ_2482
LIM_CZ_01,LOC_CZ_2483
LIM_CZ_01,LOC_CZ_2484
LIM_CZ_01,LOC_CZ_2485
LIM_CZ_01,LOC_CZ_2486
LIM_CZ_01,LOC_CZ_2487
LIM_CZ_01,LOC_CZ_2488
LIM_CZ_01,LOC_CZ_2489
LIM_CZ_01,LOC_CZ_2490
LIM_CZ_01,LOC_CZ_2491
LIM_CZ_01,LOC_CZ_2492
LIM_CZ_01,LOC_CZ_2493
LIM_CZ_01,LOC_CZ_2494
LIM_CZ_01,LOC_CZ_2495
LIM_CZ_01,LOC_CZ_2496
LIM_CZ_01,LOC_CZ_2497
LIM_CZ_01,LOC_CZ_2498
LIM_CZ_01,LOC_CZ_2499
LIM_CZ_01,LOC_CZ_2500
LIM_CZ_01,LOC_CZ_2501
LIM_CZ_01,LOC_CZ_2502
LIM_CZ_01,P_B_CS_03_MYS_1969
LIM_CZ_01,P_B_CS_04_MYS_1969
LIM_CZ_01,LOC_CZ_2503
LIM_CZ_01,P_B_CS_08_MYS_1969
LIM_CZ_01,P_B_TS_05_MYS_1970
LIM_CZ_01,P_B_CS_09_MYS_1969
LIM_CZ_01,P_B_TS_07_MYS_1970
LIM_CZ_02,LOC_CZ_1964
LIM_CZ_02,P_B_CS_12_MYS_1969
LIM_CZ_02,P_B_CS_13_MYS_1969
LIM_CZ_02,LOC_CZ_4069
LIM_CZ_01,LOC_CZ_4069
LIM_CZ_01,LOC_CZ_2378
LIM_CZ_01,LOC_CZ_2377
LIM_CZ_01,LOC_CZ_2376
LIM_CZ_01,LOC_CZ_2375
LIM_CZ_01,LOC_CZ_2374
LIM_CZ_01,LOC_CZ_2373
LIM_CZ_01,LOC_CZ_2372
LIM_CZ_01,LOC_CZ_2371
LIM_CZ_01,LOC_CZ_2370
LIM_CZ_01,LOC_CZ_2369
LIM_CZ_01,LOC_CZ_2368
LIM_CZ_01,LOC_CZ_2367
LIM_CZ_01,LOC_CZ_2366
LIM_CZ_01,LOC_CZ_2365
LIM_CZ_01,LOC_CZ_2364
LIM_CZ_01,LOC_CZ_2363
LIM_CZ_01,LOC_CZ_2362
LIM_CZ_01,LOC_CZ_2361
LIM_CZ_01,LOC_CZ_2360
LIM_CZ_01,LOC_CZ_2359
LIM_CZ_01,LOC_CZ_2358
LIM_CZ_01,LOC_CZ_2357
LIM_CZ_01,LOC_CZ_2356
LIM_CZ_01,LOC_CZ_2355
LIM_CZ_01,LOC_CZ_2354
LIM_CZ_01,LOC_CZ_2353
LIM_CZ_01,LOC_CZ_2352
LIM_CZ_01,LOC_CZ_2351
LIM_CZ_01,LOC_CZ_2350
LIM_CZ_01,LOC_CZ_2349
LIM_CZ_01,LOC_CZ_2348
LIM_CZ_01,LOC_CZ_2347
LIM_CZ_01,LOC_CZ_2346
LIM_CZ_01,LOC_CZ_2345
LIM_CZ_01,LOC_CZ_2344
LIM_CZ_01,LOC_CZ_2343
LIM_CZ_01,LOC_CZ_2342
LIM_CZ_01,LOC_CZ_2341
LIM_CZ_01,LOC_CZ_2340
LIM_CZ_01,LOC_CZ_2339
LIM_CZ_01,LOC_CZ_2338
LIM_CZ_01,LOC_CZ_2337
LIM_CZ_01,LOC_CZ_2336
LIM_CZ_01,LOC_CZ_2335
LIM_CZ_01,LOC_CZ_2334
LIM_CZ_01,LOC_CZ_2333
LIM_CZ_01,LOC_CZ_2332
LIM_CZ_01,LOC_CZ_2331
LIM_CZ_01,LOC_CZ_2330
LIM_CZ_01,LOC_CZ_2329
LIM_CZ_01,LOC_CZ_2328
LIM_CZ_01,LOC_CZ_2327
LIM_CZ_01,LOC_CZ_2326
LIM_CZ_01,LOC_CZ_2325
LIM_CZ_01,LOC_CZ_2324
LIM_CZ_01,LOC_CZ_2323
LIM_CZ_01,LOC_CZ_2322
LIM_CZ_01,LOC_CZ_2321
LIM_CZ_01,LOC_CZ_2320
LIM_CZ_01,LOC_CZ_2319
LIM_CZ_01,LOC_CZ_2318
LIM_CZ_01,LOC_CZ_2317
LIM_CZ_01,LOC_CZ_2316
LIM_CZ_01,LOC_CZ_2315
LIM_CZ_01,LOC_CZ_2314
LIM_CZ_01,LOC_CZ_2313
LIM_CZ_01,LOC_CZ_2312
LIM_CZ_01,LOC_CZ_2311
LIM_CZ_01,LOC_CZ_2310
LIM_CZ_01,LOC_CZ_2309
LIM_CZ_01,LOC_CZ_2308
LIM_CZ_01,LOC_CZ_2307
LIM_CZ_01,LOC_CZ_2306
LIM_CZ_01,LOC_CZ_2305
LIM_CZ_01,LOC_CZ_2304
LIM_CZ_01,LOC_CZ_2303
LIM_CZ_01,LOC_CZ_2302
LIM_CZ_01,LOC_CZ_2301
LIM_CZ_01,LOC_CZ_2300
LIM_CZ_01,LOC_CZ_2299
LIM_CZ_01,LOC_CZ_2298
LIM_CZ_01,LOC_CZ_2297
LIM_CZ_01,LOC_CZ_2296
LIM_CZ_01,LOC_CZ_2295
LIM_CZ_01,LOC_CZ_2294
LIM_CZ_01,LOC_CZ_2293
LIM_CZ_01,LOC_CZ_2292
LIM_CZ_01,LOC_CZ_2291
LIM_CZ_01,LOC_CZ_2290
LIM_CZ_01,LOC_CZ_2289
LIM_CZ_01,LOC_CZ_2288
LIM_CZ_01,LOC_CZ_2287
LIM_CZ_01,LOC_CZ_2286
LIM_CZ_01,LOC_CZ_2285
LIM_CZ_01,LOC_CZ_2284
LIM_CZ_01,LOC_CZ_2283
LIM_CZ_01,LOC_CZ_2282
LIM_CZ_01,LOC_CZ_2281
LIM_CZ_01,LOC_CZ_2280
LIM_CZ_01,LOC_CZ_2279
LIM_CZ_01,LOC_CZ_2278
LIM_CZ_01,LOC_CZ_2277
LIM_CZ_01,LOC_CZ_2276
LIM_CZ_01,LOC_CZ_2275
LIM_CZ_01,LOC_CZ_2274
LIM_CZ_01,LOC_CZ_2273
LIM_CZ_01,LOC_CZ_2272
LIM_CZ_01,LOC_CZ_2271
LIM_CZ_01,LOC_CZ_2270
LIM_CZ_01,LOC_CZ_2269
LIM_CZ_01,LOC_CZ_2268
LIM_CZ_01,LOC_CZ_2267
LIM_CZ_01,LOC_CZ_2266
LIM_CZ_01,LOC_CZ_2265
LIM_CZ_01,LOC_CZ_2264
LIM_CZ_01,LOC_CZ_2263
LIM_CZ_01,LOC_CZ_2262
LIM_CZ_01,LOC_CZ_2261
LIM_CZ_01,LOC_CZ_2260
LIM_CZ_01,LOC_CZ_2259
LIM_CZ_01,LOC_CZ_2258
LIM_CZ_01,LOC_CZ_2257
LIM_CZ_01,LOC_CZ_2256
LIM_CZ_01,LOC_CZ_2255
LIM_CZ_01,LOC_CZ_2254
LIM_CZ_01,LOC_CZ_2253
LIM_CZ_01,LOC_CZ_2252
LIM_CZ_01,LOC_CZ_2251
LIM_CZ_01,LOC_CZ_2250
LIM_CZ_01,LOC_CZ_2249
LIM_CZ_01,LOC_CZ_2248
LIM_CZ_01,LOC_CZ_2247
LIM_CZ_01,LOC_CZ_2246
LIM_CZ_01,LOC_CZ_2245
LIM_CZ_01,LOC_CZ_2244
LIM_CZ_01,LOC_CZ_2243
LIM_CZ_01,LOC_CZ_2242
LIM_CZ_01,LOC_CZ_2241
LIM_CZ_01,LOC_CZ_2240
LIM_CZ_01,LOC_CZ_2239
LIM_CZ_01,LOC_CZ_2238
LIM_CZ_01,LOC_CZ_2237
LIM_CZ_01,LOC_CZ_2236
LIM_CZ_01,LOC_CZ_2235
LIM_CZ_01,LOC_CZ_2234
LIM_CZ_01,LOC_CZ_2233
LIM_CZ_01,LOC_CZ_2232
LIM_CZ_01,LOC_CZ_2231
LIM_CZ_01,LOC_CZ_2230
LIM_CZ_01,LOC_CZ_2229
LIM_CZ_01,LOC_CZ_2228
LIM_CZ_01,LOC_CZ_2227
LIM_CZ_01,LOC_CZ_2226
LIM_CZ_01,LOC_CZ_2225
LIM_CZ_01,LOC_CZ_2224
LIM_CZ_01,LOC_CZ_2223
LIM_CZ_01,LOC_CZ_2222
LIM_CZ_01,LOC_CZ_2221
LIM_CZ_01,LOC_CZ_2220
LIM_CZ_01,LOC_CZ_2219
LIM_CZ_01,LOC_CZ_2218
LIM_CZ_01,LOC_CZ_2217
LIM_CZ_01,LOC_CZ_2216
LIM_CZ_01,LOC_CZ_2215
LIM_CZ_01,LOC_CZ_2214
LIM_CZ_01,LOC_CZ_2213
LIM_CZ_01,LOC_CZ_2212
LIM_CZ_01,LOC_CZ_2211
LIM_CZ_01,LOC_CZ_2210
LIM_CZ_01,LOC_CZ_2209
LIM_CZ_01,LOC_CZ_2208
LIM_CZ_01,LOC_CZ_2207
LIM_CZ_01,LOC_CZ_2206
LIM_CZ_01,LOC_CZ_2205
LIM_CZ_01,LOC_CZ_2204
LIM_CZ_01,LOC_CZ_2203
LIM_CZ_01,LOC_CZ_2202
LIM_CZ_01,LOC_CZ_2201
LIM_CZ_01,LOC_CZ_2200
LIM_CZ_01,LOC_CZ_2199
LIM_CZ_01,LOC_CZ_2198
LIM_CZ_01,LOC_CZ_2197
LIM_CZ_01,LOC_CZ_2196
LIM_CZ_01,LOC_CZ_2195
LIM_CZ_01,LOC_CZ_2194
LIM_CZ_01,LOC_CZ_2193
LIM_CZ_01,LOC_CZ_2192
LIM_CZ_01,LOC_CZ_2191
LIM_CZ_01,LOC_CZ_2190
LIM_CZ_01,LOC_CZ_2189
LIM_CZ_01,LOC_CZ_2188
LIM_CZ_01,LOC_CZ_2187
LIM_CZ_01,LOC_CZ_2186
LIM_CZ_01,LOC_CZ_2185
LIM_CZ_01,LOC_CZ_2184
LIM_CZ_01,LOC_CZ_2183
LIM_CZ_01,LOC_CZ_2182
LIM_CZ_01,LOC_CZ_2181
LIM_CZ_01,LOC_CZ_2180
LIM_CZ_01,LOC_CZ_2179
LIM_CZ_01,LOC_CZ_2178
LIM_CZ_01,LOC_CZ_2177
LIM_CZ_01,LOC_CZ_2176
LIM_CZ_01,LOC_CZ_2175
LIM_CZ_01,LOC_CZ_2174
LIM_CZ_01,LOC_CZ_2173
LIM_CZ_01,LOC_CZ_2172
LIM_CZ_01,LOC_CZ_2171
LIM_CZ_01,LOC_CZ_2170
LIM_CZ_01,LOC_CZ_2169
LIM_CZ_01,LOC_CZ_2168
LIM_CZ_01,LOC_CZ_2167
LIM_CZ_01,LOC_CZ_2166
LIM_CZ_01,LOC_CZ_2165
LIM_CZ_01,LOC_CZ_2164
LIM_CZ_01,LOC_CZ_2163
LIM_CZ_01,LOC_CZ_2162
LIM_CZ_01,LOC_CZ_2161
LIM_CZ_01,LOC_CZ_2160
LIM_CZ_01,LOC_CZ_2159
LIM_CZ_01,LOC_CZ_2158
LIM_CZ_01,LOC_CZ_2157
LIM_CZ_01,LOC_CZ_2156
LIM_CZ_01,LOC_CZ_2155
LIM_CZ_01,LOC_CZ_2154
LIM_CZ_01,LOC_CZ_2153
LIM_CZ_01,LOC_CZ_2152
LIM_CZ_01,LOC_CZ_2151
LIM_CZ_01,LOC_CZ_2150
LIM_CZ_01,LOC_CZ_2149
LIM_CZ_01,LOC_CZ_2148
LIM_CZ_01,LOC_CZ_2147
LIM_CZ_01,LOC_CZ_2146
LIM_CZ_01,LOC_CZ_2145
LIM_CZ_01,LOC_CZ_2144
LIM_CZ_01,LOC_CZ_2143
LIM_CZ_01,LOC_CZ_2142
LIM_CZ_01,LOC_CZ_2141
LIM_CZ_01,LOC_CZ_2140
LIM_CZ_01,LOC_CZ_2139
LIM_CZ_01,LOC_CZ_2138
LIM_CZ_01,LOC_CZ_2137
LIM_CZ_01,LOC_CZ_2136
LIM_CZ_01,LOC_CZ_2135
LIM_CZ_01,LOC_CZ_2134
LIM_CZ_01,LOC_CZ_2133
LIM_CZ_01,LOC_CZ_2132
LIM_CZ_01,LOC_CZ_2131
LIM_CZ_01,LOC_CZ_2130
LIM_CZ_01,LOC_CZ_2129
LIM_CZ_01,LOC_CZ_2128
LIM_CZ_01,LOC_CZ_2127
LIM_CZ_01,LOC_CZ_2126
LIM_CZ_01,LOC_CZ_2125
LIM_CZ_01,LOC_CZ_2124
LIM_CZ_01,LOC_CZ_2123
LIM_CZ_01,LOC_CZ_2122
LIM_CZ_01,LOC_CZ_2121
LIM_CZ_01,LOC_CZ_2120
LIM_CZ_01,LOC_CZ_2119
LIM_CZ_01,LOC_CZ_2118
LIM_CZ_01,LOC_CZ_2117
LIM_CZ_01,LOC_CZ_2116
LIM_CZ_01,LOC_CZ_2115
LIM_CZ_01,LOC_CZ_2114
LIM_CZ_01,LOC_CZ_2113
LIM_CZ_01,LOC_CZ_2112
LIM_CZ_01,LOC_CZ_2111
LIM_CZ_01,LOC_CZ_2110
LIM_CZ_01,LOC_CZ_2109
LIM_CZ_01,LOC_CZ_2108
LIM_CZ_01,LOC_CZ_2107
LIM_CZ_01,LOC_CZ_2106
LIM_CZ_01,LOC_CZ_2105
LIM_CZ_01,LOC_CZ_2104
LIM_CZ_01,LOC_CZ_2103
LIM_CZ_01,LOC_CZ_2102
LIM_CZ_01,LOC_CZ_2101
LIM_CZ_01,LOC_CZ_2100
LIM_CZ_01,LOC_CZ_2099
LIM_CZ_01,LOC_CZ_2098
LIM_CZ_01,LOC_CZ_2097
LIM_CZ_01,LOC_CZ_2096
LIM_CZ_01,LOC_CZ_2095
LIM_CZ_01,LOC_CZ_2094
LIM_CZ_01,LOC_CZ_2093
LIM_CZ_01,LOC_CZ_2092
LIM_CZ_01,LOC_CZ_2091
LIM_CZ_01,LOC_CZ_2090
LIM_CZ_01,LOC_CZ_2089
LIM_CZ_01,LOC_CZ_2088
LIM_CZ_01,LOC_CZ_2087
LIM_CZ_01,LOC_CZ_2086
LIM_CZ_01,LOC_CZ_2085
LIM_CZ_01,LOC_CZ_2084
LIM_CZ_01,LOC_CZ_2083
LIM_CZ_01,LOC_CZ_2082
LIM_CZ_01,LOC_CZ_2081
LIM_CZ_01,LOC_CZ_2080
LIM_CZ_01,LOC_CZ_2079
LIM_CZ_01,LOC_CZ_2078
LIM_CZ_01,LOC_CZ_2077
LIM_CZ_01,LOC_CZ_2076
LIM_CZ_01,LOC_CZ_2075
LIM_CZ_01,LOC_CZ_2074
LIM_CZ_01,LOC_CZ_2073
LIM_CZ_01,LOC_CZ_2072
LIM_CZ_01,LOC_CZ_2071
LIM_CZ_01,LOC_CZ_2070
LIM_CZ_01,LOC_CZ_2069
LIM_CZ_01,LOC_CZ_2068
LIM_CZ_01,LOC_CZ_2067
LIM_CZ_01,LOC_CZ_2066
LIM_CZ_01,LOC_CZ_2065
LIM_CZ_01,LOC_CZ_2064
LIM_CZ_01,LOC_CZ_2063
LIM_CZ_01,LOC_CZ_2062
LIM_CZ_01,LOC_CZ_2061
LIM_CZ_01,LOC_CZ_2060
LIM_CZ_01,LOC_CZ_2059
LIM_CZ_01,LOC_CZ_2058
LIM_CZ_01,LOC_CZ_2057
LIM_CZ_01,LOC_CZ_2056
LIM_CZ_01,LOC_CZ_2055
LIM_CZ_01,LOC_CZ_2054
LIM_CZ_01,LOC_CZ_2053
LIM_CZ_01,LOC_CZ_2052
LIM_CZ_01,LOC_CZ_2051
LIM_CZ_01,LOC_CZ_2050
LIM_CZ_01,LOC_CZ_2049
LIM_CZ_01,LOC_CZ_2048
LIM_CZ_01,LOC_CZ_2047
LIM_CZ_01,LOC_CZ_2046
LIM_CZ_01,LOC_CZ_2045
LIM_CZ_01,LOC_CZ_2044
LIM_CZ_01,LOC_CZ_2043
LIM_CZ_01,LOC_CZ_2042
LIM_CZ_01,LOC_CZ_2041
LIM_CZ_01,LOC_CZ_2040
LIM_CZ_01,LOC_CZ_2039
LIM_CZ_01,LOC_CZ_2038
LIM_CZ_01,LOC_CZ_2037
LIM_CZ_01,LOC_CZ_2036
LIM_CZ_01,LOC_CZ_2035
LIM_CZ_01,LOC_CZ_2034
LIM_CZ_01,LOC_CZ_2033
LIM_CZ_01,LOC_CZ_2032
LIM_CZ_01,LOC_CZ_2031
LIM_CZ_01,LOC_CZ_2030
LIM_CZ_01,LOC_CZ_2029
LIM_CZ_01,LOC_CZ_2028
LIM_CZ_01,LOC_CZ_2027
LIM_CZ_01,LOC_CZ_2026
LIM_CZ_01,LOC_CZ_2025
LIM_CZ_01,LOC_CZ_2024
LIM_CZ_01,LOC_CZ_2023
LIM_CZ_01,LOC_CZ_2022
LIM_CZ_01,LOC_CZ_2021
LIM_CZ_01,LOC_CZ_2020
LIM_CZ_01,LOC_CZ_2019
LIM_CZ_01,LOC_CZ_2018
LIM_CZ_01,LOC_CZ_2017
LIM_CZ_01,LOC_CZ_2016
LIM_CZ_01,LOC_CZ_2015
LIM_CZ_01,LOC_CZ_2014
LIM_CZ_01,LOC_CZ_2013
LIM_CZ_01,LOC_CZ_2012
LIM_CZ_01,LOC_CZ_2011
LIM_CZ_01,LOC_CZ_2010
LIM_CZ_01,LOC_CZ_2009
LIM_CZ_01,LOC_CZ_2008
LIM_CZ_01,LOC_CZ_2007
LIM_CZ_01,LOC_CZ_2006
LIM_CZ_01,LOC_CZ_2005
LIM_CZ_01,LOC_CZ_2004
LIM_CZ_01,LOC_CZ_2003
LIM_CZ_01,LOC_CZ_2002
LIM_CZ_01,LOC_CZ_2001
LIM_CZ_01,LOC_CZ_2000
LIM_CZ_01,LOC_CZ_1999
LIM_CZ_01,LOC_CZ_1998
LIM_CZ_01,LOC_CZ_1997
LIM_CZ_01,LOC_CZ_1996
LIM_CZ_01,LOC_CZ_1995
LIM_CZ_01,LOC_CZ_1994
LIM_CZ_01,LOC_CZ_1993
LIM_CZ_01,LOC_CZ_1992
LIM_CZ_01,LOC_CZ_1991
LIM_CZ_01,LOC_CZ_1990
LIM_CZ_01,LOC_CZ_1989
LIM_CZ_01,LOC_CZ_1988
LIM_CZ_01,LOC_CZ_1987
LIM_CZ_01,LOC_CZ_1986
LIM_CZ_01,LOC_CZ_1985
LIM_CZ_01,LOC_CZ_1984
LIM_CZ_01,LOC_CZ_1983
LIM_CZ_01,LOC_CZ_1982
LIM_CZ_01,LOC_CZ_1981
LIM_CZ_01,LOC_CZ_1980
LIM_CZ_01,LOC_CZ_1979
LIM_CZ_01,LOC_CZ_1978
LIM_CZ_01,LOC_CZ_1977
LIM_CZ_01,LOC_CZ_1976
LIM_CZ_01,LOC_CZ_1975
LIM_CZ_01,LOC_CZ_1974
LIM_CZ_01,LOC_CZ_1973
LIM_CZ_01,LOC_CZ_1972
LIM_CZ_01,LOC_CZ_1971
LIM_CZ_01,LOC_CZ_1970
LIM_CZ_01,LOC_CZ_1969
LIM_CZ_01,LOC_CZ_1968
LIM_CZ_01,LOC_CZ_1967
LIM_CZ_01,LOC_CZ_1966
LIM_CZ_01,LOC_CZ_1962
LIM_CZ_01,LOC_CZ_1961
LIM_CZ_01,LOC_CZ_1960
LIM_CZ_01,LOC_CZ_1959
LIM_CZ_01,LOC_CZ_1958
LIM_CZ_01,LOC_CZ_1957
LIM_CZ_01,LOC_CZ_1956
LIM_CZ_01,LOC_CZ_1955
LIM_CZ_01,LOC_CZ_1954
LIM_CZ_01,LOC_CZ_1953
LIM_CZ_01,LOC_CZ_1952
LIM_CZ_01,LOC_CZ_1951
LIM_CZ_01,LOC_CZ_1950
LIM_CZ_01,LOC_CZ_1949
LIM_CZ_01,LOC_CZ_1948
LIM_CZ_01,LOC_CZ_1963
LIM_EEZ_06,P_B_EEZ_01_PHL_2014
LIM_EEZ_06,P_B_EEZ_02_PHL_2014
LIM_EEZ_06,P_B_EEZ_03_PHL_2014
LIM_EEZ_06,P_B_EEZ_04_PHL_2014
LIM_EEZ_06,P_B_EEZ_05_PHL_2014
LIM_EEZ_06,P_B_EEZ_06_PHL_2014
LIM_EEZ_06,P_B_EEZ_07_PHL_2014
LIM_EEZ_06,P_B_EEZ_08_PHL_2014
LIM_EEZ_06,P_B_EEZ_08_PHL_2014
LIM_EEZ_01,LOC_EEZ_4622
LIM_EEZ_01,LOC_EEZ_4623
LIM_EEZ_01,LOC_EEZ_4624
LIM_EEZ_01,LOC_EEZ_4625
LIM_EEZ_01,LOC_EEZ_4626
LIM_EEZ_01,LOC_EEZ_4627
LIM_EEZ_01,LOC_EEZ_4628
LIM_EEZ_01,LOC_EEZ_4629
LIM_EEZ_01,LOC_EEZ_4630
LIM_EEZ_01,LOC_EEZ_4631
LIM_EEZ_01,LOC_EEZ_4632
LIM_EEZ_01,LOC_EEZ_4633
LIM_EEZ_01,LOC_EEZ_4634
LIM_EEZ_01,LOC_EEZ_4635
LIM_EEZ_01,LOC_EEZ_4636
LIM_EEZ_01,LOC_EEZ_4637
LIM_EEZ_01,LOC_EEZ_4638
LIM_EEZ_01,LOC_EEZ_4639
LIM_EEZ_01,LOC_EEZ_4640
LIM_EEZ_01,LOC_EEZ_4641
LIM_EEZ_01,LOC_EEZ_4642
LIM_EEZ_01,LOC_EEZ_4643
LIM_EEZ_01,LOC_EEZ_4644
LIM_EEZ_01,LOC_EEZ_4645
LIM_EEZ_01,LOC_EEZ_4646
LIM_EEZ_01,LOC_EEZ_4647
LIM_EEZ_01,LOC_EEZ_4648
LIM_EEZ_01,LOC_EEZ_4649
LIM_EEZ_01,LOC_EEZ_4650
LIM_EEZ_01,LOC_EEZ_4651
LIM_EEZ_01,LOC_EEZ_4652
LIM_EEZ_01,LOC_EEZ_4653
LIM_EEZ_01,LOC_EEZ_4654
LIM_EEZ_01,LOC_EEZ_4655
LIM_EEZ_01,LOC_EEZ_4656
LIM_EEZ_01,LOC_EEZ_4657
LIM_EEZ_01,LOC_EEZ_4658
LIM_EEZ_01,LOC_EEZ_4659
LIM_EEZ_01,LOC_EEZ_4660
LIM_EEZ_01,LOC_EEZ_4661
LIM_EEZ_01,LOC_EEZ_4662
LIM_EEZ_01,LOC_EEZ_4663
LIM_EEZ_01,LOC_EEZ_4664
LIM_EEZ_01,LOC_EEZ_4665
LIM_EEZ_01,LOC_EEZ_4666
LIM_EEZ_01,LOC_EEZ_4667
LIM_EEZ_01,LOC_EEZ_4668
LIM_EEZ_01,LOC_EEZ_4669
LIM_EEZ_01,LOC_EEZ_4670
LIM_EEZ_01,LOC_EEZ_4671
LIM_EEZ_01,LOC_EEZ_4672
LIM_EEZ_01,LOC_EEZ_4673
LIM_EEZ_01,LOC_EEZ_4674
LIM_EEZ_01,LOC_EEZ_4675
LIM_EEZ_01,LOC_EEZ_4676
LIM_EEZ_01,LOC_EEZ_4677
LIM_EEZ_01,LOC_EEZ_4678
LIM_EEZ_01,LOC_EEZ_4679
LIM_EEZ_01,LOC_EEZ_4680
LIM_EEZ_01,LOC_EEZ_4681
LIM_EEZ_01,LOC_EEZ_4682
LIM_EEZ_01,LOC_EEZ_4683
LIM_EEZ_01,LOC_EEZ_4684
LIM_EEZ_01,LOC_EEZ_4685
LIM_EEZ_01,LOC_EEZ_4686
LIM_EEZ_01,LOC_EEZ_4687
LIM_EEZ_01,LOC_EEZ_4688
LIM_EEZ_01,LOC_EEZ_4689
LIM_EEZ_01,LOC_EEZ_4690
LIM_EEZ_01,LOC_EEZ_4691
LIM_EEZ_01,LOC_EEZ_4692
LIM_EEZ_01,LOC_EEZ_4693
LIM_EEZ_01,LOC_EEZ_4694
LIM_EEZ_01,LOC_EEZ_4695
LIM_EEZ_01,LOC_EEZ_4696
LIM_EEZ_01,LOC_EEZ_4697
LIM_EEZ_01,LOC_EEZ_4698
LIM_EEZ_01,LOC_EEZ_4699
LIM_EEZ_01,LOC_EEZ_4700
LIM_EEZ_01,LOC_EEZ_4701
LIM_EEZ_01,LOC_EEZ_4702
LIM_EEZ_01,LOC_EEZ_4703
LIM_EEZ_01,LOC_EEZ_4704
LIM_EEZ_01,LOC_EEZ_4705
LIM_EEZ_01,LOC_EEZ_4706
LIM_EEZ_01,LOC_EEZ_4707
LIM_EEZ_01,LOC_EEZ_4708
LIM_EEZ_01,LOC_EEZ_4709
LIM_EEZ_01,LOC_EEZ_4710
LIM_EEZ_01,LOC_EEZ_4711
LIM_EEZ_01,LOC_EEZ_4712
LIM_EEZ_01,LOC_EEZ_4713
LIM_EEZ_01,LOC_EEZ_4714
LIM_EEZ_01,LOC_EEZ_4715
LIM_EEZ_01,LOC_EEZ_6092
LIM_EEZ_01,LOC_EEZ_6092
LIM_EEZ_02,LOC_EEZ_6093
LIM_EEZ_02,LOC_EEZ_6094
LIM_EEZ_02,LOC_EEZ_6095
LIM_EEZ_02,LOC_EEZ_6096
LIM_EEZ_02,LOC_EEZ_6097
LIM_EEZ_02,LOC_EEZ_6098
LIM_EEZ_02,LOC_EEZ_6099
LIM_EEZ_02,LOC_EEZ_6100
LIM_EEZ_02,LOC_EEZ_6101
LIM_EEZ_02,LOC_EEZ_6102
LIM_EEZ_02,LOC_EEZ_6103
LIM_EEZ_02,LOC_EEZ_6104
LIM_EEZ_02,LOC_EEZ_6105
LIM_EEZ_02,LOC_EEZ_6106
LIM_EEZ_02,LOC_EEZ_6107
LIM_EEZ_02,LOC_EEZ_6108
LIM_EEZ_02,LOC_EEZ_6109
LIM_EEZ_02,LOC_EEZ_6110
LIM_EEZ_02,LOC_EEZ_6111
LIM_EEZ_02,LOC_EEZ_6112
LIM_EEZ_02,LOC_EEZ_6113
LIM_EEZ_02,LOC_EEZ_6114
LIM_EEZ_02,LOC_EEZ_6115
LIM_EEZ_02,LOC_EEZ_6116
LIM_EEZ_02,LOC_EEZ_6117
LIM_EEZ_02,LOC_EEZ_6118
LIM_EEZ_02,LOC_EEZ_6119
LIM_EEZ_02,LOC_EEZ_6120
LIM_EEZ_02,LOC_EEZ_6121
LIM_EEZ_02,LOC_EEZ_6122
LIM_EEZ_02,LOC_EEZ_6123
LIM_EEZ_02,LOC_EEZ_6124
LIM_EEZ_02,LOC_EEZ_6125
LIM_EEZ_02,LOC_EEZ_6126
LIM_EEZ_02,LOC_EEZ_6127
LIM_EEZ_02,LOC_EEZ_6128
LIM_EEZ_02,LOC_EEZ_6129
LIM_EEZ_02,LOC_EEZ_6130
LIM_EEZ_02,LOC_EEZ_6131
LIM_EEZ_02,LOC_EEZ_6132
LIM_EEZ_02,LOC_EEZ_6133
LIM_EEZ_02,LOC_EEZ_6134
LIM_EEZ_02,LOC_EEZ_6135
LIM_EEZ_02,LOC_EEZ_6136
LIM_EEZ_02,LOC_EEZ_6137
LIM_EEZ_02,LOC_EEZ_6138
LIM_EEZ_02,LOC_EEZ_6139
LIM_EEZ_02,LOC_EEZ_6140
LIM_EEZ_02,LOC_EEZ_6141
LIM_EEZ_02,LOC_EEZ_6142
LIM_EEZ_02,LOC_EEZ_6143
LIM_EEZ_02,LOC_EEZ_6144
LIM_EEZ_02,LOC_EEZ_6145
LIM_EEZ_02,LOC_EEZ_6146
LIM_EEZ_02,LOC_EEZ_6147
LIM_EEZ_02,LOC_EEZ_6148
LIM_EEZ_02,LOC_EEZ_6149
LIM_EEZ_02,LOC_EEZ_6150
LIM_EEZ_02,LOC_EEZ_6151
LIM_EEZ_02,LOC_EEZ_6152
LIM_EEZ_02,LOC_EEZ_6153
LIM_EEZ_02,LOC_EEZ_6154
LIM_EEZ_02,LOC_EEZ_6155
LIM_EEZ_02,LOC_EEZ_6156
LIM_EEZ_02,LOC_EEZ_6157
LIM_EEZ_02,LOC_EEZ_6158
LIM_EEZ_02,LOC_EEZ_6159
LIM_EEZ_02,LOC_EEZ_6160
LIM_EEZ_02,LOC_EEZ_6161
LIM_EEZ_02,LOC_EEZ_6162
LIM_EEZ_02,LOC_EEZ_6163
LIM_EEZ_02,LOC_EEZ_6164
LIM_EEZ_02,LOC_EEZ_6165
LIM_EEZ_02,LOC_EEZ_6166
LIM_EEZ_02,LOC_EEZ_6167
LIM_EEZ_02,LOC_EEZ_6168
LIM_EEZ_02,LOC_EEZ_6169
LIM_EEZ_02,LOC_EEZ_6170
LIM_EEZ_02,LOC_EEZ_6171
LIM_EEZ_02,LOC_EEZ_6172
LIM_EEZ_02,LOC_EEZ_6173
LIM_EEZ_02,LOC_EEZ_6174
LIM_EEZ_02,LOC_EEZ_6175
LIM_EEZ_02,LOC_EEZ_6176
LIM_EEZ_02,LOC_EEZ_6177
LIM_EEZ_02,LOC_EEZ_6178
LIM_EEZ_02,LOC_EEZ_6179
LIM_EEZ_02,LOC_EEZ_6180
LIM_EEZ_02,LOC_EEZ_6181
LIM_EEZ_02,LOC_EEZ_6182
LIM_EEZ_02,LOC_EEZ_6183
LIM_EEZ_02,LOC_EEZ_6184
LIM_EEZ_02,LOC_EEZ_6185
LIM_EEZ_02,LOC_EEZ_6186
LIM_EEZ_02,LOC_EEZ_6187
LIM_EEZ_02,LOC_EEZ_6188
LIM_EEZ_02,LOC_EEZ_6189
LIM_EEZ_02,LOC_EEZ_6190
LIM_EEZ_02,LOC_EEZ_6191
LIM_EEZ_02,LOC_EEZ_6192
LIM_EEZ_02,LOC_EEZ_6193
LIM_EEZ_02,LOC_EEZ_6194
LIM_EEZ_02,LOC_EEZ_6195
LIM_EEZ_02,LOC_EEZ_6196
LIM_EEZ_02,LOC_EEZ_6197
LIM_EEZ_02,LOC_EEZ_6198
LIM_EEZ_02,LOC_EEZ_6199
LIM_EEZ_02,LOC_EEZ_6200
LIM_EEZ_02,LOC_EEZ_6201
LIM_EEZ_02,LOC_EEZ_6202
LIM_EEZ_02,LOC_EEZ_6203
LIM_EEZ_02,LOC_EEZ_6204
LIM_EEZ_02,LOC_EEZ_6205
LIM_EEZ_02,LOC_EEZ_6206
LIM_EEZ_02,LOC_EEZ_6207
LIM_EEZ_02,LOC_EEZ_6208
LIM_EEZ_02,LOC_EEZ_6209
LIM_EEZ_02,LOC_EEZ_6210
LIM_EEZ_02,LOC_EEZ_6211
LIM_EEZ_02,LOC_EEZ_6212
LIM_EEZ_02,LOC_EEZ_6213
LIM_EEZ_02,LOC_EEZ_6214
LIM_EEZ_02,LOC_EEZ_6215
LIM_EEZ_02,LOC_EEZ_6216
LIM_EEZ_02,LOC_EEZ_6217
LIM_EEZ_02,LOC_EEZ_6218
LIM_EEZ_02,LOC_EEZ_6219
LIM_EEZ_02,LOC_EEZ_6220
LIM_EEZ_02,LOC_EEZ_6221
LIM_EEZ_02,LOC_EEZ_6222
LIM_EEZ_02,LOC_EEZ_6223
LIM_EEZ_02,LOC_EEZ_6224
LIM_EEZ_02,LOC_EEZ_6225
LIM_EEZ_02,LOC_EEZ_6226
LIM_EEZ_02,LOC_EEZ_6227
LIM_EEZ_02,LOC_EEZ_6228
LIM_EEZ_02,LOC_EEZ_6229
LIM_EEZ_02,LOC_EEZ_6230
LIM_EEZ_02,LOC_EEZ_6231
LIM_EEZ_02,LOC_EEZ_6232
LIM_EEZ_02,LOC_EEZ_6233
LIM_EEZ_02,LOC_EEZ_6234
LIM_EEZ_02,LOC_EEZ_6235
LIM_EEZ_02,LOC_EEZ_6236
LIM_EEZ_02,LOC_EEZ_6237
LIM_EEZ_02,LOC_EEZ_6238
LIM_EEZ_02,LOC_EEZ_6239
LIM_EEZ_02,LOC_EEZ_6240
LIM_EEZ_02,LOC_EEZ_6241
LIM_EEZ_02,LOC_EEZ_6242
LIM_EEZ_02,LOC_EEZ_6243
LIM_EEZ_02,LOC_EEZ_6244
LIM_EEZ_02,LOC_EEZ_6245
LIM_EEZ_02,LOC_EEZ_6246
LIM_EEZ_02,LOC_EEZ_6247
LIM_EEZ_02,LOC_EEZ_6248
LIM_EEZ_02,LOC_EEZ_6249
LIM_EEZ_02,LOC_EEZ_6250
LIM_EEZ_02,LOC_EEZ_6251
LIM_EEZ_02,LOC_EEZ_6252
LIM_EEZ_02,LOC_EEZ_6253
LIM_EEZ_02,LOC_EEZ_6254
LIM_EEZ_02,LOC_EEZ_6255
LIM_EEZ_02,LOC_EEZ_6256
LIM_EEZ_02,LOC_EEZ_6257
LIM_EEZ_02,LOC_EEZ_6258
LIM_EEZ_02,LOC_EEZ_6259
LIM_EEZ_02,LOC_EEZ_6260
LIM_EEZ_02,LOC_EEZ_6261
LIM_EEZ_02,LOC_EEZ_6262
LIM_EEZ_02,LOC_EEZ_6263
LIM_EEZ_02,LOC_EEZ_6264
LIM_EEZ_02,LOC_EEZ_6265
LIM_EEZ_02,LOC_EEZ_6266
LIM_EEZ_02,LOC_EEZ_6267
LIM_EEZ_02,LOC_EEZ_6268
LIM_EEZ_02,LOC_EEZ_6269
LIM_EEZ_02,LOC_EEZ_6270
LIM_EEZ_02,LOC_EEZ_6271
LIM_EEZ_02,LOC_EEZ_6272
LIM_EEZ_02,LOC_EEZ_6273
LIM_EEZ_02,LOC_EEZ_6274
LIM_EEZ_02,LOC_EEZ_6275
LIM_EEZ_02,LOC_EEZ_6276
LIM_EEZ_02,LOC_EEZ_6277
LIM_EEZ_02,LOC_EEZ_6278
LIM_EEZ_02,LOC_EEZ_6279
LIM_EEZ_02,LOC_EEZ_6280
LIM_EEZ_02,LOC_EEZ_6281
LIM_EEZ_02,LOC_EEZ_6282
LIM_EEZ_02,LOC_EEZ_6283
LIM_EEZ_02,LOC_EEZ_6284
LIM_EEZ_02,LOC_EEZ_6285
LIM_EEZ_02,LOC_EEZ_6286
LIM_EEZ_02,LOC_EEZ_6287
LIM_EEZ_02,LOC_EEZ_6288
LIM_EEZ_02,LOC_EEZ_6289
LIM_EEZ_02,LOC_EEZ_6290
LIM_EEZ_02,LOC_EEZ_6291
LIM_EEZ_02,LOC_EEZ_6292
LIM_EEZ_02,LOC_EEZ_6293
LIM_EEZ_02,LOC_EEZ_6294
LIM_EEZ_02,LOC_EEZ_6295
LIM_EEZ_02,LOC_EEZ_6296
LIM_EEZ_02,LOC_EEZ_6297
LIM_EEZ_02,LOC_EEZ_6298
LIM_EEZ_02,LOC_EEZ_6299
LIM_EEZ_02,LOC_EEZ_6300
LIM_EEZ_02,LOC_EEZ_6301
LIM_EEZ_02,LOC_EEZ_6302
LIM_EEZ_02,LOC_EEZ_6303
LIM_EEZ_02,LOC_EEZ_6304
LIM_EEZ_02,LOC_EEZ_6305
LIM_EEZ_02,LOC_EEZ_6306
LIM_EEZ_02,LOC_EEZ_6307
LIM_EEZ_02,LOC_EEZ_6308
LIM_EEZ_02,LOC_EEZ_6309
LIM_EEZ_02,LOC_EEZ_6310
LIM_EEZ_02,LOC_EEZ_6311
LIM_EEZ_02,LOC_EEZ_6312
LIM_EEZ_02,LOC_EEZ_6313
LIM_EEZ_02,LOC_EEZ_6314
LIM_EEZ_02,LOC_EEZ_6315
LIM_EEZ_02,LOC_EEZ_6316
LIM_EEZ_02,LOC_EEZ_6317
LIM_EEZ_02,LOC_EEZ_6318
LIM_EEZ_02,LOC_EEZ_6319
LIM_EEZ_02,LOC_EEZ_6320
LIM_EEZ_02,LOC_EEZ_6321
LIM_EEZ_02,LOC_EEZ_6322
LIM_EEZ_02,LOC_EEZ_6323
LIM_EEZ_02,LOC_EEZ_6324
LIM_EEZ_02,LOC_EEZ_6325
LIM_EEZ_02,LOC_EEZ_6326
LIM_EEZ_02,LOC_EEZ_6327
LIM_EEZ_02,LOC_EEZ_6328
LIM_EEZ_02,LOC_EEZ_6329
LIM_EEZ_02,LOC_EEZ_6330
LIM_EEZ_02,LOC_EEZ_6331
LIM_EEZ_02,LOC_EEZ_6332
LIM_EEZ_02,LOC_EEZ_6333
LIM_EEZ_02,LOC_EEZ_6334
LIM_EEZ_02,LOC_EEZ_6335
LIM_EEZ_02,LOC_EEZ_6336
LIM_EEZ_02,LOC_EEZ_6337
LIM_EEZ_02,LOC_EEZ_6338
LIM_EEZ_02,LOC_EEZ_6339
LIM_EEZ_02,LOC_EEZ_6340
LIM_EEZ_02,LOC_EEZ_6341
LIM_EEZ_02,LOC_EEZ_6342
LIM_EEZ_02,LOC_EEZ_6343
LIM_EEZ_02,LOC_EEZ_6344
LIM_EEZ_02,LOC_EEZ_6345
LIM_EEZ_02,LOC_EEZ_6346
LIM_EEZ_02,LOC_EEZ_6347
LIM_EEZ_02,LOC_EEZ_6348
LIM_EEZ_02,LOC_EEZ_6349
LIM_EEZ_02,LOC_EEZ_6350
LIM_EEZ_02,LOC_EEZ_6351
LIM_EEZ_02,LOC_EEZ_6352
LIM_EEZ_02,LOC_EEZ_6353
LIM_EEZ_02,LOC_EEZ_6354
LIM_EEZ_02,LOC_EEZ_6355
LIM_EEZ_02,LOC_EEZ_6356
LIM_EEZ_02,LOC_EEZ_6357
LIM_EEZ_02,LOC_EEZ_6358
LIM_EEZ_02,LOC_EEZ_6359
LIM_EEZ_02,LOC_EEZ_6360
LIM_EEZ_02,LOC_EEZ_6361
LIM_EEZ_02,LOC_EEZ_6362
LIM_EEZ_02,LOC_EEZ_6363
LIM_EEZ_02,LOC_EEZ_6364
LIM_EEZ_02,LOC_EEZ_6365
LIM_EEZ_02,LOC_EEZ_6366
LIM_EEZ_02,LOC_EEZ_6367
LIM_EEZ_02,LOC_EEZ_6368
LIM_EEZ_02,LOC_EEZ_6369
LIM_EEZ_02,LOC_EEZ_6370
LIM_EEZ_02,LOC_EEZ_6371
LIM_EEZ_02,LOC_EEZ_6372
LIM_EEZ_02,LOC_EEZ_6373
LIM_EEZ_02,LOC_EEZ_6374
LIM_EEZ_02,LOC_EEZ_6375
LIM_EEZ_02,LOC_EEZ_6376
LIM_EEZ_02,LOC_EEZ_6377
LIM_EEZ_02,LOC_EEZ_6378
LIM_EEZ_02,LOC_EEZ_6379
LIM_EEZ_02,LOC_EEZ_6380
LIM_EEZ_02,LOC_EEZ_6381
LIM_EEZ_02,LOC_EEZ_6382
LIM_EEZ_02,LOC_EEZ_6383
LIM_EEZ_02,LOC_EEZ_6384
LIM_EEZ_02,LOC_EEZ_6385
LIM_EEZ_02,LOC_EEZ_6386
LIM_EEZ_02,LOC_EEZ_6387
LIM_EEZ_02,LOC_EEZ_6388
LIM_EEZ_02,LOC_EEZ_6389
LIM_EEZ_02,LOC_EEZ_6390
LIM_EEZ_02,LOC_EEZ_6391
LIM_EEZ_02,LOC_EEZ_6392
LIM_EEZ_02,LOC_EEZ_6393
LIM_EEZ_02,LOC_EEZ_6394
LIM_EEZ_02,LOC_EEZ_6395
LIM_EEZ_02,LOC_EEZ_6396
LIM_EEZ_02,LOC_EEZ_6397
LIM_EEZ_02,LOC_EEZ_6398
LIM_EEZ_02,LOC_EEZ_6399
LIM_EEZ_02,LOC_EEZ_6400
LIM_EEZ_02,LOC_EEZ_6401
LIM_EEZ_02,LOC_EEZ_6402
LIM_EEZ_02,LOC_EEZ_6403
LIM_EEZ_02,LOC_EEZ_6404
LIM_EEZ_02,LOC_EEZ_6405
LIM_EEZ_02,LOC_EEZ_6406
LIM_EEZ_02,LOC_EEZ_6407
LIM_EEZ_02,LOC_EEZ_6408
LIM_EEZ_02,LOC_EEZ_6409
LIM_EEZ_02,LOC_EEZ_6410
LIM_EEZ_02,LOC_EEZ_6411
LIM_EEZ_02,LOC_EEZ_6412
LIM_EEZ_02,LOC_EEZ_6413
LIM_EEZ_02,LOC_EEZ_6414
LIM_EEZ_02,LOC_EEZ_6415
LIM_EEZ_02,LOC_EEZ_6416
LIM_EEZ_02,LOC_EEZ_6417
LIM_EEZ_02,LOC_EEZ_6418
LIM_EEZ_02,LOC_EEZ_6419
LIM_EEZ_02,LOC_EEZ_6420
LIM_EEZ_02,LOC_EEZ_6421
LIM_EEZ_02,LOC_EEZ_6422
LIM_EEZ_02,LOC_EEZ_6423
LIM_EEZ_02,LOC_EEZ_6424
LIM_EEZ_02,LOC_EEZ_6425
LIM_EEZ_02,LOC_EEZ_6426
LIM_EEZ_02,LOC_EEZ_6427
LIM_EEZ_02,LOC_EEZ_6428
LIM_EEZ_02,LOC_EEZ_6429
LIM_EEZ_02,LOC_EEZ_6430
LIM_EEZ_02,LOC_EEZ_6431
LIM_EEZ_02,LOC_EEZ_6432
LIM_EEZ_02,LOC_EEZ_6433
LIM_EEZ_02,LOC_EEZ_6434
LIM_EEZ_02,LOC_EEZ_6435
LIM_EEZ_02,LOC_EEZ_6436
LIM_EEZ_02,LOC_EEZ_6437
LIM_EEZ_02,LOC_EEZ_6438
LIM_EEZ_02,LOC_EEZ_6439
LIM_EEZ_02,LOC_EEZ_6440
LIM_EEZ_02,LOC_EEZ_6441
LIM_EEZ_02,LOC_EEZ_6442
LIM_EEZ_02,LOC_EEZ_6443
LIM_EEZ_02,LOC_EEZ_6444
LIM_EEZ_02,LOC_EEZ_6445
LIM_EEZ_02,LOC_EEZ_6446
LIM_EEZ_02,LOC_EEZ_6447
LIM_EEZ_02,LOC_EEZ_6448
LIM_EEZ_02,LOC_EEZ_6449
LIM_EEZ_02,LOC_EEZ_6450
LIM_EEZ_02,LOC_EEZ_6451
LIM_EEZ_02,LOC_EEZ_6452
LIM_EEZ_02,LOC_EEZ_6453
LIM_EEZ_02,LOC_EEZ_6454
LIM_EEZ_02,LOC_EEZ_6455
LIM_EEZ_02,LOC_EEZ_6456
LIM_EEZ_02,LOC_EEZ_6457
LIM_EEZ_02,LOC_EEZ_6458
LIM_EEZ_02,LOC_EEZ_6459
LIM_EEZ_02,LOC_EEZ_6460
LIM_EEZ_02,LOC_EEZ_6461
LIM_EEZ_02,LOC_EEZ_6462
LIM_EEZ_02,LOC_EEZ_6463
LIM_EEZ_02,LOC_EEZ_6464
LIM_EEZ_02,LOC_EEZ_6465
LIM_EEZ_02,LOC_EEZ_6466
LIM_EEZ_02,LOC_EEZ_6467
LIM_EEZ_02,LOC_EEZ_6468
LIM_EEZ_02,LOC_EEZ_6469
LIM_EEZ_02,LOC_EEZ_6470
LIM_EEZ_02,LOC_EEZ_6471
LIM_EEZ_02,LOC_EEZ_6472
LIM_EEZ_02,LOC_EEZ_6473
LIM_EEZ_02,LOC_EEZ_6474
LIM_EEZ_02,LOC_EEZ_6475
LIM_EEZ_02,LOC_EEZ_6476
LIM_EEZ_02,LOC_EEZ_6477
LIM_EEZ_02,LOC_EEZ_6478
LIM_EEZ_02,LOC_EEZ_6479
LIM_EEZ_02,LOC_EEZ_6480
LIM_EEZ_02,LOC_EEZ_6481
LIM_EEZ_02,LOC_EEZ_6482
LIM_EEZ_02,LOC_EEZ_6483
LIM_EEZ_02,LOC_EEZ_6484
LIM_EEZ_02,LOC_EEZ_6485
LIM_EEZ_02,LOC_EEZ_6486
LIM_EEZ_02,LOC_EEZ_6487
LIM_EEZ_02,LOC_EEZ_6488
LIM_EEZ_02,LOC_EEZ_6489
LIM_EEZ_02,LOC_EEZ_6490
LIM_EEZ_02,LOC_EEZ_6491
LIM_EEZ_02,LOC_EEZ_6492
LIM_EEZ_02,LOC_EEZ_6493
LIM_EEZ_02,LOC_EEZ_6494
LIM_EEZ_02,LOC_EEZ_6495
LIM_EEZ_02,LOC_EEZ_6496
LIM_EEZ_02,LOC_EEZ_6497
LIM_EEZ_02,LOC_EEZ_6498
LIM_EEZ_02,LOC_EEZ_6499
LIM_EEZ_02,LOC_EEZ_6500
LIM_EEZ_02,LOC_EEZ_6501
LIM_EEZ_02,LOC_EEZ_6502
LIM_EEZ_02,LOC_EEZ_6503
LIM_EEZ_02,LOC_EEZ_6504
LIM_EEZ_02,LOC_EEZ_6505
LIM_EEZ_02,LOC_EEZ_6506
LIM_EEZ_02,LOC_EEZ_6507
LIM_EEZ_02,LOC_EEZ_6508
LIM_EEZ_02,LOC_EEZ_6509
LIM_EEZ_02,LOC_EEZ_6510
LIM_EEZ_02,LOC_EEZ_6511
LIM_EEZ_02,LOC_EEZ_6512
LIM_EEZ_02,LOC_EEZ_6513
LIM_EEZ_02,LOC_EEZ_6514
LIM_EEZ_02,LOC_EEZ_6515
LIM_EEZ_02,LOC_EEZ_6516
LIM_EEZ_02,LOC_EEZ_6517
LIM_EEZ_02,LOC_EEZ_6518
LIM_EEZ_02,LOC_EEZ_6519
LIM_EEZ_02,LOC_EEZ_6520
LIM_EEZ_02,LOC_EEZ_6521
LIM_EEZ_02,LOC_EEZ_6522
LIM_EEZ_02,LOC_EEZ_6523
LIM_EEZ_02,LOC_EEZ_6524
LIM_EEZ_02,LOC_EEZ_6525
LIM_EEZ_02,LOC_EEZ_6526
LIM_EEZ_02,LOC_EEZ_6527
LIM_EEZ_02,LOC_EEZ_6528
LIM_EEZ_02,LOC_EEZ_6529
LIM_EEZ_02,LOC_EEZ_6530
LIM_EEZ_02,LOC_EEZ_6531
LIM_EEZ_02,LOC_EEZ_6532
LIM_EEZ_02,LOC_EEZ_6533
LIM_EEZ_02,LOC_EEZ_6534
LIM_EEZ_02,LOC_EEZ_6535
LIM_EEZ_02,LOC_EEZ_6536
LIM_EEZ_02,LOC_EEZ_6537
LIM_EEZ_02,LOC_EEZ_6538
LIM_EEZ_02,LOC_EEZ_6539
LIM_EEZ_02,LOC_EEZ_6540
LIM_EEZ_02,LOC_EEZ_6541
LIM_EEZ_02,LOC_EEZ_6542
LIM_EEZ_02,LOC_EEZ_6543
LIM_EEZ_02,LOC_EEZ_6544
LIM_EEZ_02,LOC_EEZ_6545
LIM_EEZ_02,LOC_EEZ_6546
LIM_EEZ_02,LOC_EEZ_6547
LIM_EEZ_02,LOC_EEZ_6548
LIM_EEZ_02,LOC_EEZ_6549
LIM_EEZ_02,LOC_EEZ_6550
LIM_EEZ_02,LOC_EEZ_6551
LIM_EEZ_02,LOC_EEZ_6552
LIM_EEZ_02,LOC_EEZ_6553
LIM_EEZ_02,LOC_EEZ_6554
LIM_EEZ_02,LOC_EEZ_6555
LIM_EEZ_02,LOC_EEZ_6556
LIM_EEZ_02,LOC_EEZ_6557
LIM_EEZ_02,LOC_EEZ_6558
LIM_EEZ_02,LOC_EEZ_6559
LIM_EEZ_02,LOC_EEZ_6560
LIM_EEZ_02,LOC_EEZ_6561
LIM_EEZ_02,LOC_EEZ_6562
LIM_EEZ_02,LOC_EEZ_6563
LIM_EEZ_02,LOC_EEZ_6564
LIM_EEZ_02,LOC_EEZ_6565
LIM_EEZ_02,LOC_EEZ_6566
LIM_EEZ_02,LOC_EEZ_6567
LIM_EEZ_02,LOC_EEZ_6568
LIM_EEZ_02,LOC_EEZ_6569
LIM_EEZ_02,LOC_EEZ_6570
LIM_EEZ_02,LOC_EEZ_6571
LIM_EEZ_02,LOC_EEZ_6572
LIM_EEZ_02,LOC_EEZ_6573
LIM_EEZ_02,LOC_EEZ_6574
LIM_EEZ_02,LOC_EEZ_6575
LIM_EEZ_02,LOC_EEZ_6576
LIM_EEZ_02,LOC_EEZ_6577
LIM_EEZ_02,LOC_EEZ_6578
LIM_EEZ_02,LOC_EEZ_6579
LIM_EEZ_02,LOC_EEZ_6580
LIM_EEZ_02,LOC_EEZ_6581
LIM_EEZ_02,LOC_EEZ_6582
LIM_EEZ_02,LOC_EEZ_6583
LIM_EEZ_02,LOC_EEZ_6584
LIM_EEZ_02,LOC_EEZ_6585
LIM_EEZ_02,LOC_EEZ_6586
LIM_EEZ_02,LOC_EEZ_6587
LIM_EEZ_02,LOC_EEZ_6588
LIM_EEZ_02,LOC_EEZ_6589
LIM_EEZ_02,LOC_EEZ_6590
LIM_EEZ_02,LOC_EEZ_6591
LIM_EEZ_02,LOC_EEZ_6592
LIM_EEZ_02,LOC_EEZ_6593
LIM_EEZ_02,LOC_EEZ_6594
LIM_EEZ_02,LOC_EEZ_6595
LIM_EEZ_02,LOC_EEZ_6596
LIM_EEZ_02,LOC_EEZ_6597
LIM_EEZ_02,LOC_EEZ_6598
LIM_EEZ_02,LOC_EEZ_6599
LIM_EEZ_02,LOC_EEZ_6600
LIM_EEZ_02,LOC_EEZ_6601
LIM_EEZ_02,LOC_EEZ_6602
LIM_EEZ_02,LOC_EEZ_6603
LIM_EEZ_02,LOC_EEZ_6604
LIM_EEZ_02,LOC_EEZ_6605
LIM_EEZ_02,LOC_EEZ_6606
LIM_EEZ_02,LOC_EEZ_6607
LIM_EEZ_02,LOC_EEZ_6608
LIM_EEZ_02,LOC_EEZ_6609
LIM_EEZ_02,LOC_EEZ_6610
LIM_EEZ_02,LOC_EEZ_6611
LIM_EEZ_02,LOC_EEZ_6612
LIM_EEZ_02,LOC_EEZ_6613
LIM_EEZ_02,LOC_EEZ_6614
LIM_EEZ_02,LOC_EEZ_6615
LIM_EEZ_02,LOC_EEZ_6616
LIM_EEZ_02,LOC_EEZ_6617
LIM_EEZ_02,LOC_EEZ_6618
LIM_EEZ_02,LOC_EEZ_6619
LIM_EEZ_02,LOC_EEZ_6620
LIM_EEZ_02,LOC_EEZ_6621
LIM_EEZ_02,LOC_EEZ_6622
LIM_EEZ_02,LOC_EEZ_6623
LIM_EEZ_02,LOC_EEZ_6624
LIM_EEZ_02,LOC_EEZ_6625
LIM_EEZ_02,LOC_EEZ_6626
LIM_EEZ_02,LOC_EEZ_6627
LIM_EEZ_02,LOC_EEZ_6628
LIM_EEZ_02,LOC_EEZ_6629
LIM_EEZ_02,LOC_EEZ_6630
LIM_EEZ_02,LOC_EEZ_6631
LIM_EEZ_02,LOC_EEZ_9380
LIM_EEZ_02,LOC_EEZ_2214
LIM_EEZ_03E,LOC_EEZ_2215
LIM_EEZ_03E,LOC_EEZ_2216
LIM_EEZ_03E,LOC_EEZ_2217
LIM_EEZ_03E,LOC_EEZ_2218
LIM_EEZ_03E,LOC_EEZ_2219
LIM_EEZ_03E,LOC_EEZ_2220
LIM_EEZ_03E,LOC_EEZ_2221
LIM_EEZ_03E,LOC_EEZ_2222
LIM_EEZ_03E,LOC_EEZ_2223
LIM_EEZ_03E,LOC_EEZ_2224
LIM_EEZ_03E,LOC_EEZ_2225
LIM_EEZ_03E,LOC_EEZ_2226
LIM_EEZ_03E,LOC_EEZ_2227
LIM_EEZ_03E,LOC_EEZ_2228
LIM_EEZ_03E,LOC_EEZ_2229
LIM_EEZ_03E,LOC_EEZ_2230
LIM_EEZ_03E,LOC_EEZ_2231
LIM_EEZ_03E,LOC_EEZ_2232
LIM_EEZ_03E,LOC_EEZ_2233
LIM_EEZ_03E,LOC_EEZ_2234
LIM_EEZ_03E,LOC_EEZ_2235
LIM_EEZ_03E,LOC_EEZ_2236
LIM_EEZ_03E,LOC_EEZ_2237
LIM_EEZ_03E,LOC_EEZ_2238
LIM_EEZ_03E,LOC_EEZ_2239
LIM_EEZ_03E,LOC_EEZ_2240
LIM_EEZ_03E,LOC_EEZ_2241
LIM_EEZ_03E,LOC_EEZ_2242
LIM_EEZ_03E,LOC_EEZ_2243
LIM_EEZ_03E,LOC_EEZ_2244
LIM_EEZ_03E,LOC_EEZ_2245
LIM_EEZ_03E,LOC_EEZ_2246
LIM_EEZ_03E,LOC_EEZ_2247
LIM_EEZ_03E,LOC_EEZ_2248
LIM_EEZ_03E,LOC_EEZ_2249
LIM_EEZ_03E,LOC_EEZ_2250
LIM_EEZ_03E,LOC_EEZ_2251
LIM_EEZ_03E,LOC_EEZ_2252
LIM_EEZ_03E,LOC_EEZ_2253
LIM_EEZ_03E,LOC_EEZ_2254
LIM_EEZ_03E,LOC_EEZ_2255
LIM_EEZ_03E,LOC_EEZ_2256
LIM_EEZ_03E,LOC_EEZ_2257
LIM_EEZ_03E,LOC_EEZ_2258
LIM_EEZ_03E,LOC_EEZ_2259
LIM_EEZ_03E,LOC_EEZ_2260
LIM_EEZ_03E,LOC_EEZ_2261
LIM_EEZ_03E,LOC_EEZ_2262
LIM_EEZ_03E,LOC_EEZ_2263
LIM_EEZ_03E,LOC_EEZ_2264
LIM_EEZ_03E,LOC_EEZ_2265
LIM_EEZ_03E,LOC_EEZ_2266
LIM_EEZ_03E,LOC_EEZ_2267
LIM_EEZ_03E,LOC_EEZ_2268
LIM_EEZ_03E,LOC_EEZ_2269
LIM_EEZ_03E,LOC_EEZ_2270
LIM_EEZ_03E,LOC_EEZ_2271
LIM_EEZ_03E,LOC_EEZ_2272
LIM_EEZ_03E,LOC_EEZ_2273
LIM_EEZ_03E,LOC_EEZ_2274
LIM_EEZ_03E,LOC_EEZ_2275
LIM_EEZ_03E,LOC_EEZ_2276
LIM_EEZ_03E,LOC_EEZ_2277
LIM_EEZ_03E,LOC_EEZ_2278
LIM_EEZ_03E,LOC_EEZ_2279
LIM_EEZ_03E,LOC_EEZ_2280
LIM_EEZ_03E,LOC_EEZ_2281
LIM_EEZ_03E,LOC_EEZ_2282
LIM_EEZ_03E,LOC_EEZ_2283
LIM_EEZ_03E,LOC_EEZ_2284
LIM_EEZ_03E,LOC_EEZ_2285
LIM_EEZ_03E,LOC_EEZ_2286
LIM_EEZ_03E,LOC_EEZ_2287
LIM_EEZ_03E,LOC_EEZ_2288
LIM_EEZ_03E,LOC_EEZ_2289
LIM_EEZ_03E,LOC_EEZ_2290
LIM_EEZ_03E,LOC_EEZ_2291
LIM_EEZ_03E,LOC_EEZ_2292
LIM_EEZ_03E,LOC_EEZ_2293
LIM_EEZ_03E,LOC_EEZ_2294
LIM_EEZ_03E,LOC_EEZ_2295
LIM_EEZ_03E,LOC_EEZ_2296
LIM_EEZ_03E,LOC_EEZ_2297
LIM_EEZ_03E,LOC_EEZ_2298
LIM_EEZ_03E,LOC_EEZ_2299
LIM_EEZ_03E,LOC_EEZ_2300
LIM_EEZ_03E,LOC_EEZ_2301
LIM_EEZ_03E,LOC_EEZ_2302
LIM_EEZ_03E,LOC_EEZ_2303
LIM_EEZ_03E,LOC_EEZ_2304
LIM_EEZ_03E,LOC_EEZ_2305
LIM_EEZ_03E,LOC_EEZ_2306
LIM_EEZ_03E,LOC_EEZ_2307
LIM_EEZ_03E,LOC_EEZ_2308
LIM_EEZ_03E,LOC_EEZ_2309
LIM_EEZ_03E,LOC_EEZ_2310
LIM_EEZ_03E,LOC_EEZ_2311
LIM_EEZ_03E,LOC_EEZ_2312
LIM_EEZ_03E,LOC_EEZ_2313
LIM_EEZ_03E,LOC_EEZ_2314
LIM_EEZ_03E,LOC_EEZ_2315
LIM_EEZ_03E,LOC_EEZ_2316
LIM_EEZ_03E,LOC_EEZ_2317
LIM_EEZ_03E,LOC_EEZ_2318
LIM_EEZ_03E,LOC_EEZ_2319
LIM_EEZ_03E,LOC_EEZ_2320
LIM_EEZ_03E,LOC_EEZ_2321
LIM_EEZ_03E,LOC_EEZ_2322
LIM_EEZ_03E,LOC_EEZ_2323
LIM_EEZ_03E,LOC_EEZ_2324
LIM_EEZ_03E,LOC_EEZ_2325
LIM_EEZ_03E,LOC_EEZ_2326
LIM_EEZ_03E,LOC_EEZ_2327
LIM_EEZ_03E,LOC_EEZ_2328
LIM_EEZ_03E,LOC_EEZ_2329
LIM_EEZ_03E,LOC_EEZ_2330
LIM_EEZ_03E,LOC_EEZ_2331
LIM_EEZ_03E,LOC_EEZ_2332
LIM_EEZ_03E,LOC_EEZ_2333
LIM_EEZ_03E,LOC_EEZ_2334
LIM_EEZ_03E,LOC_EEZ_2335
LIM_EEZ_03E,LOC_EEZ_2336
LIM_EEZ_03E,LOC_EEZ_2337
LIM_EEZ_03E,LOC_EEZ_2338
LIM_EEZ_03E,LOC_EEZ_2339
LIM_EEZ_03E,LOC_EEZ_2340
LIM_EEZ_03E,LOC_EEZ_2341
LIM_EEZ_03E,LOC_EEZ_2342
LIM_EEZ_03E,LOC_EEZ_2343
LIM_EEZ_03E,LOC_EEZ_2344
LIM_EEZ_03E,LOC_EEZ_2345
LIM_EEZ_03E,LOC_EEZ_2346
LIM_EEZ_03E,LOC_EEZ_2347
LIM_EEZ_03E,LOC_EEZ_2348
LIM_EEZ_03E,LOC_EEZ_2349
LIM_EEZ_03E,LOC_EEZ_2350
LIM_EEZ_03E,LOC_EEZ_2351
LIM_EEZ_03E,LOC_EEZ_2352
LIM_EEZ_03E,LOC_EEZ_2353
LIM_EEZ_03E,LOC_EEZ_2354
LIM_EEZ_03E,LOC_EEZ_2355
LIM_EEZ_03E,LOC_EEZ_2356
LIM_EEZ_03E,LOC_EEZ_2357
LIM_EEZ_03E,LOC_EEZ_2358
LIM_EEZ_03E,LOC_EEZ_2359
LIM_EEZ_03E,LOC_EEZ_2360
LIM_EEZ_03E,LOC_EEZ_2361
LIM_EEZ_03E,LOC_EEZ_2362
LIM_EEZ_03E,LOC_EEZ_2363
LIM_EEZ_03E,LOC_EEZ_2364
LIM_EEZ_03E,LOC_EEZ_2365
LIM_EEZ_03E,LOC_EEZ_2366
LIM_EEZ_03E,LOC_EEZ_2367
LIM_EEZ_03E,LOC_EEZ_2368
LIM_EEZ_03E,LOC_EEZ_2369
LIM_EEZ_03E,LOC_EEZ_2370
LIM_EEZ_03E,LOC_EEZ_2371
LIM_EEZ_03E,LOC_EEZ_2372
LIM_EEZ_03E,LOC_EEZ_2373
LIM_EEZ_03E,LOC_EEZ_2374
LIM_EEZ_03E,LOC_EEZ_2375
LIM_EEZ_03E,LOC_EEZ_2376
LIM_EEZ_03E,LOC_EEZ_2377
LIM_EEZ_03E,LOC_EEZ_2378
LIM_EEZ_03E,LOC_EEZ_2379
LIM_EEZ_03E,LOC_EEZ_2380
LIM_EEZ_03E,LOC_EEZ_2381
LIM_EEZ_03E,LOC_EEZ_2382
LIM_EEZ_03E,LOC_EEZ_2383
LIM_EEZ_03E,LOC_EEZ_2384
LIM_EEZ_03E,LOC_EEZ_2385
LIM_EEZ_03E,LOC_EEZ_2386
LIM_EEZ_03E,LOC_EEZ_2387
LIM_EEZ_03E,LOC_EEZ_2388
LIM_EEZ_03E,LOC_EEZ_2389
LIM_EEZ_03E,LOC_EEZ_2390
LIM_EEZ_03E,LOC_EEZ_2391
LIM_EEZ_03E,LOC_EEZ_2392
LIM_EEZ_03E,LOC_EEZ_2393
LIM_EEZ_03E,LOC_EEZ_2394
LIM_EEZ_03E,LOC_EEZ_2395
LIM_EEZ_03E,LOC_EEZ_2396
LIM_EEZ_03E,LOC_EEZ_2397
LIM_EEZ_03E,LOC_EEZ_2398
LIM_EEZ_03E,LOC_EEZ_2399
LIM_EEZ_03E,LOC_EEZ_2400
LIM_EEZ_03E,LOC_EEZ_2401
LIM_EEZ_03E,LOC_EEZ_2402
LIM_EEZ_03E,LOC_EEZ_2403
LIM_EEZ_03E,LOC_EEZ_2404
LIM_EEZ_03E,LOC_EEZ_2405
LIM_EEZ_03E,LOC_EEZ_2406
LIM_EEZ_03E,LOC_EEZ_2407
LIM_EEZ_03E,LOC_EEZ_2408
LIM_EEZ_03E,LOC_EEZ_2409
LIM_EEZ_03E,LOC_EEZ_2410
LIM_EEZ_03E,LOC_EEZ_2411
LIM_EEZ_03E,LOC_EEZ_2412
LIM_EEZ_03E,LOC_EEZ_2413
LIM_EEZ_03E,LOC_EEZ_2414
LIM_EEZ_03E,LOC_EEZ_2415
LIM_EEZ_03E,LOC_EEZ_2416
LIM_EEZ_03E,LOC_EEZ_2417
LIM_EEZ_03E,LOC_EEZ_2418
LIM_EEZ_03E,LOC_EEZ_2419
LIM_EEZ_03E,LOC_EEZ_2420
LIM_EEZ_03E,LOC_EEZ_2421
LIM_EEZ_03E,LOC_EEZ_2422
LIM_EEZ_03E,LOC_EEZ_2423
LIM_EEZ_03E,LOC_EEZ_2424
LIM_EEZ_03E,LOC_EEZ_2425
LIM_EEZ_03E,LOC_EEZ_2426
LIM_EEZ_03E,LOC_EEZ_2427
LIM_EEZ_03E,LOC_EEZ_2428
LIM_EEZ_03E,LOC_EEZ_2429
LIM_EEZ_03E,LOC_EEZ_2430
LIM_EEZ_03E,LOC_EEZ_2431
LIM_EEZ_03E,LOC_EEZ_2432
LIM_EEZ_03E,LOC_EEZ_2433
LIM_EEZ_03E,LOC_EEZ_2434
LIM_EEZ_03E,LOC_EEZ_2435
LIM_EEZ_03E,LOC_EEZ_2436
LIM_EEZ_03E,LOC_EEZ_2437
LIM_EEZ_03E,LOC_EEZ_2438
LIM_EEZ_03E,LOC_EEZ_2439
LIM_EEZ_03E,LOC_EEZ_2440
LIM_EEZ_03E,LOC_EEZ_2441
LIM_EEZ_03E,LOC_EEZ_2442
LIM_EEZ_03E,LOC_EEZ_2443
LIM_EEZ_03E,LOC_EEZ_2444
LIM_EEZ_03E,LOC_EEZ_2445
LIM_EEZ_03E,LOC_EEZ_2446
LIM_EEZ_03E,LOC_EEZ_2447
LIM_EEZ_03E,LOC_EEZ_2448
LIM_EEZ_03E,LOC_EEZ_2449
LIM_EEZ_03E,LOC_EEZ_2450
LIM_EEZ_03E,LOC_EEZ_2451
LIM_EEZ_03E,LOC_EEZ_2452
LIM_EEZ_03E,LOC_EEZ_2453
LIM_EEZ_03E,LOC_EEZ_2454
LIM_EEZ_03E,LOC_EEZ_2455
LIM_EEZ_03E,LOC_EEZ_2456
LIM_EEZ_03E,LOC_EEZ_2457
LIM_EEZ_03E,LOC_EEZ_2458
LIM_EEZ_03E,LOC_EEZ_2459
LIM_EEZ_03E,LOC_EEZ_2460
LIM_EEZ_03E,LOC_EEZ_2461
LIM_EEZ_03E,LOC_EEZ_2462
LIM_EEZ_03E,LOC_EEZ_2463
LIM_EEZ_03E,LOC_EEZ_2464
LIM_EEZ_03E,LOC_EEZ_2465
LIM_EEZ_03E,LOC_EEZ_2466
LIM_EEZ_03E,LOC_EEZ_2467
LIM_EEZ_03E,LOC_EEZ_2468
LIM_EEZ_03E,LOC_EEZ_2469
LIM_EEZ_03E,LOC_EEZ_2470
LIM_EEZ_03E,LOC_EEZ_2471
LIM_EEZ_03E,LOC_EEZ_2472
LIM_EEZ_03E,LOC_EEZ_2473
LIM_EEZ_03E,LOC_EEZ_2474
LIM_EEZ_03E,LOC_EEZ_2475
LIM_EEZ_03E,LOC_EEZ_2476
LIM_EEZ_03E,LOC_EEZ_2477
LIM_EEZ_03E,LOC_EEZ_2478
LIM_EEZ_03E,LOC_EEZ_2479
LIM_EEZ_03E,LOC_EEZ_2480
LIM_EEZ_03E,LOC_EEZ_2481
LIM_EEZ_03E,LOC_EEZ_2482
LIM_EEZ_03E,LOC_EEZ_2483
LIM_EEZ_03E,LOC_EEZ_2484
LIM_EEZ_03E,LOC_EEZ_2485
LIM_EEZ_03E,LOC_EEZ_2486
LIM_EEZ_03E,LOC_EEZ_2487
LIM_EEZ_03E,LOC_EEZ_2488
LIM_EEZ_03E,LOC_EEZ_2489
LIM_EEZ_03E,LOC_EEZ_2490
LIM_EEZ_03E,LOC_EEZ_2491
LIM_EEZ_03E,LOC_EEZ_2492
LIM_EEZ_03E,LOC_EEZ_2493
LIM_EEZ_03E,LOC_EEZ_2494
LIM_EEZ_03E,LOC_EEZ_2495
LIM_EEZ_03E,LOC_EEZ_2496
LIM_EEZ_03E,LOC_EEZ_2497
LIM_EEZ_03E,LOC_EEZ_2498
LIM_EEZ_03E,LOC_EEZ_2499
LIM_EEZ_03E,LOC_EEZ_2500
LIM_EEZ_03E,LOC_EEZ_2501
LIM_EEZ_03E,LOC_EEZ_2502
LIM_EEZ_03E,LOC_EEZ_2503
LIM_EEZ_03E,LOC_EEZ_2504
LIM_EEZ_03E,LOC_EEZ_2505
LIM_EEZ_03E,LOC_EEZ_2506
LIM_EEZ_03E,LOC_EEZ_2507
LIM_EEZ_03E,LOC_EEZ_2508
LIM_EEZ_03E,LOC_EEZ_2509
LIM_EEZ_03E,LOC_EEZ_2510
LIM_EEZ_03E,LOC_EEZ_2511
LIM_EEZ_03E,LOC_EEZ_2512
LIM_EEZ_03E,LOC_EEZ_2513
LIM_EEZ_03E,LOC_EEZ_2514
LIM_EEZ_03E,LOC_EEZ_2515
LIM_EEZ_03E,LOC_EEZ_2516
LIM_EEZ_03E,LOC_EEZ_2517
LIM_EEZ_03E,LOC_EEZ_2518
LIM_EEZ_03E,LOC_EEZ_2519
LIM_EEZ_03E,LOC_EEZ_2520
LIM_EEZ_03E,LOC_EEZ_2521
LIM_EEZ_03E,LOC_EEZ_2522
LIM_EEZ_03E,LOC_EEZ_2523
LIM_EEZ_03E,LOC_EEZ_2524
LIM_EEZ_03E,LOC_EEZ_2525
LIM_EEZ_03E,LOC_EEZ_2526
LIM_EEZ_03E,LOC_EEZ_2527
LIM_EEZ_03E,LOC_EEZ_2528
LIM_EEZ_03E,LOC_EEZ_2529
LIM_EEZ_03E,LOC_EEZ_2530
LIM_EEZ_03E,LOC_EEZ_2531
LIM_EEZ_03E,LOC_EEZ_2532
LIM_EEZ_03E,LOC_EEZ_2533
LIM_EEZ_03E,LOC_EEZ_2534
LIM_EEZ_03E,LOC_EEZ_2535
LIM_EEZ_03E,LOC_EEZ_2536
LIM_EEZ_03E,LOC_EEZ_2537
LIM_EEZ_03E,LOC_EEZ_2538
LIM_EEZ_03E,LOC_EEZ_2539
LIM_EEZ_03E,LOC_EEZ_2540
LIM_EEZ_03E,LOC_EEZ_2541
LIM_EEZ_03E,LOC_EEZ_2542
LIM_EEZ_03E,LOC_EEZ_2543
LIM_EEZ_03E,LOC_EEZ_2544
LIM_EEZ_03E,LOC_EEZ_2545
LIM_EEZ_03E,LOC_EEZ_2546
LIM_EEZ_03E,LOC_EEZ_2547
LIM_EEZ_03E,LOC_EEZ_2548
LIM_EEZ_03E,LOC_EEZ_2549
LIM_EEZ_03E,LOC_EEZ_2550
LIM_EEZ_03E,LOC_EEZ_2551
LIM_EEZ_03E,LOC_EEZ_2552
LIM_EEZ_03E,LOC_EEZ_2553
LIM_EEZ_03E,LOC_EEZ_2554
LIM_EEZ_03E,LOC_EEZ_2555
LIM_EEZ_03E,LOC_EEZ_2556
LIM_EEZ_03E,LOC_EEZ_2557
LIM_EEZ_03E,LOC_EEZ_2558
LIM_EEZ_03E,LOC_EEZ_2559
LIM_EEZ_03E,LOC_EEZ_2560
LIM_EEZ_03E,LOC_EEZ_2561
LIM_EEZ_03E,LOC_EEZ_2562
LIM_EEZ_03E,LOC_EEZ_2563
LIM_EEZ_03E,LOC_EEZ_2564
LIM_EEZ_03E,LOC_EEZ_2565
LIM_EEZ_03E,LOC_EEZ_2566
LIM_EEZ_03E,LOC_EEZ_2567
LIM_EEZ_03E,LOC_EEZ_2568
LIM_EEZ_03E,LOC_EEZ_2569
LIM_EEZ_03E,LOC_EEZ_2570
LIM_EEZ_03E,LOC_EEZ_2571
LIM_EEZ_03E,LOC_EEZ_2572
LIM_EEZ_03E,LOC_EEZ_2573
LIM_EEZ_03E,LOC_EEZ_2574
LIM_EEZ_03E,LOC_EEZ_2575
LIM_EEZ_03E,LOC_EEZ_2576
LIM_EEZ_03E,LOC_EEZ_2577
LIM_EEZ_03E,LOC_EEZ_2578
LIM_EEZ_03E,LOC_EEZ_2579
LIM_EEZ_03E,LOC_EEZ_2580
LIM_EEZ_03E,LOC_EEZ_2581
LIM_EEZ_03E,LOC_EEZ_2582
LIM_EEZ_03E,LOC_EEZ_2583
LIM_EEZ_03E,LOC_EEZ_2584
LIM_EEZ_03E,LOC_EEZ_2585
LIM_EEZ_03E,LOC_EEZ_2586
LIM_EEZ_03E,LOC_EEZ_2587
LIM_EEZ_03E,LOC_EEZ_2588
LIM_EEZ_03E,LOC_EEZ_2589
LIM_EEZ_03E,LOC_EEZ_2590
LIM_EEZ_03E,LOC_EEZ_2591
LIM_EEZ_03E,LOC_EEZ_2592
LIM_EEZ_03E,LOC_EEZ_2593
LIM_EEZ_03E,LOC_EEZ_2594
LIM_EEZ_03E,LOC_EEZ_2595
LIM_EEZ_03E,LOC_EEZ_2596
LIM_EEZ_03E,LOC_EEZ_2597
LIM_EEZ_03E,LOC_EEZ_2598
LIM_EEZ_03E,LOC_EEZ_2599
LIM_EEZ_03E,LOC_EEZ_2600
LIM_EEZ_03E,LOC_EEZ_2601
LIM_EEZ_03E,LOC_EEZ_2602
LIM_EEZ_03E,LOC_EEZ_2603
LIM_EEZ_03E,LOC_EEZ_2604
LIM_EEZ_03E,LOC_EEZ_2605
LIM_EEZ_03E,LOC_EEZ_2606
LIM_EEZ_03E,LOC_EEZ_2607
LIM_EEZ_03E,LOC_EEZ_2608
LIM_EEZ_03E,LOC_EEZ_2609
LIM_EEZ_03E,LOC_EEZ_2610
LIM_EEZ_03E,LOC_EEZ_2611
LIM_EEZ_03E,LOC_EEZ_2612
LIM_EEZ_03E,LOC_EEZ_2613
LIM_EEZ_03E,LOC_EEZ_2614
LIM_EEZ_03E,LOC_EEZ_2615
LIM_EEZ_03E,LOC_EEZ_2616
LIM_EEZ_03E,LOC_EEZ_2617
LIM_EEZ_03E,LOC_EEZ_2618
LIM_EEZ_03E,LOC_EEZ_2619
LIM_EEZ_03E,LOC_EEZ_2620
LIM_EEZ_03E,LOC_EEZ_2621
LIM_EEZ_03E,LOC_EEZ_2622
LIM_EEZ_03E,LOC_EEZ_2623
LIM_EEZ_03E,LOC_EEZ_2624
LIM_EEZ_03E,LOC_EEZ_2625
LIM_EEZ_03E,LOC_EEZ_2626
LIM_EEZ_03E,LOC_EEZ_2627
LIM_EEZ_03E,LOC_EEZ_2628
LIM_EEZ_03E,LOC_EEZ_2629
LIM_EEZ_03E,LOC_EEZ_2630
LIM_EEZ_03E,LOC_EEZ_2631
LIM_EEZ_03E,LOC_EEZ_2632
LIM_EEZ_03E,LOC_EEZ_2633
LIM_EEZ_03E,LOC_EEZ_2634
LIM_EEZ_03E,LOC_EEZ_2635
LIM_EEZ_03E,LOC_EEZ_2636
LIM_EEZ_03E,LOC_EEZ_2637
LIM_EEZ_03E,LOC_EEZ_2638
LIM_EEZ_03E,LOC_EEZ_2639
LIM_EEZ_03E,LOC_EEZ_2640
LIM_EEZ_03E,LOC_EEZ_2641
LIM_EEZ_03E,LOC_EEZ_2642
LIM_EEZ_03E,LOC_EEZ_2643
LIM_EEZ_03E,LOC_EEZ_2644
LIM_EEZ_03E,LOC_EEZ_2645
LIM_EEZ_03E,LOC_EEZ_2646
LIM_EEZ_03E,LOC_EEZ_2647
LIM_EEZ_03E,LOC_EEZ_2648
LIM_EEZ_03E,LOC_EEZ_2649
LIM_EEZ_03E,LOC_EEZ_2650
LIM_EEZ_03E,LOC_EEZ_2651
LIM_EEZ_03E,LOC_EEZ_2652
LIM_EEZ_03E,LOC_EEZ_2653
LIM_EEZ_03E,LOC_EEZ_2654
LIM_EEZ_03E,LOC_EEZ_2655
LIM_EEZ_03E,LOC_EEZ_2656
LIM_EEZ_03E,LOC_EEZ_2657
LIM_EEZ_03E,LOC_EEZ_2658
LIM_EEZ_03E,LOC_EEZ_2659
LIM_EEZ_03E,LOC_EEZ_2660
LIM_EEZ_03E,LOC_EEZ_2661
LIM_EEZ_03E,LOC_EEZ_2662
LIM_EEZ_03E,LOC_EEZ_2663
LIM_EEZ_03E,LOC_EEZ_2664
LIM_EEZ_03E,LOC_EEZ_2665
LIM_EEZ_03E,LOC_EEZ_2666
LIM_EEZ_03E,LOC_EEZ_2667
LIM_EEZ_03E,LOC_EEZ_2668
LIM_EEZ_03E,LOC_EEZ_2669
LIM_EEZ_03E,LOC_EEZ_2670
LIM_EEZ_03E,LOC_EEZ_2671
LIM_EEZ_03E,LOC_EEZ_2672
LIM_EEZ_03E,LOC_EEZ_2673
LIM_EEZ_03E,LOC_EEZ_2674
LIM_EEZ_03E,LOC_EEZ_2675
LIM_EEZ_03E,LOC_EEZ_2676
LIM_EEZ_03E,LOC_EEZ_2677
LIM_EEZ_03E,LOC_EEZ_2678
LIM_EEZ_03E,LOC_EEZ_2679
LIM_EEZ_03E,LOC_EEZ_2680
LIM_EEZ_03E,LOC_EEZ_2681
LIM_EEZ_03E,LOC_EEZ_2682
LIM_EEZ_03E,LOC_EEZ_2683
LIM_EEZ_03E,LOC_EEZ_2684
LIM_EEZ_03E,LOC_EEZ_2685
LIM_EEZ_03E,LOC_EEZ_2686
LIM_EEZ_03E,LOC_EEZ_2687
LIM_EEZ_03E,LOC_EEZ_2688
LIM_EEZ_03E,LOC_EEZ_2689
LIM_EEZ_03E,LOC_EEZ_2690
LIM_EEZ_03E,LOC_EEZ_2691
LIM_EEZ_03E,LOC_EEZ_2692
LIM_EEZ_03E,LOC_EEZ_2693
LIM_EEZ_03E,LOC_EEZ_2694
LIM_EEZ_03E,LOC_EEZ_2695
LIM_EEZ_03E,LOC_EEZ_2696
LIM_EEZ_03E,LOC_EEZ_2697
LIM_EEZ_03E,LOC_EEZ_2698
LIM_EEZ_03E,LOC_EEZ_2699
LIM_EEZ_03E,LOC_EEZ_2700
LIM_EEZ_03E,LOC_EEZ_2701
LIM_EEZ_03E,LOC_EEZ_2702
LIM_EEZ_03E,LOC_EEZ_2703
LIM_EEZ_03E,LOC_EEZ_2704
LIM_EEZ_03E,LOC_EEZ_2705
LIM_EEZ_03E,LOC_EEZ_2706
LIM_EEZ_03E,LOC_EEZ_2707
LIM_EEZ_03E,LOC_EEZ_2708
LIM_EEZ_03E,LOC_EEZ_2709
LIM_EEZ_03E,LOC_EEZ_2710
LIM_EEZ_03E,LOC_EEZ_2711
LIM_EEZ_03E,LOC_EEZ_2712
LIM_EEZ_03E,LOC_EEZ_2713
LIM_EEZ_03E,LOC_EEZ_2714
LIM_EEZ_03E,LOC_EEZ_2715
LIM_EEZ_03E,LOC_EEZ_2716
LIM_EEZ_03E,LOC_EEZ_2717
LIM_EEZ_03E,LOC_EEZ_2718
LIM_EEZ_03E,LOC_EEZ_2719
LIM_EEZ_03E,LOC_EEZ_2720
LIM_EEZ_03E,LOC_EEZ_2721
LIM_EEZ_03E,LOC_EEZ_2722
LIM_EEZ_03E,LOC_EEZ_2723
LIM_EEZ_03E,LOC_EEZ_2724
LIM_EEZ_03E,LOC_EEZ_2725
LIM_EEZ_03E,LOC_EEZ_2726
LIM_EEZ_03E,LOC_EEZ_2727
LIM_EEZ_03E,LOC_EEZ_2728
LIM_EEZ_03E,LOC_EEZ_2729
LIM_EEZ_03E,LOC_EEZ_2730
LIM_EEZ_03E,LOC_EEZ_2731
LIM_EEZ_03E,LOC_EEZ_2732
LIM_EEZ_03E,LOC_EEZ_2733
LIM_EEZ_03E,LOC_EEZ_2734
LIM_EEZ_03E,LOC_EEZ_2735
LIM_EEZ_03E,LOC_EEZ_2736
LIM_EEZ_03E,LOC_EEZ_2737
LIM_EEZ_03E,LOC_EEZ_2738
LIM_EEZ_03E,LOC_EEZ_2739
LIM_EEZ_03E,LOC_EEZ_2740
LIM_EEZ_03E,LOC_EEZ_2741
LIM_EEZ_03E,LOC_EEZ_2742
LIM_EEZ_03E,LOC_EEZ_2743
LIM_EEZ_03E,LOC_EEZ_2744
LIM_EEZ_03E,LOC_EEZ_2745
LIM_EEZ_03E,LOC_EEZ_2746
LIM_EEZ_03E,LOC_EEZ_2747
LIM_EEZ_03E,LOC_EEZ_2748
LIM_EEZ_03E,LOC_EEZ_2749
LIM_EEZ_03E,LOC_EEZ_2750
LIM_EEZ_03E,LOC_EEZ_2751
LIM_EEZ_03E,LOC_EEZ_2752
LIM_EEZ_03E,LOC_EEZ_2753
LIM_EEZ_03E,LOC_EEZ_2754
LIM_EEZ_03E,LOC_EEZ_2755
LIM_EEZ_03E,LOC_EEZ_2756
LIM_EEZ_03E,LOC_EEZ_2757
LIM_EEZ_03E,LOC_EEZ_2758
LIM_EEZ_03E,LOC_EEZ_2759
LIM_EEZ_03E,LOC_EEZ_2760
LIM_EEZ_03E,LOC_EEZ_2761
LIM_EEZ_03E,LOC_EEZ_2762
LIM_EEZ_03E,LOC_EEZ_2763
LIM_EEZ_03E,LOC_EEZ_2764
LIM_EEZ_03E,LOC_EEZ_2765
LIM_EEZ_03E,LOC_EEZ_2766
LIM_EEZ_03E,LOC_EEZ_2767
LIM_EEZ_03E,LOC_EEZ_2768
LIM_EEZ_03E,LOC_EEZ_2769
LIM_EEZ_03E,LOC_EEZ_2770
LIM_EEZ_03E,LOC_EEZ_2771
LIM_EEZ_03E,LOC_EEZ_2772
LIM_EEZ_03E,LOC_EEZ_2773
LIM_EEZ_03E,LOC_EEZ_2774
LIM_EEZ_03E,LOC_EEZ_2775
LIM_EEZ_03E,LOC_EEZ_2776
LIM_EEZ_03E,LOC_EEZ_2777
LIM_EEZ_03E,LOC_EEZ_2778
LIM_EEZ_03E,LOC_EEZ_2779
LIM_EEZ_03E,LOC_EEZ_2780
LIM_EEZ_03E,LOC_EEZ_2781
LIM_EEZ_03E,LOC_EEZ_2782
LIM_EEZ_03E,LOC_EEZ_2783
LIM_EEZ_03E,LOC_EEZ_2784
LIM_EEZ_03E,LOC_EEZ_2785
LIM_EEZ_03E,LOC_EEZ_2786
LIM_EEZ_03E,LOC_EEZ_2787
LIM_EEZ_03E,LOC_EEZ_2788
LIM_EEZ_03E,LOC_EEZ_2789
LIM_EEZ_03E,LOC_EEZ_2790
LIM_EEZ_03E,LOC_EEZ_2791
LIM_EEZ_03E,LOC_EEZ_2792
LIM_EEZ_03E,LOC_EEZ_2793
LIM_EEZ_03E,LOC_EEZ_2794
LIM_EEZ_03E,LOC_EEZ_2795
LIM_EEZ_03E,LOC_EEZ_2796
LIM_EEZ_03E,LOC_EEZ_2797
LIM_EEZ_03E,LOC_EEZ_2798
LIM_EEZ_03E,LOC_EEZ_2799
LIM_EEZ_03E,LOC_EEZ_2800
LIM_EEZ_03E,LOC_EEZ_2801
LIM_EEZ_03E,LOC_EEZ_2802
LIM_EEZ_03E,LOC_EEZ_2803
LIM_EEZ_03E,LOC_EEZ_2804
LIM_EEZ_03E,LOC_EEZ_2805
LIM_EEZ_03E,LOC_EEZ_2806
LIM_EEZ_03E,LOC_EEZ_2807
LIM_EEZ_03E,LOC_EEZ_2808
LIM_EEZ_03E,LOC_EEZ_2809
LIM_EEZ_03E,LOC_EEZ_2810
LIM_EEZ_03E,LOC_EEZ_2811
LIM_EEZ_03E,LOC_EEZ_2812
LIM_EEZ_03E,LOC_EEZ_2813
LIM_EEZ_03E,LOC_EEZ_2814
LIM_EEZ_03E,LOC_EEZ_2815
LIM_EEZ_03E,LOC_EEZ_2816
LIM_EEZ_03E,LOC_EEZ_2817
LIM_EEZ_03E,LOC_EEZ_2818
LIM_EEZ_03E,LOC_EEZ_2819
LIM_EEZ_03E,LOC_EEZ_2820
LIM_EEZ_03E,LOC_EEZ_2821
LIM_EEZ_03E,LOC_EEZ_2822
LIM_EEZ_03E,LOC_EEZ_2823
LIM_EEZ_03E,LOC_EEZ_2824
LIM_EEZ_03E,LOC_EEZ_2825
LIM_EEZ_03E,LOC_EEZ_2826
LIM_EEZ_03E,LOC_EEZ_2827
LIM_EEZ_03E,LOC_EEZ_2828
LIM_EEZ_03E,LOC_EEZ_2829
LIM_EEZ_03E,LOC_EEZ_2830
LIM_EEZ_03E,LOC_EEZ_2831
LIM_EEZ_03E,LOC_EEZ_2832
LIM_EEZ_03E,LOC_EEZ_2833
LIM_EEZ_03E,LOC_EEZ_2834
LIM_EEZ_03E,LOC_EEZ_2835
LIM_EEZ_03E,LOC_EEZ_2836
LIM_EEZ_03E,LOC_EEZ_2837
LIM_EEZ_03E,LOC_EEZ_2838
LIM_EEZ_03E,LOC_EEZ_2839
LIM_EEZ_03E,LOC_EEZ_2840
LIM_EEZ_03E,LOC_EEZ_2841
LIM_EEZ_03E,LOC_EEZ_2842
LIM_EEZ_03E,LOC_EEZ_2843
LIM_EEZ_03E,LOC_EEZ_2844
LIM_EEZ_03E,LOC_EEZ_2845
LIM_EEZ_03E,LOC_EEZ_2846
LIM_EEZ_03E,LOC_EEZ_2847
LIM_EEZ_03E,LOC_EEZ_2848
LIM_EEZ_03E,LOC_EEZ_2849
LIM_EEZ_03E,LOC_EEZ_2850
LIM_EEZ_03E,LOC_EEZ_2851
LIM_EEZ_03E,LOC_EEZ_2852
LIM_EEZ_03E,LOC_EEZ_2853
LIM_EEZ_03E,LOC_EEZ_2854
LIM_EEZ_03E,LOC_EEZ_2855
LIM_EEZ_03E,LOC_EEZ_2856
LIM_EEZ_03E,LOC_EEZ_2857
LIM_EEZ_03E,LOC_EEZ_2858
LIM_EEZ_03E,LOC_EEZ_2859
LIM_EEZ_03E,LOC_EEZ_2860
LIM_EEZ_03E,LOC_EEZ_2861
LIM_EEZ_03E,LOC_EEZ_2862
LIM_EEZ_03E,LOC_EEZ_2863
LIM_EEZ_03E,LOC_EEZ_2864
LIM_EEZ_03E,LOC_EEZ_2865
LIM_EEZ_03E,LOC_EEZ_2866
LIM_EEZ_03E,LOC_EEZ_2867
LIM_EEZ_03E,LOC_EEZ_2868
LIM_EEZ_03E,LOC_EEZ_2869
LIM_EEZ_03E,LOC_EEZ_2870
LIM_EEZ_03E,LOC_EEZ_2871
LIM_EEZ_03E,LOC_EEZ_2872
LIM_EEZ_03E,LOC_EEZ_2873
LIM_EEZ_03E,LOC_EEZ_2874
LIM_EEZ_03E,LOC_EEZ_2875
LIM_EEZ_03E,LOC_EEZ_2876
LIM_EEZ_03E,LOC_EEZ_2877
LIM_EEZ_03E,LOC_EEZ_2878
LIM_EEZ_03E,LOC_EEZ_2879
LIM_EEZ_03E,LOC_EEZ_2880
LIM_EEZ_03E,LOC_EEZ_2881
LIM_EEZ_03E,LOC_EEZ_2882
LIM_EEZ_03E,LOC_EEZ_2883
LIM_EEZ_03E,LOC_EEZ_2884
LIM_EEZ_03E,LOC_EEZ_2885
LIM_EEZ_03E,LOC_EEZ_2886
LIM_EEZ_03E,LOC_EEZ_2887
LIM_EEZ_03E,LOC_EEZ_2888
LIM_EEZ_03E,LOC_EEZ_2889
LIM_EEZ_03E,LOC_EEZ_2890
LIM_EEZ_03E,LOC_EEZ_2891
LIM_EEZ_03E,LOC_EEZ_2892
LIM_EEZ_03E,LOC_EEZ_2893
LIM_EEZ_03E,LOC_EEZ_2894
LIM_EEZ_03E,LOC_EEZ_2895
LIM_EEZ_03E,LOC_EEZ_2896
LIM_EEZ_03E,LOC_EEZ_2897
LIM_EEZ_03E,LOC_EEZ_2898
LIM_EEZ_03E,LOC_EEZ_2899
LIM_EEZ_03E,LOC_EEZ_2900
LIM_EEZ_03E,LOC_EEZ_2901
LIM_EEZ_03E,LOC_EEZ_2902
LIM_EEZ_03E,LOC_EEZ_2903
LIM_EEZ_03E,LOC_EEZ_2904
LIM_EEZ_03E,LOC_EEZ_2905
LIM_EEZ_03E,LOC_EEZ_2906
LIM_EEZ_03E,LOC_EEZ_2907
LIM_EEZ_03E,LOC_EEZ_2908
LIM_EEZ_03E,LOC_EEZ_2909
LIM_EEZ_03E,LOC_EEZ_2910
LIM_EEZ_03E,LOC_EEZ_2911
LIM_EEZ_03E,LOC_EEZ_2912
LIM_EEZ_03E,LOC_EEZ_2913
LIM_EEZ_03E,LOC_EEZ_2914
LIM_EEZ_03E,LOC_EEZ_2915
LIM_EEZ_03E,LOC_EEZ_2916
LIM_EEZ_03E,LOC_EEZ_2917
LIM_EEZ_03E,LOC_EEZ_2918
LIM_EEZ_03E,LOC_EEZ_2919
LIM_EEZ_03E,LOC_EEZ_2920
LIM_EEZ_03E,LOC_EEZ_2921
LIM_EEZ_03E,LOC_EEZ_2922
LIM_EEZ_03E,LOC_EEZ_2923
LIM_EEZ_03E,LOC_EEZ_2924
LIM_EEZ_03E,LOC_EEZ_2925
LIM_EEZ_03E,LOC_EEZ_2926
LIM_EEZ_03E,LOC_EEZ_2927
LIM_EEZ_03E,LOC_EEZ_2928
LIM_EEZ_03E,LOC_EEZ_2929
LIM_EEZ_03E,LOC_EEZ_2930
LIM_EEZ_03E,LOC_EEZ_2931
LIM_EEZ_03E,LOC_EEZ_2932
LIM_EEZ_03E,LOC_EEZ_2933
LIM_EEZ_03E,LOC_EEZ_2934
LIM_EEZ_03E,LOC_EEZ_2935
LIM_EEZ_03E,LOC_EEZ_2936
LIM_EEZ_03E,LOC_EEZ_2937
LIM_EEZ_03E,LOC_EEZ_2938
LIM_EEZ_03E,LOC_EEZ_2939
LIM_EEZ_03E,LOC_EEZ_2940
LIM_EEZ_03E,LOC_EEZ_2941
LIM_EEZ_03E,LOC_EEZ_2942
LIM_EEZ_03E,LOC_EEZ_2943
LIM_EEZ_03E,LOC_EEZ_2944
LIM_EEZ_03E,LOC_EEZ_2945
LIM_EEZ_03E,LOC_EEZ_2946
LIM_EEZ_03E,LOC_EEZ_2947
LIM_EEZ_03E,LOC_EEZ_2948
LIM_EEZ_03E,LOC_EEZ_2949
LIM_EEZ_03E,LOC_EEZ_2950
LIM_EEZ_03E,LOC_EEZ_2951
LIM_EEZ_03E,LOC_EEZ_2952
LIM_EEZ_03E,LOC_EEZ_2953
LIM_EEZ_03E,LOC_EEZ_2954
LIM_EEZ_03E,LOC_EEZ_2955
LIM_EEZ_03E,LOC_EEZ_2956
LIM_EEZ_03E,LOC_EEZ_2957
LIM_EEZ_03E,LOC_EEZ_2958
LIM_EEZ_03E,LOC_EEZ_2959
LIM_EEZ_03E,LOC_EEZ_2960
LIM_EEZ_03E,LOC_EEZ_2961
LIM_EEZ_03E,LOC_EEZ_2962
LIM_EEZ_03E,LOC_EEZ_2963
LIM_EEZ_03E,LOC_EEZ_2964
LIM_EEZ_03E,LOC_EEZ_2965
LIM_EEZ_03E,LOC_EEZ_2966
LIM_EEZ_03E,LOC_EEZ_2967
LIM_EEZ_03E,LOC_EEZ_2968
LIM_EEZ_03E,LOC_EEZ_2969
LIM_EEZ_03E,LOC_EEZ_2970
LIM_EEZ_03E,LOC_EEZ_2971
LIM_EEZ_03E,LOC_EEZ_2972
LIM_EEZ_03E,LOC_EEZ_2973
LIM_EEZ_03E,LOC_EEZ_2974
LIM_EEZ_03E,LOC_EEZ_2975
LIM_EEZ_03E,LOC_EEZ_2976
LIM_EEZ_03E,LOC_EEZ_2977
LIM_EEZ_03E,LOC_EEZ_2978
LIM_EEZ_03E,LOC_EEZ_2979
LIM_EEZ_03E,LOC_EEZ_2980
LIM_EEZ_03E,LOC_EEZ_2981
LIM_EEZ_03E,LOC_EEZ_2982
LIM_EEZ_03E,LOC_EEZ_2983
LIM_EEZ_03E,LOC_EEZ_2984
LIM_EEZ_03E,LOC_EEZ_2985
LIM_EEZ_03E,LOC_EEZ_2986
LIM_EEZ_03E,LOC_EEZ_2987
LIM_EEZ_03E,LOC_EEZ_2988
LIM_EEZ_03E,LOC_EEZ_2989
LIM_EEZ_03E,LOC_EEZ_2990
LIM_EEZ_03E,LOC_EEZ_2991
LIM_EEZ_03E,LOC_EEZ_2992
LIM_EEZ_03E,LOC_EEZ_2993
LIM_EEZ_03E,LOC_EEZ_2994
LIM_EEZ_03E,LOC_EEZ_2995
LIM_EEZ_03E,LOC_EEZ_2996
LIM_EEZ_03E,LOC_EEZ_2997
LIM_EEZ_03E,LOC_EEZ_2998
LIM_EEZ_03E,LOC_EEZ_2999
LIM_EEZ_03E,LOC_EEZ_3000
LIM_EEZ_03E,LOC_EEZ_3001
LIM_EEZ_03E,LOC_EEZ_3002
LIM_EEZ_03E,LOC_EEZ_3003
LIM_EEZ_03E,LOC_EEZ_3004
LIM_EEZ_03E,LOC_EEZ_3005
LIM_EEZ_03E,LOC_EEZ_3006
LIM_EEZ_03E,LOC_EEZ_3007
LIM_EEZ_03E,LOC_EEZ_3008
LIM_EEZ_03E,LOC_EEZ_3009
LIM_EEZ_03E,LOC_EEZ_3010
LIM_EEZ_03E,LOC_EEZ_3011
LIM_EEZ_03E,LOC_EEZ_3012
LIM_EEZ_03E,LOC_EEZ_3013
LIM_EEZ_03E,LOC_EEZ_3014
LIM_EEZ_03E,LOC_EEZ_3015
LIM_EEZ_03E,LOC_EEZ_3016
LIM_EEZ_03E,LOC_EEZ_3017
LIM_EEZ_03E,LOC_EEZ_3018
LIM_EEZ_03E,LOC_EEZ_3019
LIM_EEZ_03E,LOC_EEZ_3020
LIM_EEZ_03E,LOC_EEZ_3021
LIM_EEZ_03E,LOC_EEZ_3022
LIM_EEZ_03E,LOC_EEZ_3023
LIM_EEZ_03E,LOC_EEZ_3024
LIM_EEZ_03E,LOC_EEZ_3025
LIM_EEZ_03E,LOC_EEZ_3026
LIM_EEZ_03E,LOC_EEZ_3027
LIM_EEZ_03E,LOC_EEZ_3028
LIM_EEZ_03E,LOC_EEZ_3029
LIM_EEZ_03E,LOC_EEZ_3030
LIM_EEZ_03E,LOC_EEZ_3031
LIM_EEZ_03E,LOC_EEZ_3032
LIM_EEZ_03E,LOC_EEZ_3033
LIM_EEZ_03E,LOC_EEZ_3034
LIM_EEZ_03E,LOC_EEZ_3035
LIM_EEZ_03E,LOC_EEZ_3036
LIM_EEZ_03E,LOC_EEZ_3037
LIM_EEZ_03E,LOC_EEZ_3038
LIM_EEZ_03E,LOC_EEZ_3039
LIM_EEZ_03E,LOC_EEZ_3040
LIM_EEZ_03E,LOC_EEZ_3041
LIM_EEZ_03E,LOC_EEZ_3042
LIM_EEZ_03E,LOC_EEZ_3043
LIM_EEZ_03E,LOC_EEZ_3044
LIM_EEZ_03E,LOC_EEZ_3045
LIM_EEZ_03E,LOC_EEZ_3046
LIM_EEZ_03E,LOC_EEZ_3047
LIM_EEZ_03E,LOC_EEZ_3048
LIM_EEZ_03E,LOC_EEZ_3049
LIM_EEZ_03E,LOC_EEZ_3050
LIM_EEZ_03E,LOC_EEZ_3051
LIM_EEZ_03E,LOC_EEZ_3052
LIM_EEZ_03E,LOC_EEZ_3053
LIM_EEZ_03E,LOC_EEZ_3054
LIM_EEZ_03E,LOC_EEZ_3055
LIM_EEZ_03E,LOC_EEZ_3056
LIM_EEZ_03E,LOC_EEZ_3057
LIM_EEZ_03E,LOC_EEZ_3058
LIM_EEZ_03E,LOC_EEZ_3059
LIM_EEZ_03E,LOC_EEZ_3060
LIM_EEZ_03E,LOC_EEZ_3061
LIM_EEZ_03E,LOC_EEZ_3062
LIM_EEZ_03E,LOC_EEZ_3063
LIM_EEZ_03E,LOC_EEZ_3064
LIM_EEZ_03E,LOC_EEZ_3065
LIM_EEZ_03E,LOC_EEZ_3066
LIM_EEZ_03E,LOC_EEZ_3067
LIM_EEZ_03E,LOC_EEZ_3068
LIM_EEZ_03E,LOC_EEZ_3069
LIM_EEZ_03E,LOC_EEZ_3070
LIM_EEZ_03E,LOC_EEZ_3071
LIM_EEZ_03E,LOC_EEZ_3072
LIM_EEZ_03E,LOC_EEZ_3073
LIM_EEZ_03E,LOC_EEZ_3074
LIM_EEZ_03E,LOC_EEZ_3075
LIM_EEZ_03E,LOC_EEZ_3076
LIM_EEZ_03E,LOC_EEZ_3077
LIM_EEZ_03E,LOC_EEZ_3078
LIM_EEZ_03E,LOC_EEZ_3079
LIM_EEZ_03E,LOC_EEZ_3080
LIM_EEZ_03E,LOC_EEZ_3081
LIM_EEZ_03E,LOC_EEZ_3082
LIM_EEZ_03E,LOC_EEZ_3083
LIM_EEZ_03E,LOC_EEZ_3084
LIM_EEZ_03E,LOC_EEZ_3085
LIM_EEZ_03E,LOC_EEZ_3086
LIM_EEZ_03E,LOC_EEZ_3087
LIM_EEZ_03E,LOC_EEZ_3088
LIM_EEZ_03E,LOC_EEZ_3089
LIM_EEZ_03E,LOC_EEZ_3090
LIM_EEZ_03E,LOC_EEZ_3091
LIM_EEZ_03E,LOC_EEZ_3092
LIM_EEZ_03E,LOC_EEZ_3093
LIM_EEZ_03E,LOC_EEZ_3094
LIM_EEZ_03E,LOC_EEZ_3095
LIM_EEZ_03E,LOC_EEZ_3096
LIM_EEZ_03E,LOC_EEZ_3097
LIM_EEZ_03E,LOC_EEZ_3098
LIM_EEZ_03E,LOC_EEZ_3099
LIM_EEZ_03E,LOC_EEZ_3100
LIM_EEZ_03E,LOC_EEZ_3101
LIM_EEZ_03E,LOC_EEZ_3102
LIM_EEZ_03E,LOC_EEZ_3103
LIM_EEZ_03E,LOC_EEZ_3104
LIM_EEZ_03E,LOC_EEZ_3105
LIM_EEZ_03E,LOC_EEZ_3106
LIM_EEZ_03E,LOC_EEZ_3107
LIM_EEZ_03E,LOC_EEZ_3108
LIM_EEZ_03E,LOC_EEZ_3109
LIM_EEZ_03E,LOC_EEZ_3110
LIM_EEZ_03E,LOC_EEZ_3111
LIM_EEZ_03E,LOC_EEZ_3112
LIM_EEZ_03E,LOC_EEZ_3113
LIM_EEZ_03E,LOC_EEZ_3114
LIM_EEZ_03E,LOC_EEZ_3115
LIM_EEZ_03E,LOC_EEZ_3116
LIM_EEZ_03E,LOC_EEZ_3117
LIM_EEZ_03E,LOC_EEZ_3118
LIM_EEZ_03E,LOC_EEZ_3119
LIM_EEZ_03E,LOC_EEZ_3120
LIM_EEZ_03E,LOC_EEZ_3121
LIM_EEZ_03E,LOC_EEZ_3122
LIM_EEZ_03E,LOC_EEZ_3123
LIM_EEZ_03E,LOC_EEZ_3124
LIM_EEZ_03E,LOC_EEZ_3125
LIM_EEZ_03E,LOC_EEZ_3126
LIM_EEZ_03E,LOC_EEZ_3127
LIM_EEZ_03E,LOC_EEZ_3128
LIM_EEZ_03E,LOC_EEZ_3129
LIM_EEZ_03E,LOC_EEZ_3130
LIM_EEZ_03E,LOC_EEZ_3131
LIM_EEZ_03E,LOC_EEZ_3132
LIM_EEZ_03E,LOC_EEZ_3133
LIM_EEZ_03E,LOC_EEZ_3134
LIM_EEZ_03E,LOC_EEZ_3135
LIM_EEZ_03E,LOC_EEZ_3136
LIM_EEZ_03E,LOC_EEZ_3137
LIM_EEZ_03E,LOC_EEZ_3138
LIM_EEZ_03E,LOC_EEZ_3139
LIM_EEZ_03E,LOC_EEZ_3140
LIM_EEZ_03E,LOC_EEZ_3141
LIM_EEZ_03E,LOC_EEZ_3142
LIM_EEZ_03E,LOC_EEZ_3143
LIM_EEZ_03E,LOC_EEZ_3144
LIM_EEZ_03E,LOC_EEZ_3145
LIM_EEZ_03E,LOC_EEZ_3146
LIM_EEZ_03E,LOC_EEZ_3147
LIM_EEZ_03E,LOC_EEZ_3148
LIM_EEZ_03E,LOC_EEZ_3149
LIM_EEZ_03E,LOC_EEZ_3150
LIM_EEZ_03E,LOC_EEZ_3151
LIM_EEZ_03E,LOC_EEZ_3152
LIM_EEZ_03E,LOC_EEZ_3153
LIM_EEZ_03E,LOC_EEZ_3154
LIM_EEZ_03E,LOC_EEZ_3155
LIM_EEZ_03E,LOC_EEZ_3156
LIM_EEZ_03E,LOC_EEZ_3157
LIM_EEZ_03E,LOC_EEZ_3158
LIM_EEZ_03E,LOC_EEZ_3159
LIM_EEZ_03E,LOC_EEZ_3160
LIM_EEZ_03E,LOC_EEZ_3161
LIM_EEZ_03E,LOC_EEZ_3162
LIM_EEZ_03E,LOC_EEZ_3163
LIM_EEZ_03E,LOC_EEZ_3164
LIM_EEZ_03E,LOC_EEZ_3165
LIM_EEZ_03E,LOC_EEZ_3166
LIM_EEZ_03E,LOC_EEZ_3167
LIM_EEZ_03E,LOC_EEZ_3168
LIM_EEZ_03E,LOC_EEZ_3169
LIM_EEZ_03E,LOC_EEZ_3170
LIM_EEZ_03E,LOC_EEZ_3171
LIM_EEZ_03E,LOC_EEZ_3172
LIM_EEZ_03E,LOC_EEZ_3173
LIM_EEZ_03E,LOC_EEZ_3174
LIM_EEZ_03E,LOC_EEZ_3175
LIM_EEZ_03E,LOC_EEZ_3176
LIM_EEZ_03E,LOC_EEZ_3177
LIM_EEZ_03E,LOC_EEZ_3178
LIM_EEZ_03E,LOC_EEZ_3179
LIM_EEZ_03E,LOC_EEZ_3180
LIM_EEZ_03E,LOC_EEZ_3181
LIM_EEZ_03E,LOC_EEZ_3182
LIM_EEZ_03E,LOC_EEZ_3183
LIM_EEZ_03E,LOC_EEZ_3184
LIM_EEZ_03E,LOC_EEZ_3185
LIM_EEZ_03E,LOC_EEZ_3186
LIM_EEZ_03E,LOC_EEZ_3187
LIM_EEZ_03E,LOC_EEZ_3188
LIM_EEZ_03E,LOC_EEZ_3189
LIM_EEZ_03E,LOC_EEZ_3190
LIM_EEZ_03E,LOC_EEZ_3191
LIM_EEZ_03E,LOC_EEZ_3192
LIM_EEZ_03E,LOC_EEZ_3193
LIM_EEZ_03E,LOC_EEZ_3194
LIM_EEZ_03E,LOC_EEZ_3195
LIM_EEZ_03E,LOC_EEZ_3196
LIM_EEZ_03E,LOC_EEZ_3197
LIM_EEZ_03E,LOC_EEZ_3198
LIM_EEZ_03E,LOC_EEZ_3199
LIM_EEZ_03E,LOC_EEZ_3200
LIM_EEZ_03E,LOC_EEZ_3201
LIM_EEZ_03E,LOC_EEZ_3202
LIM_EEZ_03E,LOC_EEZ_3203
LIM_EEZ_03E,LOC_EEZ_3204
LIM_EEZ_03E,LOC_EEZ_3205
LIM_EEZ_03E,LOC_EEZ_3206
LIM_EEZ_03E,LOC_EEZ_3207
LIM_EEZ_03E,LOC_EEZ_3208
LIM_EEZ_03E,LOC_EEZ_3209
LIM_EEZ_03E,LOC_EEZ_3210
LIM_EEZ_03E,LOC_EEZ_3211
LIM_EEZ_03E,LOC_EEZ_3212
LIM_EEZ_03E,LOC_EEZ_3213
LIM_EEZ_03E,LOC_EEZ_3214
LIM_EEZ_03E,LOC_EEZ_3215
LIM_EEZ_03E,LOC_EEZ_3216
LIM_EEZ_03E,LOC_EEZ_3217
LIM_EEZ_03E,LOC_EEZ_3218
LIM_EEZ_03E,LOC_EEZ_3219
LIM_EEZ_03E,LOC_EEZ_3220
LIM_EEZ_03E,LOC_EEZ_3221
LIM_EEZ_03E,LOC_EEZ_3222
LIM_EEZ_03E,LOC_EEZ_3223
LIM_EEZ_03E,LOC_EEZ_3224
LIM_EEZ_03E,LOC_EEZ_3225
LIM_EEZ_03E,LOC_EEZ_3226
LIM_EEZ_03E,LOC_EEZ_3227
LIM_EEZ_03E,LOC_EEZ_3228
LIM_EEZ_03E,LOC_EEZ_3229
LIM_EEZ_03E,LOC_EEZ_3230
LIM_EEZ_03E,LOC_EEZ_3231
LIM_EEZ_03E,LOC_EEZ_3232
LIM_EEZ_03E,LOC_EEZ_3233
LIM_EEZ_03E,LOC_EEZ_3234
LIM_EEZ_03E,LOC_EEZ_3235
LIM_EEZ_03E,LOC_EEZ_3236
LIM_EEZ_03E,LOC_EEZ_3237
LIM_EEZ_03E,LOC_EEZ_3238
LIM_EEZ_03E,LOC_EEZ_3239
LIM_EEZ_03E,LOC_EEZ_3240
LIM_EEZ_03E,LOC_EEZ_3241
LIM_EEZ_03E,LOC_EEZ_3242
LIM_EEZ_03E,LOC_EEZ_3243
LIM_EEZ_03E,LOC_EEZ_3244
LIM_EEZ_03E,LOC_EEZ_3245
LIM_EEZ_03E,LOC_EEZ_3246
LIM_EEZ_03E,LOC_EEZ_3247
LIM_EEZ_03E,LOC_EEZ_3248
LIM_EEZ_03E,LOC_EEZ_3249
LIM_EEZ_03E,LOC_EEZ_3250
LIM_EEZ_03E,LOC_EEZ_3251
LIM_EEZ_03E,LOC_EEZ_3252
LIM_EEZ_03E,LOC_EEZ_3253
LIM_EEZ_03E,LOC_EEZ_3254
LIM_EEZ_03E,LOC_EEZ_3255
LIM_EEZ_03E,LOC_EEZ_3256
LIM_EEZ_03E,LOC_EEZ_3257
LIM_EEZ_03E,LOC_EEZ_3258
LIM_EEZ_03E,LOC_EEZ_3259
LIM_EEZ_03E,LOC_EEZ_3260
LIM_EEZ_03E,LOC_EEZ_3261
LIM_EEZ_03E,LOC_EEZ_3262
LIM_EEZ_03E,LOC_EEZ_3263
LIM_EEZ_03E,LOC_EEZ_3264
LIM_EEZ_03E,LOC_EEZ_3265
LIM_EEZ_03E,LOC_EEZ_3266
LIM_EEZ_03E,LOC_EEZ_3267
LIM_EEZ_03E,LOC_EEZ_3268
LIM_EEZ_03E,LOC_EEZ_3269
LIM_EEZ_03E,LOC_EEZ_3270
LIM_EEZ_03E,LOC_EEZ_3271
LIM_EEZ_03E,LOC_EEZ_3272
LIM_EEZ_03E,LOC_EEZ_3273
LIM_EEZ_03E,LOC_EEZ_3274
LIM_EEZ_03E,LOC_EEZ_3275
LIM_EEZ_03E,LOC_EEZ_3276
LIM_EEZ_03E,LOC_EEZ_3277
LIM_EEZ_03E,LOC_EEZ_3278
LIM_EEZ_03E,LOC_EEZ_3279
LIM_EEZ_03E,LOC_EEZ_3280
LIM_EEZ_03E,LOC_EEZ_3281
LIM_EEZ_03E,LOC_EEZ_3282
LIM_EEZ_03E,LOC_EEZ_3283
LIM_EEZ_03E,LOC_EEZ_3284
LIM_EEZ_03E,LOC_EEZ_3285
LIM_EEZ_03E,LOC_EEZ_3286
LIM_EEZ_03E,LOC_EEZ_3287
LIM_EEZ_03E,LOC_EEZ_3288
LIM_EEZ_03E,LOC_EEZ_3289
LIM_EEZ_03E,LOC_EEZ_3290
LIM_EEZ_03E,LOC_EEZ_3291
LIM_EEZ_03E,LOC_EEZ_3292
LIM_EEZ_03E,LOC_EEZ_3293
LIM_EEZ_03E,LOC_EEZ_3294
LIM_EEZ_03E,LOC_EEZ_3295
LIM_EEZ_03E,LOC_EEZ_3296
LIM_EEZ_03E,LOC_EEZ_3297
LIM_EEZ_03E,LOC_EEZ_3298
LIM_EEZ_03E,LOC_EEZ_3299
LIM_EEZ_03E,LOC_EEZ_3300
LIM_EEZ_03E,LOC_EEZ_3301
LIM_EEZ_03E,LOC_EEZ_3302
LIM_EEZ_03E,LOC_EEZ_3303
LIM_EEZ_03E,LOC_EEZ_3304
LIM_EEZ_03E,LOC_EEZ_3305
LIM_EEZ_03E,LOC_EEZ_3306
LIM_EEZ_03E,LOC_EEZ_3307
LIM_EEZ_03E,LOC_EEZ_3308
LIM_EEZ_03E,LOC_EEZ_3309
LIM_EEZ_03E,LOC_EEZ_3310
LIM_EEZ_03E,LOC_EEZ_3311
LIM_EEZ_03E,LOC_EEZ_3312
LIM_EEZ_03E,LOC_EEZ_3313
LIM_EEZ_03E,LOC_EEZ_3314
LIM_EEZ_03E,LOC_EEZ_3315
LIM_EEZ_03E,LOC_EEZ_3316
LIM_EEZ_03E,LOC_EEZ_3317
LIM_EEZ_03E,LOC_EEZ_3318
LIM_EEZ_03E,LOC_EEZ_3319
LIM_EEZ_03E,LOC_EEZ_3320
LIM_EEZ_03E,LOC_EEZ_3321
LIM_EEZ_03E,LOC_EEZ_3322
LIM_EEZ_03E,LOC_EEZ_3323
LIM_EEZ_03E,LOC_EEZ_3324
LIM_EEZ_03E,LOC_EEZ_3325
LIM_EEZ_03E,LOC_EEZ_3326
LIM_EEZ_03E,LOC_EEZ_3327
LIM_EEZ_03E,LOC_EEZ_3328
LIM_EEZ_03E,LOC_EEZ_3329
LIM_EEZ_03E,LOC_EEZ_3330
LIM_EEZ_03E,LOC_EEZ_3331
LIM_EEZ_03E,LOC_EEZ_3332
LIM_EEZ_03E,LOC_EEZ_3333
LIM_EEZ_03E,LOC_EEZ_3334
LIM_EEZ_03E,LOC_EEZ_3335
LIM_EEZ_03E,LOC_EEZ_3336
LIM_EEZ_03E,LOC_EEZ_3337
LIM_EEZ_03E,LOC_EEZ_3338
LIM_EEZ_03E,LOC_EEZ_3339
LIM_EEZ_03E,LOC_EEZ_3340
LIM_EEZ_03E,LOC_EEZ_3341
LIM_EEZ_03E,LOC_EEZ_3342
LIM_EEZ_03E,LOC_EEZ_3343
LIM_EEZ_03E,LOC_EEZ_3344
LIM_EEZ_03E,LOC_EEZ_3345
LIM_EEZ_03E,LOC_EEZ_3346
LIM_EEZ_03E,LOC_EEZ_3347
LIM_EEZ_03E,LOC_EEZ_3348
LIM_EEZ_03E,LOC_EEZ_3349
LIM_EEZ_03E,LOC_EEZ_3350
LIM_EEZ_03E,LOC_EEZ_3351
LIM_EEZ_03E,LOC_EEZ_3352
LIM_EEZ_03E,LOC_EEZ_3353
LIM_EEZ_03E,LOC_EEZ_3354
LIM_EEZ_03E,LOC_EEZ_3355
LIM_EEZ_03E,LOC_EEZ_3356
LIM_EEZ_03E,LOC_EEZ_3357
LIM_EEZ_03E,LOC_EEZ_3358
LIM_EEZ_03E,LOC_EEZ_3359
LIM_EEZ_03E,LOC_EEZ_3360
LIM_EEZ_03E,LOC_EEZ_3361
LIM_EEZ_03E,LOC_EEZ_3362
LIM_EEZ_03E,LOC_EEZ_3363
LIM_EEZ_03E,LOC_EEZ_3364
LIM_EEZ_03E,LOC_EEZ_3365
LIM_EEZ_03E,LOC_EEZ_3366
LIM_EEZ_03E,LOC_EEZ_3367
LIM_EEZ_03E,LOC_EEZ_3368
LIM_EEZ_03E,LOC_EEZ_3369
LIM_EEZ_03E,LOC_EEZ_3370
LIM_EEZ_03E,LOC_EEZ_3371
LIM_EEZ_03E,LOC_EEZ_3372
LIM_EEZ_03E,LOC_EEZ_3373
LIM_EEZ_03E,LOC_EEZ_3374
LIM_EEZ_03E,LOC_EEZ_3375
LIM_EEZ_03E,LOC_EEZ_3376
LIM_EEZ_03E,LOC_EEZ_3377
LIM_EEZ_03E,LOC_EEZ_3378
LIM_EEZ_03E,LOC_EEZ_3379
LIM_EEZ_03E,LOC_EEZ_3380
LIM_EEZ_03E,LOC_EEZ_3381
LIM_EEZ_03E,LOC_EEZ_3382
LIM_EEZ_03E,LOC_EEZ_3383
LIM_EEZ_03E,LOC_EEZ_3384
LIM_EEZ_03E,LOC_EEZ_3385
LIM_EEZ_03E,LOC_EEZ_3386
LIM_EEZ_03E,LOC_EEZ_3387
LIM_EEZ_03E,LOC_EEZ_3388
LIM_EEZ_03E,LOC_EEZ_3389
LIM_EEZ_03E,LOC_EEZ_3390
LIM_EEZ_03E,LOC_EEZ_3391
LIM_EEZ_03E,LOC_EEZ_3392
LIM_EEZ_03E,LOC_EEZ_3393
LIM_EEZ_03E,LOC_EEZ_3394
LIM_EEZ_03E,LOC_EEZ_3395
LIM_EEZ_03E,LOC_EEZ_3396
LIM_EEZ_03E,LOC_EEZ_3397
LIM_EEZ_03E,LOC_EEZ_3398
LIM_EEZ_03E,LOC_EEZ_3399
LIM_EEZ_03E,LOC_EEZ_3400
LIM_EEZ_03E,LOC_EEZ_3401
LIM_EEZ_03E,LOC_EEZ_3402
LIM_EEZ_03E,LOC_EEZ_3403
LIM_EEZ_03E,LOC_EEZ_3404
LIM_EEZ_03E,LOC_EEZ_3405
LIM_EEZ_03E,LOC_EEZ_3406
LIM_EEZ_03E,LOC_EEZ_3407
LIM_EEZ_03E,LOC_EEZ_3408
LIM_EEZ_03E,LOC_EEZ_3409
LIM_EEZ_03E,LOC_EEZ_3410
LIM_EEZ_03E,LOC_EEZ_3411
LIM_EEZ_03E,LOC_EEZ_3412
LIM_EEZ_03E,LOC_EEZ_3413
LIM_EEZ_03E,LOC_EEZ_3414
LIM_EEZ_03E,LOC_EEZ_3415
LIM_EEZ_03E,LOC_EEZ_3416
LIM_EEZ_03E,LOC_EEZ_3417
LIM_EEZ_03E,LOC_EEZ_3418
LIM_EEZ_03E,LOC_EEZ_3419
LIM_EEZ_03E,LOC_EEZ_3420
LIM_EEZ_03E,LOC_EEZ_3421
LIM_EEZ_03E,LOC_EEZ_3422
LIM_EEZ_03E,LOC_EEZ_3423
LIM_EEZ_03E,LOC_EEZ_3424
LIM_EEZ_03E,LOC_EEZ_3425
LIM_EEZ_03E,LOC_EEZ_3426
LIM_EEZ_03E,LOC_EEZ_3427
LIM_EEZ_03E,LOC_EEZ_3428
LIM_EEZ_03E,LOC_EEZ_3429
LIM_EEZ_03E,LOC_EEZ_3430
LIM_EEZ_03E,LOC_EEZ_3431
LIM_EEZ_03E,LOC_EEZ_3432
LIM_EEZ_03E,LOC_EEZ_3433
LIM_EEZ_03E,LOC_EEZ_3434
LIM_EEZ_03E,LOC_EEZ_3435
LIM_EEZ_03E,LOC_EEZ_3436
LIM_EEZ_03E,LOC_EEZ_3437
LIM_EEZ_03E,LOC_EEZ_3438
LIM_EEZ_03E,LOC_EEZ_3439
LIM_EEZ_03E,LOC_EEZ_3440
LIM_EEZ_03E,LOC_EEZ_3441
LIM_EEZ_03E,LOC_EEZ_3442
LIM_EEZ_03E,LOC_EEZ_3443
LIM_EEZ_03E,LOC_EEZ_3444
LIM_EEZ_03E,LOC_EEZ_3445
LIM_EEZ_03E,LOC_EEZ_3446
LIM_EEZ_03E,LOC_EEZ_3447
LIM_EEZ_03E,LOC_EEZ_3448
LIM_EEZ_03E,LOC_EEZ_3449
LIM_EEZ_03E,LOC_EEZ_3450
LIM_EEZ_03E,LOC_EEZ_3451
LIM_EEZ_03E,LOC_EEZ_3452
LIM_EEZ_03E,LOC_EEZ_3453
LIM_EEZ_03E,LOC_EEZ_3454
LIM_EEZ_03E,LOC_EEZ_3455
LIM_EEZ_03E,LOC_EEZ_3456
LIM_EEZ_03E,LOC_EEZ_3457
LIM_EEZ_03E,LOC_EEZ_3458
LIM_EEZ_03E,LOC_EEZ_3459
LIM_EEZ_03E,LOC_EEZ_3460
LIM_EEZ_03E,LOC_EEZ_3461
LIM_EEZ_03E,LOC_EEZ_3462
LIM_EEZ_03E,LOC_EEZ_3463
LIM_EEZ_03E,LOC_EEZ_3464
LIM_EEZ_03E,LOC_EEZ_3465
LIM_EEZ_03E,LOC_EEZ_3466
LIM_EEZ_03E,LOC_EEZ_3467
LIM_EEZ_03E,LOC_EEZ_3468
LIM_EEZ_03E,LOC_EEZ_3469
LIM_EEZ_03E,LOC_EEZ_3470
LIM_EEZ_03E,LOC_EEZ_3471
LIM_EEZ_03E,LOC_EEZ_3472
LIM_EEZ_03E,LOC_EEZ_3473
LIM_EEZ_03E,LOC_EEZ_3474
LIM_EEZ_03E,LOC_EEZ_3475
LIM_EEZ_03E,LOC_EEZ_3476
LIM_EEZ_03E,LOC_EEZ_3477
LIM_EEZ_03E,LOC_EEZ_3478
LIM_EEZ_03E,LOC_EEZ_3479
LIM_EEZ_03E,LOC_EEZ_3480
LIM_EEZ_03E,LOC_EEZ_3481
LIM_EEZ_03E,LOC_EEZ_3482
LIM_EEZ_03E,LOC_EEZ_3483
LIM_EEZ_03E,LOC_EEZ_3484
LIM_EEZ_03E,LOC_EEZ_3485
LIM_EEZ_03E,LOC_EEZ_3486
LIM_EEZ_03E,LOC_EEZ_3487
LIM_EEZ_03E,LOC_EEZ_3488
LIM_EEZ_03E,LOC_EEZ_3489
LIM_EEZ_03E,LOC_EEZ_3490
LIM_EEZ_03E,LOC_EEZ_3491
LIM_EEZ_03E,LOC_EEZ_3492
LIM_EEZ_03E,LOC_EEZ_3493
LIM_EEZ_03E,LOC_EEZ_3494
LIM_EEZ_03E,LOC_EEZ_3495
LIM_EEZ_03E,LOC_EEZ_3496
LIM_EEZ_03E,LOC_EEZ_3497
LIM_EEZ_03E,LOC_EEZ_3498
LIM_EEZ_03E,LOC_EEZ_3499
LIM_EEZ_03E,LOC_EEZ_3500
LIM_EEZ_03E,LOC_EEZ_3501
LIM_EEZ_03E,LOC_EEZ_3502
LIM_EEZ_03E,LOC_EEZ_3503
LIM_EEZ_03E,LOC_EEZ_3504
LIM_EEZ_03E,LOC_EEZ_3505
LIM_EEZ_03E,LOC_EEZ_3506
LIM_EEZ_03E,LOC_EEZ_3507
LIM_EEZ_03E,LOC_EEZ_3508
LIM_EEZ_03E,LOC_EEZ_3509
LIM_EEZ_03E,LOC_EEZ_3510
LIM_EEZ_03E,LOC_EEZ_3511
LIM_EEZ_03E,LOC_EEZ_3512
LIM_EEZ_03E,LOC_EEZ_3513
LIM_EEZ_03E,LOC_EEZ_3514
LIM_EEZ_03E,LOC_EEZ_3515
LIM_EEZ_03E,LOC_EEZ_3516
LIM_EEZ_03E,LOC_EEZ_3517
LIM_EEZ_03E,LOC_EEZ_3518
LIM_EEZ_03E,LOC_EEZ_3519
LIM_EEZ_03E,LOC_EEZ_3520
LIM_EEZ_03E,LOC_EEZ_3521
LIM_EEZ_03E,LOC_EEZ_3522
LIM_EEZ_03E,LOC_EEZ_3523
LIM_EEZ_03E,LOC_EEZ_3524
LIM_EEZ_03E,LOC_EEZ_3525
LIM_EEZ_03E,LOC_EEZ_3526
LIM_EEZ_03E,LOC_EEZ_3527
LIM_EEZ_03E,LOC_EEZ_3528
LIM_EEZ_03E,LOC_EEZ_3529
LIM_EEZ_03E,LOC_EEZ_3530
LIM_EEZ_03E,LOC_EEZ_3531
LIM_EEZ_03E,LOC_EEZ_3532
LIM_EEZ_03E,LOC_EEZ_3533
LIM_EEZ_03E,LOC_EEZ_3534
LIM_EEZ_03E,LOC_EEZ_3535
LIM_EEZ_03E,LOC_EEZ_3536
LIM_EEZ_03E,LOC_EEZ_3537
LIM_EEZ_03E,LOC_EEZ_3538
LIM_EEZ_03E,LOC_EEZ_3539
LIM_EEZ_03E,LOC_EEZ_3540
LIM_EEZ_03E,LOC_EEZ_3541
LIM_EEZ_03E,LOC_EEZ_3542
LIM_EEZ_03E,LOC_EEZ_3543
LIM_EEZ_03E,LOC_EEZ_3544
LIM_EEZ_03E,LOC_EEZ_3545
LIM_EEZ_03E,LOC_EEZ_3546
LIM_EEZ_03E,LOC_EEZ_3547
LIM_EEZ_03E,LOC_EEZ_3548
LIM_EEZ_03E,LOC_EEZ_3549
LIM_EEZ_03E,LOC_EEZ_3550
LIM_EEZ_03E,LOC_EEZ_3551
LIM_EEZ_03E,LOC_EEZ_3552
LIM_EEZ_03E,LOC_EEZ_3553
LIM_EEZ_03E,LOC_EEZ_3554
LIM_EEZ_03E,LOC_EEZ_3555
LIM_EEZ_03E,LOC_EEZ_3556
LIM_EEZ_03E,LOC_EEZ_3557
LIM_EEZ_03E,LOC_EEZ_3558
LIM_EEZ_03E,LOC_EEZ_3559
LIM_EEZ_03E,LOC_EEZ_3560
LIM_EEZ_03E,LOC_EEZ_3561
LIM_EEZ_03E,LOC_EEZ_3562
LIM_EEZ_03E,LOC_EEZ_3563
LIM_EEZ_03E,LOC_EEZ_3564
LIM_EEZ_03E,LOC_EEZ_3565
LIM_EEZ_03E,LOC_EEZ_3566
LIM_EEZ_03E,LOC_EEZ_3567
LIM_EEZ_03E,LOC_EEZ_3568
LIM_EEZ_03E,LOC_EEZ_3569
LIM_EEZ_03E,LOC_EEZ_3570
LIM_EEZ_03E,LOC_EEZ_3571
LIM_EEZ_03E,LOC_EEZ_3572
LIM_EEZ_03E,LOC_EEZ_3573
LIM_EEZ_03E,LOC_EEZ_3574
LIM_EEZ_03E,LOC_EEZ_3575
LIM_EEZ_03E,LOC_EEZ_3576
LIM_EEZ_03E,LOC_EEZ_3577
LIM_EEZ_03E,LOC_EEZ_3578
LIM_EEZ_03E,LOC_EEZ_3579
LIM_EEZ_03E,LOC_EEZ_3580
LIM_EEZ_03E,LOC_EEZ_3581
LIM_EEZ_03E,LOC_EEZ_3582
LIM_EEZ_03E,LOC_EEZ_3583
LIM_EEZ_03E,LOC_EEZ_3584
LIM_EEZ_03E,LOC_EEZ_3585
LIM_EEZ_03E,LOC_EEZ_3586
LIM_EEZ_03E,LOC_EEZ_3587
LIM_EEZ_03E,LOC_EEZ_3588
LIM_EEZ_03E,LOC_EEZ_3589
LIM_EEZ_03E,LOC_EEZ_3590
LIM_EEZ_03E,LOC_EEZ_3591
LIM_EEZ_03E,LOC_EEZ_3592
LIM_EEZ_03E,LOC_EEZ_3593
LIM_EEZ_03E,LOC_EEZ_3594
LIM_EEZ_03E,LOC_EEZ_3595
LIM_EEZ_03E,LOC_EEZ_3596
LIM_EEZ_03E,LOC_EEZ_3597
LIM_EEZ_03E,LOC_EEZ_3598
LIM_EEZ_03E,LOC_EEZ_3599
LIM_EEZ_03E,LOC_EEZ_3600
LIM_EEZ_03E,LOC_EEZ_3601
LIM_EEZ_03E,LOC_EEZ_3602
LIM_EEZ_03E,LOC_EEZ_3603
LIM_EEZ_03E,LOC_EEZ_3604
LIM_EEZ_03E,LOC_EEZ_3605
LIM_EEZ_03E,LOC_EEZ_3606
LIM_EEZ_03E,LOC_EEZ_3607
LIM_EEZ_03E,LOC_EEZ_3608
LIM_EEZ_03E,LOC_EEZ_3609
LIM_EEZ_03E,LOC_EEZ_3610
LIM_EEZ_03E,LOC_EEZ_3611
LIM_EEZ_03E,LOC_EEZ_3612
LIM_EEZ_03E,LOC_EEZ_3613
LIM_EEZ_03E,LOC_EEZ_3614
LIM_EEZ_03E,LOC_EEZ_3615
LIM_EEZ_03E,LOC_EEZ_3616
LIM_EEZ_03E,LOC_EEZ_3617
LIM_EEZ_03E,LOC_EEZ_3618
LIM_EEZ_03E,LOC_EEZ_3619
LIM_EEZ_03E,LOC_EEZ_3620
LIM_EEZ_03E,LOC_EEZ_3621
LIM_EEZ_03E,LOC_EEZ_3622
LIM_EEZ_03E,LOC_EEZ_3623
LIM_EEZ_03E,LOC_EEZ_3624
LIM_EEZ_03E,LOC_EEZ_3625
LIM_EEZ_03E,LOC_EEZ_3626
LIM_EEZ_03E,LOC_EEZ_3627
LIM_EEZ_03E,LOC_EEZ_3628
LIM_EEZ_03E,LOC_EEZ_3629
LIM_EEZ_03E,LOC_EEZ_3630
LIM_EEZ_03E,LOC_EEZ_3631
LIM_EEZ_03E,LOC_EEZ_3632
LIM_EEZ_03E,LOC_EEZ_3633
LIM_EEZ_03E,LOC_EEZ_3634
LIM_EEZ_03E,LOC_EEZ_3635
LIM_EEZ_03E,LOC_EEZ_3636
LIM_EEZ_03E,LOC_EEZ_3637
LIM_EEZ_03E,LOC_EEZ_3638
LIM_EEZ_03E,LOC_EEZ_3639
LIM_EEZ_03E,LOC_EEZ_3640
LIM_EEZ_03E,LOC_EEZ_3641
LIM_EEZ_03E,LOC_EEZ_3642
LIM_EEZ_03E,LOC_EEZ_3643
LIM_EEZ_03E,LOC_EEZ_3644
LIM_EEZ_03E,LOC_EEZ_3645
LIM_EEZ_03E,LOC_EEZ_3646
LIM_EEZ_03E,LOC_EEZ_3647
LIM_EEZ_03E,LOC_EEZ_3648
LIM_EEZ_03E,LOC_EEZ_3649
LIM_EEZ_03E,LOC_EEZ_3650
LIM_EEZ_03E,LOC_EEZ_3651
LIM_EEZ_03E,LOC_EEZ_3652
LIM_EEZ_03E,LOC_EEZ_0554
LIM_EEZ_03E,LOC_EEZ_0555
LIM_EEZ_03E,LOC_EEZ_0556
LIM_EEZ_03E,LOC_EEZ_0557
LIM_EEZ_03E,LOC_EEZ_0558
LIM_EEZ_03E,LOC_EEZ_0559
LIM_EEZ_03E,LOC_EEZ_0560
LIM_EEZ_03E,LOC_EEZ_0561
LIM_EEZ_03E,LOC_EEZ_0562
LIM_EEZ_03E,LOC_EEZ_0563
LIM_EEZ_03E,LOC_EEZ_0564
LIM_EEZ_03E,LOC_EEZ_0565
LIM_EEZ_03E,LOC_EEZ_0566
LIM_EEZ_03E,LOC_EEZ_0567
LIM_EEZ_03E,LOC_EEZ_0568
LIM_EEZ_03E,LOC_EEZ_0569
LIM_EEZ_03E,LOC_EEZ_0570
LIM_EEZ_03E,LOC_EEZ_0571
LIM_EEZ_03E,LOC_EEZ_0572
LIM_EEZ_03E,LOC_EEZ_0573
LIM_EEZ_03E,LOC_EEZ_0574
LIM_EEZ_03E,LOC_EEZ_0575
LIM_EEZ_03E,LOC_EEZ_0576
LIM_EEZ_03E,LOC_EEZ_0577
LIM_EEZ_03E,LOC_EEZ_0578
LIM_EEZ_03E,LOC_EEZ_0579
LIM_EEZ_03E,LOC_EEZ_0580
LIM_EEZ_03E,LOC_EEZ_0581
LIM_EEZ_03E,LOC_EEZ_0582
LIM_EEZ_03E,LOC_EEZ_0583
LIM_EEZ_03E,LOC_EEZ_0584
LIM_EEZ_03E,LOC_EEZ_0585
LIM_EEZ_03E,LOC_EEZ_0586
LIM_EEZ_03E,LOC_EEZ_0587
LIM_EEZ_03E,LOC_EEZ_0588
LIM_EEZ_03E,LOC_EEZ_0589
LIM_EEZ_03E,LOC_EEZ_0590
LIM_EEZ_03E,LOC_EEZ_0591
LIM_EEZ_03E,LOC_EEZ_0592
LIM_EEZ_03E,LOC_EEZ_0593
LIM_EEZ_03E,LOC_EEZ_0594
LIM_EEZ_03E,LOC_EEZ_0595
LIM_EEZ_03E,LOC_EEZ_0596
LIM_EEZ_03E,LOC_EEZ_0597
LIM_EEZ_03E,LOC_EEZ_0598
LIM_EEZ_03E,LOC_EEZ_0599
LIM_EEZ_03E,LOC_EEZ_0600
LIM_EEZ_03E,LOC_EEZ_0601
LIM_EEZ_03E,LOC_EEZ_0602
LIM_EEZ_03E,LOC_EEZ_0603
LIM_EEZ_03E,LOC_EEZ_0604
LIM_EEZ_03E,LOC_EEZ_0605
LIM_EEZ_03E,LOC_EEZ_0606
LIM_EEZ_03E,LOC_EEZ_0607
LIM_EEZ_03E,LOC_EEZ_0608
LIM_EEZ_03E,LOC_EEZ_0609
LIM_EEZ_03E,LOC_EEZ_0610
LIM_EEZ_03E,LOC_EEZ_0611
LIM_EEZ_03E,LOC_EEZ_0612
LIM_EEZ_03E,LOC_EEZ_0613
LIM_EEZ_03E,LOC_EEZ_0614
LIM_EEZ_03E,LOC_EEZ_0615
LIM_EEZ_03E,LOC_EEZ_0616
LIM_EEZ_03E,LOC_EEZ_0617
LIM_EEZ_03E,LOC_EEZ_0618
LIM_EEZ_03E,LOC_EEZ_0619
LIM_EEZ_03E,LOC_EEZ_0620
LIM_EEZ_03E,LOC_EEZ_0621
LIM_EEZ_03E,LOC_EEZ_0622
LIM_EEZ_03E,LOC_EEZ_0623
LIM_EEZ_03E,LOC_EEZ_0624
LIM_EEZ_03E,LOC_EEZ_0625
LIM_EEZ_03E,LOC_EEZ_0626
LIM_EEZ_03E,LOC_EEZ_0627
LIM_EEZ_03E,LOC_EEZ_0628
LIM_EEZ_03E,LOC_EEZ_0629
LIM_EEZ_03E,LOC_EEZ_0630
LIM_EEZ_03E,LOC_EEZ_0631
LIM_EEZ_03E,LOC_EEZ_0632
LIM_EEZ_03E,LOC_EEZ_0633
LIM_EEZ_03E,LOC_EEZ_0634
LIM_EEZ_03E,LOC_EEZ_0635
LIM_EEZ_03E,LOC_EEZ_0636
LIM_EEZ_03E,LOC_EEZ_0637
LIM_EEZ_03E,LOC_EEZ_0638
LIM_EEZ_03E,LOC_EEZ_0639
LIM_EEZ_03E,LOC_EEZ_0640
LIM_EEZ_03E,LOC_EEZ_0641
LIM_EEZ_03E,LOC_EEZ_0642
LIM_EEZ_03E,LOC_EEZ_0643
LIM_EEZ_03E,LOC_EEZ_0644
LIM_EEZ_03E,LOC_EEZ_0645
LIM_EEZ_03E,LOC_EEZ_0646
LIM_EEZ_03E,LOC_EEZ_0647
LIM_EEZ_03E,LOC_EEZ_0648
LIM_EEZ_03E,LOC_EEZ_0649
LIM_EEZ_03E,LOC_EEZ_0650
LIM_EEZ_03E,LOC_EEZ_0651
LIM_EEZ_03E,LOC_EEZ_0652
LIM_EEZ_03E,LOC_EEZ_0653
LIM_EEZ_03E,LOC_EEZ_0654
LIM_EEZ_03E,LOC_EEZ_0655
LIM_EEZ_03E,LOC_EEZ_0656
LIM_EEZ_03E,LOC_EEZ_0657
LIM_EEZ_03E,LOC_EEZ_0658
LIM_EEZ_03E,LOC_EEZ_0659
LIM_EEZ_03E,LOC_EEZ_0660
LIM_EEZ_03E,LOC_EEZ_0661
LIM_EEZ_03E,LOC_EEZ_0662
LIM_EEZ_03E,LOC_EEZ_0663
LIM_EEZ_03E,LOC_EEZ_0664
LIM_EEZ_03E,LOC_EEZ_0665
LIM_EEZ_03E,LOC_EEZ_0666
LIM_EEZ_03E,LOC_EEZ_0667
LIM_EEZ_03E,LOC_EEZ_0668
LIM_EEZ_03E,LOC_EEZ_0669
LIM_EEZ_03E,LOC_EEZ_0670
LIM_EEZ_03E,LOC_EEZ_0671
LIM_EEZ_03E,LOC_EEZ_0672
LIM_EEZ_03E,LOC_EEZ_0673
LIM_EEZ_03E,LOC_EEZ_0674
LIM_EEZ_03E,LOC_EEZ_0675
LIM_EEZ_03E,LOC_EEZ_0676
LIM_EEZ_03E,LOC_EEZ_0677
LIM_EEZ_03E,LOC_EEZ_0678
LIM_EEZ_03E,LOC_EEZ_0679
LIM_EEZ_03E,LOC_EEZ_0680
LIM_EEZ_03E,LOC_EEZ_0681
LIM_EEZ_03E,LOC_EEZ_0682
LIM_EEZ_03E,LOC_EEZ_0683
LIM_EEZ_03E,LOC_EEZ_0684
LIM_EEZ_03E,LOC_EEZ_0685
LIM_EEZ_03E,LOC_EEZ_0686
LIM_EEZ_03E,LOC_EEZ_0687
LIM_EEZ_03E,LOC_EEZ_0688
LIM_EEZ_03E,LOC_EEZ_0689
LIM_EEZ_03E,LOC_EEZ_0690
LIM_EEZ_03E,LOC_EEZ_0691
LIM_EEZ_03E,LOC_EEZ_0692
LIM_EEZ_03E,LOC_EEZ_0693
LIM_EEZ_03E,LOC_EEZ_0694
LIM_EEZ_03E,LOC_EEZ_0695
LIM_EEZ_03E,LOC_EEZ_0696
LIM_EEZ_03E,LOC_EEZ_0697
LIM_EEZ_03E,LOC_EEZ_0698
LIM_EEZ_03E,LOC_EEZ_0699
LIM_EEZ_03E,LOC_EEZ_0700
LIM_EEZ_03E,LOC_EEZ_0701
LIM_EEZ_03E,LOC_EEZ_0702
LIM_EEZ_03E,LOC_EEZ_0703
LIM_EEZ_03E,LOC_EEZ_0704
LIM_EEZ_03E,LOC_EEZ_0705
LIM_EEZ_03E,LOC_EEZ_0706
LIM_EEZ_03E,LOC_EEZ_0707
LIM_EEZ_03E,LOC_EEZ_0708
LIM_EEZ_03E,LOC_EEZ_0709
LIM_EEZ_03E,LOC_EEZ_0710
LIM_EEZ_03E,LOC_EEZ_0711
LIM_EEZ_03E,LOC_EEZ_0712
LIM_EEZ_03E,LOC_EEZ_0713
LIM_EEZ_03E,LOC_EEZ_0714
LIM_EEZ_03E,LOC_EEZ_0715
LIM_EEZ_03E,LOC_EEZ_0716
LIM_EEZ_03E,LOC_EEZ_0717
LIM_EEZ_03E,LOC_EEZ_0718
LIM_EEZ_03E,LOC_EEZ_0719
LIM_EEZ_03E,LOC_EEZ_0720
LIM_EEZ_03E,LOC_EEZ_0721
LIM_EEZ_03E,LOC_EEZ_0722
LIM_EEZ_03E,LOC_EEZ_0723
LIM_EEZ_03E,LOC_EEZ_0724
LIM_EEZ_03E,LOC_EEZ_0725
LIM_EEZ_03E,LOC_EEZ_0726
LIM_EEZ_03E,LOC_EEZ_0727
LIM_EEZ_03E,LOC_EEZ_0728
LIM_EEZ_03E,LOC_EEZ_0729
LIM_EEZ_03E,LOC_EEZ_0730
LIM_EEZ_03E,LOC_EEZ_0731
LIM_EEZ_03E,LOC_EEZ_0732
LIM_EEZ_03E,LOC_EEZ_0733
LIM_EEZ_03E,LOC_EEZ_0734
LIM_EEZ_03E,LOC_EEZ_0735
LIM_EEZ_03E,LOC_EEZ_0736
LIM_EEZ_03E,LOC_EEZ_0737
LIM_EEZ_03E,LOC_EEZ_0738
LIM_EEZ_03E,LOC_EEZ_0739
LIM_EEZ_03E,LOC_EEZ_0740
LIM_EEZ_03E,LOC_EEZ_0741
LIM_EEZ_03E,LOC_EEZ_0742
LIM_EEZ_03E,LOC_EEZ_0743
LIM_EEZ_03E,LOC_EEZ_0744
LIM_EEZ_03E,LOC_EEZ_0745
LIM_EEZ_03E,LOC_EEZ_0746
LIM_EEZ_03E,LOC_EEZ_0747
LIM_EEZ_03E,LOC_EEZ_0748
LIM_EEZ_03E,LOC_EEZ_0749
LIM_EEZ_03E,LOC_EEZ_0750
LIM_EEZ_03E,LOC_EEZ_0751
LIM_EEZ_03E,LOC_EEZ_0752
LIM_EEZ_03E,LOC_EEZ_0753
LIM_EEZ_03E,LOC_EEZ_0754
LIM_EEZ_03E,LOC_EEZ_0755
LIM_EEZ_03E,LOC_EEZ_0756
LIM_EEZ_03E,LOC_EEZ_0757
LIM_EEZ_03E,LOC_EEZ_0758
LIM_EEZ_03E,LOC_EEZ_0759
LIM_EEZ_03E,LOC_EEZ_0760
LIM_EEZ_03E,LOC_EEZ_0761
LIM_EEZ_03E,LOC_EEZ_0762
LIM_EEZ_03E,LOC_EEZ_0763
LIM_EEZ_03E,LOC_EEZ_0764
LIM_EEZ_03E,LOC_EEZ_0765
LIM_EEZ_03E,LOC_EEZ_0766
LIM_EEZ_03E,LOC_EEZ_0767
LIM_EEZ_03E,LOC_EEZ_0768
LIM_EEZ_03E,LOC_EEZ_0769
LIM_EEZ_03E,LOC_EEZ_0770
LIM_EEZ_03E,LOC_EEZ_0771
LIM_EEZ_03E,LOC_EEZ_0772
LIM_EEZ_03E,LOC_EEZ_0773
LIM_EEZ_03E,LOC_EEZ_0774
LIM_EEZ_03E,LOC_EEZ_0775
LIM_EEZ_03E,LOC_EEZ_0776
LIM_EEZ_03E,LOC_EEZ_0777
LIM_EEZ_03E,LOC_EEZ_0778
LIM_EEZ_03E,LOC_EEZ_0779
LIM_EEZ_03E,LOC_EEZ_0780
LIM_EEZ_03E,LOC_EEZ_0781
LIM_EEZ_03E,LOC_EEZ_0782
LIM_EEZ_03E,LOC_EEZ_0783
LIM_EEZ_03E,LOC_EEZ_0784
LIM_EEZ_03E,LOC_EEZ_0785
LIM_EEZ_03E,LOC_EEZ_0786
LIM_EEZ_03E,LOC_EEZ_0787
LIM_EEZ_03E,LOC_EEZ_0788
LIM_EEZ_03E,LOC_EEZ_0789
LIM_EEZ_03E,LOC_EEZ_0790
LIM_EEZ_03E,LOC_EEZ_0791
LIM_EEZ_03E,LOC_EEZ_0792
LIM_EEZ_03E,LOC_EEZ_0793
LIM_EEZ_03E,LOC_EEZ_0794
LIM_EEZ_03E,LOC_EEZ_0795
LIM_EEZ_03E,LOC_EEZ_0796
LIM_EEZ_03E,LOC_EEZ_0797
LIM_EEZ_03E,LOC_EEZ_0798
LIM_EEZ_03E,LOC_EEZ_0799
LIM_EEZ_03E,LOC_EEZ_0800
LIM_EEZ_03E,LOC_EEZ_0801
LIM_EEZ_03E,LOC_EEZ_0802
LIM_EEZ_03E,LOC_EEZ_0803
LIM_EEZ_03E,LOC_EEZ_0804
LIM_EEZ_03E,LOC_EEZ_0805
LIM_EEZ_03E,LOC_EEZ_0806
LIM_EEZ_03E,LOC_EEZ_0807
LIM_EEZ_03E,LOC_EEZ_0808
LIM_EEZ_03E,LOC_EEZ_0809
LIM_EEZ_03E,LOC_EEZ_0810
LIM_EEZ_03E,LOC_EEZ_0811
LIM_EEZ_03E,LOC_EEZ_0812
LIM_EEZ_03E,LOC_EEZ_0813
LIM_EEZ_03E,LOC_EEZ_0814
LIM_EEZ_03E,LOC_EEZ_0815
LIM_EEZ_03E,LOC_EEZ_0816
LIM_EEZ_03E,LOC_EEZ_0817
LIM_EEZ_03E,LOC_EEZ_0818
LIM_EEZ_03E,LOC_EEZ_0819
LIM_EEZ_03E,LOC_EEZ_0820
LIM_EEZ_03E,LOC_EEZ_0821
LIM_EEZ_03E,LOC_EEZ_0822
LIM_EEZ_03E,LOC_EEZ_0823
LIM_EEZ_03E,LOC_EEZ_0824
LIM_EEZ_03E,LOC_EEZ_0825
LIM_EEZ_03E,LOC_EEZ_0826
LIM_EEZ_03E,LOC_EEZ_0827
LIM_EEZ_03E,LOC_EEZ_0828
LIM_EEZ_03E,LOC_EEZ_0829
LIM_EEZ_03E,LOC_EEZ_0830
LIM_EEZ_03E,LOC_EEZ_0831
LIM_EEZ_03E,LOC_EEZ_0832
LIM_EEZ_03E,LOC_EEZ_0833
LIM_EEZ_03E,LOC_EEZ_0834
LIM_EEZ_03E,LOC_EEZ_0835
LIM_EEZ_03E,LOC_EEZ_0836
LIM_EEZ_03E,LOC_EEZ_0837
LIM_EEZ_03E,LOC_EEZ_0838
LIM_EEZ_03E,LOC_EEZ_0839
LIM_EEZ_03E,LOC_EEZ_0840
LIM_EEZ_03E,LOC_EEZ_0841
LIM_EEZ_03E,LOC_EEZ_0842
LIM_EEZ_03E,LOC_EEZ_0843
LIM_EEZ_03E,LOC_EEZ_0844
LIM_EEZ_03E,LOC_EEZ_0845
LIM_EEZ_03E,LOC_EEZ_0846
LIM_EEZ_03E,LOC_EEZ_0847
LIM_EEZ_03E,LOC_EEZ_0848
LIM_EEZ_03E,LOC_EEZ_0849
LIM_EEZ_03E,LOC_EEZ_0850
LIM_EEZ_03E,LOC_EEZ_0851
LIM_EEZ_03E,LOC_EEZ_0852
LIM_EEZ_03E,LOC_EEZ_0853
LIM_EEZ_03E,LOC_EEZ_0854
LIM_EEZ_03E,LOC_EEZ_0855
LIM_EEZ_03E,LOC_EEZ_0856
LIM_EEZ_03E,LOC_EEZ_0857
LIM_EEZ_03E,LOC_EEZ_0858
LIM_EEZ_03E,LOC_EEZ_0859
LIM_EEZ_03E,LOC_EEZ_0860
LIM_EEZ_03E,LOC_EEZ_0861
LIM_EEZ_03E,LOC_EEZ_0862
LIM_EEZ_03E,LOC_EEZ_0863
LIM_EEZ_03E,LOC_EEZ_0864
LIM_EEZ_03E,LOC_EEZ_0865
LIM_EEZ_03E,LOC_EEZ_0866
LIM_EEZ_03E,LOC_EEZ_0867
LIM_EEZ_03E,LOC_EEZ_0868
LIM_EEZ_03E,LOC_EEZ_0869
LIM_EEZ_03E,LOC_EEZ_0870
LIM_EEZ_03E,LOC_EEZ_0871
LIM_EEZ_03E,LOC_EEZ_0872
LIM_EEZ_03E,LOC_EEZ_0873
LIM_EEZ_03E,LOC_EEZ_0874
LIM_EEZ_03E,LOC_EEZ_0875
LIM_EEZ_03E,LOC_EEZ_0876
LIM_EEZ_03E,LOC_EEZ_0877
LIM_EEZ_03E,LOC_EEZ_0878
LIM_EEZ_03E,LOC_EEZ_0879
LIM_EEZ_03E,LOC_EEZ_0880
LIM_EEZ_03E,LOC_EEZ_0881
LIM_EEZ_03E,LOC_EEZ_0882
LIM_EEZ_03E,LOC_EEZ_0883
LIM_EEZ_03E,LOC_EEZ_0884
LIM_EEZ_03E,LOC_EEZ_0885
LIM_EEZ_03E,LOC_EEZ_0886
LIM_EEZ_03E,LOC_EEZ_0887
LIM_EEZ_03E,LOC_EEZ_0888
LIM_EEZ_03E,LOC_EEZ_0889
LIM_EEZ_03E,LOC_EEZ_0890
LIM_EEZ_03E,LOC_EEZ_0891
LIM_EEZ_03E,LOC_EEZ_0892
LIM_EEZ_03E,LOC_EEZ_0893
LIM_EEZ_03E,LOC_EEZ_0894
LIM_EEZ_03E,LOC_EEZ_0895
LIM_EEZ_03E,LOC_EEZ_0896
LIM_EEZ_03E,LOC_EEZ_0897
LIM_EEZ_03E,LOC_EEZ_0898
LIM_EEZ_03E,LOC_EEZ_0899
LIM_EEZ_03E,LOC_EEZ_0900
LIM_EEZ_03E,LOC_EEZ_0901
LIM_EEZ_03E,LOC_EEZ_0902
LIM_EEZ_03E,LOC_EEZ_0903
LIM_EEZ_03E,LOC_EEZ_0904
LIM_EEZ_03E,LOC_EEZ_0905
LIM_EEZ_03E,LOC_EEZ_0906
LIM_EEZ_03E,LOC_EEZ_0907
LIM_EEZ_03E,LOC_EEZ_0908
LIM_EEZ_03E,LOC_EEZ_0909
LIM_EEZ_03E,LOC_EEZ_0910
LIM_EEZ_03E,LOC_EEZ_0911
LIM_EEZ_03E,LOC_EEZ_0912
LIM_EEZ_03E,LOC_EEZ_0913
LIM_EEZ_03E,LOC_EEZ_0914
LIM_EEZ_03E,LOC_EEZ_0915
LIM_EEZ_03E,LOC_EEZ_0916
LIM_EEZ_03E,LOC_EEZ_0917
LIM_EEZ_03E,LOC_EEZ_0918
LIM_EEZ_03E,LOC_EEZ_0919
LIM_EEZ_03E,LOC_EEZ_0920
LIM_EEZ_03E,LOC_EEZ_0921
LIM_EEZ_03E,LOC_EEZ_0922
LIM_EEZ_03E,LOC_EEZ_0923
LIM_EEZ_03E,LOC_EEZ_0924
LIM_EEZ_03E,LOC_EEZ_0925
LIM_EEZ_03E,LOC_EEZ_0926
LIM_EEZ_03E,LOC_EEZ_0927
LIM_EEZ_03E,LOC_EEZ_0928
LIM_EEZ_03E,LOC_EEZ_0929
LIM_EEZ_03E,LOC_EEZ_0930
LIM_EEZ_03E,LOC_EEZ_0931
LIM_EEZ_03E,LOC_EEZ_0932
LIM_EEZ_03E,LOC_EEZ_0933
LIM_EEZ_03E,LOC_EEZ_0934
LIM_EEZ_03E,LOC_EEZ_0935
LIM_EEZ_03E,LOC_EEZ_0936
LIM_EEZ_03E,LOC_EEZ_0937
LIM_EEZ_03E,LOC_EEZ_0938
LIM_EEZ_03E,LOC_EEZ_0939
LIM_EEZ_03E,LOC_EEZ_0940
LIM_EEZ_03E,LOC_EEZ_0941
LIM_EEZ_03E,LOC_EEZ_0942
LIM_EEZ_03E,LOC_EEZ_0943
LIM_EEZ_03E,LOC_EEZ_0944
LIM_EEZ_03E,LOC_EEZ_0945
LIM_EEZ_03E,LOC_EEZ_0946
LIM_EEZ_03E,LOC_EEZ_0947
LIM_EEZ_03E,LOC_EEZ_0948
LIM_EEZ_03E,LOC_EEZ_0949
LIM_EEZ_03E,LOC_EEZ_0950
LIM_EEZ_03E,LOC_EEZ_0951
LIM_EEZ_03E,LOC_EEZ_0952
LIM_EEZ_03E,LOC_EEZ_0953
LIM_EEZ_03E,LOC_EEZ_0954
LIM_EEZ_03E,LOC_EEZ_0955
LIM_EEZ_03E,LOC_EEZ_0956
LIM_EEZ_03E,LOC_EEZ_0957
LIM_EEZ_03E,LOC_EEZ_0958
LIM_EEZ_03E,LOC_EEZ_0959
LIM_EEZ_03E,LOC_EEZ_0960
LIM_EEZ_03E,LOC_EEZ_0961
LIM_EEZ_03E,LOC_EEZ_0962
LIM_EEZ_03E,LOC_EEZ_0963
LIM_EEZ_03E,LOC_EEZ_0964
LIM_EEZ_03E,LOC_EEZ_0965
LIM_EEZ_03E,LOC_EEZ_0966
LIM_EEZ_03E,LOC_EEZ_0967
LIM_EEZ_03E,LOC_EEZ_0968
LIM_EEZ_03E,LOC_EEZ_0969
LIM_EEZ_03E,LOC_EEZ_0970
LIM_EEZ_03E,LOC_EEZ_0971
LIM_EEZ_03E,LOC_EEZ_0972
LIM_EEZ_03E,LOC_EEZ_0973
LIM_EEZ_03E,LOC_EEZ_0974
LIM_EEZ_03E,LOC_EEZ_0975
LIM_EEZ_03E,LOC_EEZ_0976
LIM_EEZ_03E,LOC_EEZ_0977
LIM_EEZ_03E,LOC_EEZ_0978
LIM_EEZ_03E,LOC_EEZ_0979
LIM_EEZ_03E,LOC_EEZ_0980
LIM_EEZ_03E,LOC_EEZ_0981
LIM_EEZ_03E,LOC_EEZ_0982
LIM_EEZ_03E,LOC_EEZ_0983
LIM_EEZ_03E,LOC_EEZ_0984
LIM_EEZ_03E,LOC_EEZ_0985
LIM_EEZ_03E,LOC_EEZ_0986
LIM_EEZ_03E,LOC_EEZ_0987
LIM_EEZ_03E,LOC_EEZ_0988
LIM_EEZ_03E,LOC_EEZ_0989
LIM_EEZ_03E,LOC_EEZ_0990
LIM_EEZ_03E,LOC_EEZ_0991
LIM_EEZ_03E,LOC_EEZ_0992
LIM_EEZ_03E,LOC_EEZ_0993
LIM_EEZ_03E,LOC_EEZ_0994
LIM_EEZ_03E,LOC_EEZ_0995
LIM_EEZ_03E,LOC_EEZ_0996
LIM_EEZ_03E,LOC_EEZ_0997
LIM_EEZ_03E,LOC_EEZ_0998
LIM_EEZ_03E,LOC_EEZ_0999
LIM_EEZ_03E,LOC_EEZ_1000
LIM_EEZ_03E,LOC_EEZ_1001
LIM_EEZ_03E,LOC_EEZ_1002
LIM_EEZ_03E,LOC_EEZ_1003
LIM_EEZ_03E,LOC_EEZ_1004
LIM_EEZ_03E,LOC_EEZ_1005
LIM_EEZ_03E,LOC_EEZ_1006
LIM_EEZ_03E,LOC_EEZ_1007
LIM_EEZ_03E,LOC_EEZ_1008
LIM_EEZ_03E,LOC_EEZ_1009
LIM_EEZ_03E,LOC_EEZ_1010
LIM_EEZ_03E,LOC_EEZ_1011
LIM_EEZ_03E,LOC_EEZ_1012
LIM_EEZ_03E,LOC_EEZ_1013
LIM_EEZ_03E,LOC_EEZ_1014
LIM_EEZ_03E,LOC_EEZ_1015
LIM_EEZ_03E,LOC_EEZ_1016
LIM_EEZ_03E,LOC_EEZ_1017
LIM_EEZ_03E,LOC_EEZ_1018
LIM_EEZ_03E,LOC_EEZ_1019
LIM_EEZ_03E,LOC_EEZ_1020
LIM_EEZ_03E,LOC_EEZ_1021
LIM_EEZ_03E,LOC_EEZ_1022
LIM_EEZ_03E,LOC_EEZ_1023
LIM_EEZ_03E,LOC_EEZ_1024
LIM_EEZ_03E,LOC_EEZ_1025
LIM_EEZ_03E,LOC_EEZ_1026
LIM_EEZ_03E,LOC_EEZ_1027
LIM_EEZ_03E,LOC_EEZ_1028
LIM_EEZ_03E,LOC_EEZ_1029
LIM_EEZ_03E,LOC_EEZ_1030
LIM_EEZ_03E,LOC_EEZ_1031
LIM_EEZ_03E,LOC_EEZ_1032
LIM_EEZ_03E,LOC_EEZ_1033
LIM_EEZ_03E,LOC_EEZ_1034
LIM_EEZ_03E,LOC_EEZ_1035
LIM_EEZ_03E,LOC_EEZ_1036
LIM_EEZ_03E,LOC_EEZ_1037
LIM_EEZ_03E,LOC_EEZ_1038
LIM_EEZ_03E,LOC_EEZ_1039
LIM_EEZ_03E,LOC_EEZ_1040
LIM_EEZ_03E,LOC_EEZ_1041
LIM_EEZ_03E,LOC_EEZ_1042
LIM_EEZ_03E,LOC_EEZ_1043
LIM_EEZ_03E,LOC_EEZ_1044
LIM_EEZ_03E,LOC_EEZ_1045
LIM_EEZ_03E,LOC_EEZ_1046
LIM_EEZ_03E,LOC_EEZ_1047
LIM_EEZ_03E,LOC_EEZ_1048
LIM_EEZ_03E,LOC_EEZ_1049
LIM_EEZ_03E,LOC_EEZ_1050
LIM_EEZ_03E,LOC_EEZ_1051
LIM_EEZ_03E,LOC_EEZ_1052
LIM_EEZ_03E,LOC_EEZ_1053
LIM_EEZ_03E,LOC_EEZ_1054
LIM_EEZ_03E,LOC_EEZ_1055
LIM_EEZ_03E,LOC_EEZ_1056
LIM_EEZ_03E,LOC_EEZ_1057
LIM_EEZ_03E,LOC_EEZ_1058
LIM_EEZ_03E,LOC_EEZ_1059
LIM_EEZ_03E,LOC_EEZ_1060
LIM_EEZ_03E,LOC_EEZ_1061
LIM_EEZ_03E,LOC_EEZ_1062
LIM_EEZ_03E,LOC_EEZ_1063
LIM_EEZ_03E,LOC_EEZ_1064
LIM_EEZ_03E,LOC_EEZ_1065
LIM_EEZ_03E,LOC_EEZ_1066
LIM_EEZ_03E,LOC_EEZ_1067
LIM_EEZ_03E,LOC_EEZ_1068
LIM_EEZ_03E,LOC_EEZ_1069
LIM_EEZ_03E,LOC_EEZ_1070
LIM_EEZ_03E,LOC_EEZ_1071
LIM_EEZ_03E,LOC_EEZ_1072
LIM_EEZ_03E,LOC_EEZ_1073
LIM_EEZ_03E,LOC_EEZ_1074
LIM_EEZ_03E,LOC_EEZ_1075
LIM_EEZ_03E,LOC_EEZ_1076
LIM_EEZ_03E,LOC_EEZ_1077
LIM_EEZ_03E,LOC_EEZ_1078
LIM_EEZ_03E,LOC_EEZ_1079
LIM_EEZ_03E,LOC_EEZ_1080
LIM_EEZ_03E,LOC_EEZ_1081
LIM_EEZ_03E,LOC_EEZ_1082
LIM_EEZ_03E,LOC_EEZ_1083
LIM_EEZ_03E,LOC_EEZ_1084
LIM_EEZ_03E,LOC_EEZ_1085
LIM_EEZ_03E,LOC_EEZ_1086
LIM_EEZ_03E,LOC_EEZ_1087
LIM_EEZ_03E,LOC_EEZ_1088
LIM_EEZ_03E,LOC_EEZ_1089
LIM_EEZ_03E,LOC_EEZ_1090
LIM_EEZ_03E,LOC_EEZ_1091
LIM_EEZ_03E,LOC_EEZ_1092
LIM_EEZ_03E,LOC_EEZ_1093
LIM_EEZ_03E,LOC_EEZ_1094
LIM_EEZ_03E,LOC_EEZ_1095
LIM_EEZ_03E,LOC_EEZ_1096
LIM_EEZ_03E,LOC_EEZ_1097
LIM_EEZ_03E,LOC_EEZ_1098
LIM_EEZ_03E,LOC_EEZ_1099
LIM_EEZ_03E,LOC_EEZ_1100
LIM_EEZ_03E,LOC_EEZ_1101
LIM_EEZ_03E,LOC_EEZ_1102
LIM_EEZ_03E,LOC_EEZ_1103
LIM_EEZ_03E,LOC_EEZ_1104
LIM_EEZ_03E,LOC_EEZ_1105
LIM_EEZ_03E,LOC_EEZ_1106
LIM_EEZ_03E,LOC_EEZ_1107
LIM_EEZ_03E,LOC_EEZ_1108
LIM_EEZ_03E,LOC_EEZ_1109
LIM_EEZ_03E,LOC_EEZ_1110
LIM_EEZ_03E,LOC_EEZ_1111
LIM_EEZ_03E,LOC_EEZ_1112
LIM_EEZ_03E,LOC_EEZ_1113
LIM_EEZ_03E,LOC_EEZ_1114
LIM_EEZ_03E,LOC_EEZ_1115
LIM_EEZ_03E,LOC_EEZ_1116
LIM_EEZ_03E,LOC_EEZ_1117
LIM_EEZ_03E,LOC_EEZ_1118
LIM_EEZ_03E,LOC_EEZ_1119
LIM_EEZ_03E,LOC_EEZ_1120
LIM_EEZ_03E,LOC_EEZ_1121
LIM_EEZ_03E,LOC_EEZ_1122
LIM_EEZ_03E,LOC_EEZ_1123
LIM_EEZ_03E,LOC_EEZ_1124
LIM_EEZ_03E,LOC_EEZ_1125
LIM_EEZ_03E,LOC_EEZ_1126
LIM_EEZ_03E,LOC_EEZ_1127
LIM_EEZ_03E,LOC_EEZ_1128
LIM_EEZ_03E,LOC_EEZ_1129
LIM_EEZ_03E,LOC_EEZ_1130
LIM_EEZ_03E,LOC_EEZ_1131
LIM_EEZ_03E,LOC_EEZ_1132
LIM_EEZ_03E,LOC_EEZ_1133
LIM_EEZ_03E,LOC_EEZ_1134
LIM_EEZ_03E,LOC_EEZ_1135
LIM_EEZ_03E,LOC_EEZ_1136
LIM_EEZ_03E,LOC_EEZ_1137
LIM_EEZ_03E,LOC_EEZ_1138
LIM_EEZ_03E,LOC_EEZ_1139
LIM_EEZ_03E,LOC_EEZ_1140
LIM_EEZ_03E,LOC_EEZ_1141
LIM_EEZ_03E,LOC_EEZ_1142
LIM_EEZ_03E,LOC_EEZ_1143
LIM_EEZ_03E,LOC_EEZ_1144
LIM_EEZ_03E,LOC_EEZ_1145
LIM_EEZ_03E,LOC_EEZ_1146
LIM_EEZ_03E,LOC_EEZ_1147
LIM_EEZ_03E,LOC_EEZ_1148
LIM_EEZ_03E,LOC_EEZ_1149
LIM_EEZ_03E,LOC_EEZ_1150
LIM_EEZ_03E,LOC_EEZ_1151
LIM_EEZ_03E,LOC_EEZ_1152
LIM_EEZ_03E,LOC_EEZ_1153
LIM_EEZ_03E,LOC_EEZ_1154
LIM_EEZ_03E,LOC_EEZ_1155
LIM_EEZ_03E,LOC_EEZ_1156
LIM_EEZ_03E,LOC_EEZ_1157
LIM_EEZ_03E,LOC_EEZ_1158
LIM_EEZ_03E,LOC_EEZ_1159
LIM_EEZ_03E,LOC_EEZ_1160
LIM_EEZ_03E,LOC_EEZ_1161
LIM_EEZ_03E,LOC_EEZ_1162
LIM_EEZ_03E,LOC_EEZ_1163
LIM_EEZ_03E,LOC_EEZ_1164
LIM_EEZ_03E,LOC_EEZ_1165
LIM_EEZ_03E,LOC_EEZ_1166
LIM_EEZ_03E,LOC_EEZ_1167
LIM_EEZ_03E,LOC_EEZ_1168
LIM_EEZ_03E,LOC_EEZ_1169
LIM_EEZ_03E,LOC_EEZ_1170
LIM_EEZ_03E,LOC_EEZ_1171
LIM_EEZ_03E,LOC_EEZ_1172
LIM_EEZ_03E,LOC_EEZ_1173
LIM_EEZ_03E,LOC_EEZ_1174
LIM_EEZ_03E,LOC_EEZ_1175
LIM_EEZ_03E,LOC_EEZ_1176
LIM_EEZ_03E,LOC_EEZ_1177
LIM_EEZ_03E,LOC_EEZ_1178
LIM_EEZ_03E,LOC_EEZ_1179
LIM_EEZ_03E,LOC_EEZ_1180
LIM_EEZ_03E,LOC_EEZ_1181
LIM_EEZ_03E,LOC_EEZ_1182
LIM_EEZ_03E,LOC_EEZ_1183
LIM_EEZ_03E,LOC_EEZ_1184
LIM_EEZ_03E,LOC_EEZ_1185
LIM_EEZ_03E,LOC_EEZ_1186
LIM_EEZ_03E,LOC_EEZ_1187
LIM_EEZ_03E,LOC_EEZ_1188
LIM_EEZ_03E,LOC_EEZ_1189
LIM_EEZ_03E,LOC_EEZ_1190
LIM_EEZ_03E,LOC_EEZ_1191
LIM_EEZ_03E,LOC_EEZ_1192
LIM_EEZ_03E,LOC_EEZ_1193
LIM_EEZ_03E,LOC_EEZ_1194
LIM_EEZ_03E,LOC_EEZ_1195
LIM_EEZ_03E,LOC_EEZ_1196
LIM_EEZ_03E,LOC_EEZ_1197
LIM_EEZ_03E,LOC_EEZ_1198
LIM_EEZ_03E,LOC_EEZ_1199
LIM_EEZ_03E,LOC_EEZ_1200
LIM_EEZ_03E,LOC_EEZ_1201
LIM_EEZ_03E,LOC_EEZ_1202
LIM_EEZ_03E,LOC_EEZ_1203
LIM_EEZ_03E,LOC_EEZ_1204
LIM_EEZ_03E,LOC_EEZ_1205
LIM_EEZ_03E,LOC_EEZ_1206
LIM_EEZ_03E,LOC_EEZ_1207
LIM_EEZ_03E,LOC_EEZ_1208
LIM_EEZ_03E,LOC_EEZ_1209
LIM_EEZ_03E,LOC_EEZ_1210
LIM_EEZ_03E,LOC_EEZ_1211
LIM_EEZ_03E,LOC_EEZ_1212
LIM_EEZ_03E,LOC_EEZ_1213
LIM_EEZ_03E,LOC_EEZ_1214
LIM_EEZ_03E,LOC_EEZ_1215
LIM_EEZ_03E,LOC_EEZ_1216
LIM_EEZ_03E,LOC_EEZ_1217
LIM_EEZ_03E,LOC_EEZ_1218
LIM_EEZ_03E,LOC_EEZ_1219
LIM_EEZ_03E,LOC_EEZ_1220
LIM_EEZ_03E,LOC_EEZ_1221
LIM_EEZ_03E,LOC_EEZ_1222
LIM_EEZ_03E,LOC_EEZ_1223
LIM_EEZ_03E,LOC_EEZ_1224
LIM_EEZ_03E,LOC_EEZ_1225
LIM_EEZ_03E,LOC_EEZ_1226
LIM_EEZ_03E,LOC_EEZ_1227
LIM_EEZ_03E,LOC_EEZ_1228
LIM_EEZ_03E,LOC_EEZ_1229
LIM_EEZ_03E,LOC_EEZ_1230
LIM_EEZ_03E,LOC_EEZ_1231
LIM_EEZ_03E,LOC_EEZ_1232
LIM_EEZ_03E,LOC_EEZ_1233
LIM_EEZ_03E,LOC_EEZ_1234
LIM_EEZ_03E,LOC_EEZ_1235
LIM_EEZ_03E,LOC_EEZ_1236
LIM_EEZ_03E,LOC_EEZ_1237
LIM_EEZ_03E,LOC_EEZ_1238
LIM_EEZ_03E,LOC_EEZ_1239
LIM_EEZ_03E,LOC_EEZ_1240
LIM_EEZ_03E,LOC_EEZ_1241
LIM_EEZ_03E,LOC_EEZ_1242
LIM_EEZ_03E,LOC_EEZ_1243
LIM_EEZ_03E,LOC_EEZ_1244
LIM_EEZ_03E,LOC_EEZ_1245
LIM_EEZ_03E,LOC_EEZ_1246
LIM_EEZ_03E,LOC_EEZ_1247
LIM_EEZ_03E,LOC_EEZ_1248
LIM_EEZ_03E,LOC_EEZ_1249
LIM_EEZ_03E,LOC_EEZ_1250
LIM_EEZ_03E,LOC_EEZ_1251
LIM_EEZ_03E,LOC_EEZ_1252
LIM_EEZ_03E,LOC_EEZ_1253
LIM_EEZ_03E,LOC_EEZ_1254
LIM_EEZ_03E,LOC_EEZ_1255
LIM_EEZ_03E,LOC_EEZ_1256
LIM_EEZ_03E,LOC_EEZ_1257
LIM_EEZ_03E,LOC_EEZ_1258
LIM_EEZ_03E,LOC_EEZ_1259
LIM_EEZ_03E,LOC_EEZ_1260
LIM_EEZ_03E,LOC_EEZ_1261
LIM_EEZ_03E,LOC_EEZ_1262
LIM_EEZ_03E,LOC_EEZ_1263
LIM_EEZ_03E,LOC_EEZ_1264
LIM_EEZ_03E,LOC_EEZ_1265
LIM_EEZ_03E,LOC_EEZ_1266
LIM_EEZ_03E,LOC_EEZ_1267
LIM_EEZ_03E,LOC_EEZ_1268
LIM_EEZ_03E,LOC_EEZ_1269
LIM_EEZ_03E,LOC_EEZ_1270
LIM_EEZ_03E,LOC_EEZ_1271
LIM_EEZ_03E,LOC_EEZ_1272
LIM_EEZ_03E,LOC_EEZ_1273
LIM_EEZ_03E,LOC_EEZ_1274
LIM_EEZ_03E,LOC_EEZ_1275
LIM_EEZ_03E,LOC_EEZ_1276
LIM_EEZ_03E,LOC_EEZ_1277
LIM_EEZ_03E,LOC_EEZ_1278
LIM_EEZ_03E,LOC_EEZ_1279
LIM_EEZ_03E,LOC_EEZ_1280
LIM_EEZ_03E,LOC_EEZ_1281
LIM_EEZ_03E,LOC_EEZ_1282
LIM_EEZ_03E,LOC_EEZ_1283
LIM_EEZ_03E,LOC_EEZ_1284
LIM_EEZ_03E,LOC_EEZ_1285
LIM_EEZ_03E,LOC_EEZ_1286
LIM_EEZ_03E,LOC_EEZ_1287
LIM_EEZ_03E,LOC_EEZ_1288
LIM_EEZ_03E,LOC_EEZ_1289
LIM_EEZ_03E,LOC_EEZ_1290
LIM_EEZ_03E,LOC_EEZ_1291
LIM_EEZ_03E,LOC_EEZ_1292
LIM_EEZ_03E,LOC_EEZ_1293
LIM_EEZ_03E,LOC_EEZ_1294
LIM_EEZ_03E,LOC_EEZ_1295
LIM_EEZ_03E,LOC_EEZ_1296
LIM_EEZ_03E,LOC_EEZ_1297
LIM_EEZ_03E,LOC_EEZ_1298
LIM_EEZ_03E,LOC_EEZ_1299
LIM_EEZ_03E,LOC_EEZ_1300
LIM_EEZ_03E,LOC_EEZ_1301
LIM_EEZ_03E,LOC_EEZ_1302
LIM_EEZ_03E,LOC_EEZ_1303
LIM_EEZ_03E,LOC_EEZ_1304
LIM_EEZ_03E,LOC_EEZ_1305
LIM_EEZ_03E,LOC_EEZ_1306
LIM_EEZ_03E,LOC_EEZ_1307
LIM_EEZ_03E,LOC_EEZ_1308
LIM_EEZ_03E,LOC_EEZ_1309
LIM_EEZ_03E,LOC_EEZ_1310
LIM_EEZ_03E,LOC_EEZ_1311
LIM_EEZ_03E,LOC_EEZ_1312
LIM_EEZ_03E,LOC_EEZ_1313
LIM_EEZ_03E,LOC_EEZ_1314
LIM_EEZ_03E,LOC_EEZ_1315
LIM_EEZ_03E,LOC_EEZ_1316
LIM_EEZ_03E,LOC_EEZ_1317
LIM_EEZ_03E,LOC_EEZ_1318
LIM_EEZ_03E,LOC_EEZ_1319
LIM_EEZ_03E,LOC_EEZ_1320
LIM_EEZ_03E,LOC_EEZ_1321
LIM_EEZ_03E,LOC_EEZ_1322
LIM_EEZ_03E,LOC_EEZ_1323
LIM_EEZ_03E,LOC_EEZ_1324
LIM_EEZ_03E,LOC_EEZ_1325
LIM_EEZ_03E,LOC_EEZ_1326
LIM_EEZ_03E,LOC_EEZ_1327
LIM_EEZ_03E,LOC_EEZ_1328
LIM_EEZ_03E,LOC_EEZ_1329
LIM_EEZ_03E,LOC_EEZ_1330
LIM_EEZ_03E,LOC_EEZ_1331
LIM_EEZ_03E,LOC_EEZ_1332
LIM_EEZ_03E,LOC_EEZ_1333
LIM_EEZ_03E,LOC_EEZ_1334
LIM_EEZ_03E,LOC_EEZ_1335
LIM_EEZ_03E,LOC_EEZ_1336
LIM_EEZ_03E,LOC_EEZ_1337
LIM_EEZ_03E,LOC_EEZ_1338
LIM_EEZ_03E,LOC_EEZ_1339
LIM_EEZ_03E,LOC_EEZ_1340
LIM_EEZ_03E,LOC_EEZ_1341
LIM_EEZ_03E,LOC_EEZ_1342
LIM_EEZ_03E,LOC_EEZ_1343
LIM_EEZ_03E,LOC_EEZ_1344
LIM_EEZ_03E,LOC_EEZ_1345
LIM_EEZ_03E,LOC_EEZ_1346
LIM_EEZ_03E,LOC_EEZ_1347
LIM_EEZ_03E,LOC_EEZ_1348
LIM_EEZ_03E,LOC_EEZ_1349
LIM_EEZ_03E,LOC_EEZ_1350
LIM_EEZ_03E,LOC_EEZ_1351
LIM_EEZ_03E,LOC_EEZ_1352
LIM_EEZ_03E,LOC_EEZ_1353
LIM_EEZ_03E,LOC_EEZ_1354
LIM_EEZ_03E,LOC_EEZ_1355
LIM_EEZ_03E,LOC_EEZ_1356
LIM_EEZ_03E,LOC_EEZ_1357
LIM_EEZ_03E,LOC_EEZ_1358
LIM_EEZ_03E,LOC_EEZ_1359
LIM_EEZ_03E,LOC_EEZ_1360
LIM_EEZ_03E,LOC_EEZ_1361
LIM_EEZ_03E,LOC_EEZ_1362
LIM_EEZ_03E,LOC_EEZ_1363
LIM_EEZ_03E,LOC_EEZ_1364
LIM_EEZ_03E,LOC_EEZ_1365
LIM_EEZ_03E,LOC_EEZ_1366
LIM_EEZ_03E,LOC_EEZ_1367
LIM_EEZ_03E,LOC_EEZ_1368
LIM_EEZ_03E,LOC_EEZ_1369
LIM_EEZ_03E,LOC_EEZ_1370
LIM_EEZ_03E,LOC_EEZ_1371
LIM_EEZ_03E,LOC_EEZ_1372
LIM_EEZ_03E,LOC_EEZ_1373
LIM_EEZ_03E,LOC_EEZ_1374
LIM_EEZ_03E,LOC_EEZ_1375
LIM_EEZ_03E,LOC_EEZ_1376
LIM_EEZ_03E,LOC_EEZ_1377
LIM_EEZ_03E,LOC_EEZ_1378
LIM_EEZ_03E,LOC_EEZ_1379
LIM_EEZ_03E,LOC_EEZ_1380
LIM_EEZ_03E,LOC_EEZ_1381
LIM_EEZ_03E,LOC_EEZ_1382
LIM_EEZ_03E,LOC_EEZ_1383
LIM_EEZ_03E,LOC_EEZ_1384
LIM_EEZ_03E,LOC_EEZ_1385
LIM_EEZ_03E,LOC_EEZ_1386
LIM_EEZ_03E,LOC_EEZ_1387
LIM_EEZ_03E,LOC_EEZ_1388
LIM_EEZ_03E,LOC_EEZ_1389
LIM_EEZ_03E,LOC_EEZ_1390
LIM_EEZ_03E,LOC_EEZ_1391
LIM_EEZ_03E,LOC_EEZ_1392
LIM_EEZ_03E,LOC_EEZ_1393
LIM_EEZ_03E,LOC_EEZ_1394
LIM_EEZ_03E,LOC_EEZ_1395
LIM_EEZ_03E,LOC_EEZ_1396
LIM_EEZ_03E,LOC_EEZ_1397
LIM_EEZ_03E,LOC_EEZ_1398
LIM_EEZ_03E,LOC_EEZ_1399
LIM_EEZ_03E,LOC_EEZ_1400
LIM_EEZ_03E,LOC_EEZ_1401
LIM_EEZ_03E,LOC_EEZ_1402
LIM_EEZ_03E,LOC_EEZ_1403
LIM_EEZ_03E,LOC_EEZ_1404
LIM_EEZ_03E,LOC_EEZ_1405
LIM_EEZ_03E,LOC_EEZ_1406
LIM_EEZ_03E,LOC_EEZ_1407
LIM_EEZ_03E,LOC_EEZ_1408
LIM_EEZ_03E,LOC_EEZ_1409
LIM_EEZ_03E,LOC_EEZ_1410
LIM_EEZ_03E,LOC_EEZ_1411
LIM_EEZ_03E,LOC_EEZ_1412
LIM_EEZ_03E,LOC_EEZ_1413
LIM_EEZ_03E,LOC_EEZ_1414
LIM_EEZ_03E,LOC_EEZ_1415
LIM_EEZ_03E,LOC_EEZ_1416
LIM_EEZ_03E,LOC_EEZ_1417
LIM_EEZ_03E,LOC_EEZ_1418
LIM_EEZ_03E,LOC_EEZ_1419
LIM_EEZ_03E,LOC_EEZ_1420
LIM_EEZ_03E,LOC_EEZ_1421
LIM_EEZ_03E,LOC_EEZ_1422
LIM_EEZ_03E,LOC_EEZ_1423
LIM_EEZ_03E,LOC_EEZ_1424
LIM_EEZ_03E,LOC_EEZ_1425
LIM_EEZ_03E,LOC_EEZ_1426
LIM_EEZ_03E,LOC_EEZ_1427
LIM_EEZ_03E,LOC_EEZ_1428
LIM_EEZ_03E,LOC_EEZ_1429
LIM_EEZ_03E,LOC_EEZ_1430
LIM_EEZ_03E,LOC_EEZ_1431
LIM_EEZ_03E,LOC_EEZ_1432
LIM_EEZ_03E,LOC_EEZ_1433
LIM_EEZ_03E,LOC_EEZ_1434
LIM_EEZ_03E,LOC_EEZ_1435
LIM_EEZ_03E,LOC_EEZ_1436
LIM_EEZ_03E,LOC_EEZ_1437
LIM_EEZ_03E,LOC_EEZ_1438
LIM_EEZ_03E,LOC_EEZ_1439
LIM_EEZ_03E,LOC_EEZ_1440
LIM_EEZ_03E,LOC_EEZ_1441
LIM_EEZ_03E,LOC_EEZ_1442
LIM_EEZ_03E,LOC_EEZ_1443
LIM_EEZ_03E,LOC_EEZ_1444
LIM_EEZ_03E,LOC_EEZ_1445
LIM_EEZ_03E,LOC_EEZ_1446
LIM_EEZ_03E,LOC_EEZ_1447
LIM_EEZ_03E,LOC_EEZ_1448
LIM_EEZ_03E,LOC_EEZ_1449
LIM_EEZ_03E,LOC_EEZ_1450
LIM_EEZ_03E,LOC_EEZ_1451
LIM_EEZ_03E,LOC_EEZ_1452
LIM_EEZ_03E,LOC_EEZ_1453
LIM_EEZ_03E,LOC_EEZ_1454
LIM_EEZ_03E,LOC_EEZ_1455
LIM_EEZ_03E,LOC_EEZ_1456
LIM_EEZ_03E,LOC_EEZ_1457
LIM_EEZ_03E,LOC_EEZ_1458
LIM_EEZ_03E,LOC_EEZ_1459
LIM_EEZ_03E,LOC_EEZ_1460
LIM_EEZ_03E,LOC_EEZ_1461
LIM_EEZ_03E,LOC_EEZ_1462
LIM_EEZ_03E,LOC_EEZ_1463
LIM_EEZ_03E,LOC_EEZ_1464
LIM_EEZ_03E,LOC_EEZ_1465
LIM_EEZ_03E,LOC_EEZ_1466
LIM_EEZ_03E,LOC_EEZ_1467
LIM_EEZ_03E,LOC_EEZ_1468
LIM_EEZ_03E,LOC_EEZ_1469
LIM_EEZ_03E,LOC_EEZ_1470
LIM_EEZ_03E,LOC_EEZ_1471
LIM_EEZ_03E,LOC_EEZ_1472
LIM_EEZ_03E,LOC_EEZ_1473
LIM_EEZ_03E,LOC_EEZ_1474
LIM_EEZ_03E,LOC_EEZ_1475
LIM_EEZ_03E,LOC_EEZ_1476
LIM_EEZ_03E,LOC_EEZ_1477
LIM_EEZ_03E,LOC_EEZ_1478
LIM_EEZ_03E,LOC_EEZ_1479
LIM_EEZ_03E,LOC_EEZ_1480
LIM_EEZ_03E,LOC_EEZ_1481
LIM_EEZ_03E,LOC_EEZ_1482
LIM_EEZ_03E,LOC_EEZ_1483
LIM_EEZ_03E,LOC_EEZ_1484
LIM_EEZ_03E,LOC_EEZ_1485
LIM_EEZ_03E,LOC_EEZ_1486
LIM_EEZ_03E,LOC_EEZ_1487
LIM_EEZ_03E,LOC_EEZ_1488
LIM_EEZ_03E,LOC_EEZ_1489
LIM_EEZ_03E,LOC_EEZ_1490
LIM_EEZ_03E,LOC_EEZ_1491
LIM_EEZ_03E,LOC_EEZ_1492
LIM_EEZ_03E,LOC_EEZ_1493
LIM_EEZ_03E,LOC_EEZ_1494
LIM_EEZ_03E,LOC_EEZ_1495
LIM_EEZ_03E,LOC_EEZ_1496
LIM_EEZ_03E,LOC_EEZ_1497
LIM_EEZ_03E,LOC_EEZ_1498
LIM_EEZ_03E,LOC_EEZ_1499
LIM_EEZ_03E,LOC_EEZ_1500
LIM_EEZ_03E,LOC_EEZ_1501
LIM_EEZ_03E,LOC_EEZ_1502
LIM_EEZ_03E,LOC_EEZ_1503
LIM_EEZ_03E,LOC_EEZ_1504
LIM_EEZ_03E,LOC_EEZ_1505
LIM_EEZ_03E,LOC_EEZ_1506
LIM_EEZ_03E,LOC_EEZ_1507
LIM_EEZ_03E,LOC_EEZ_1508
LIM_EEZ_03E,LOC_EEZ_1509
LIM_EEZ_03E,LOC_EEZ_1510
LIM_EEZ_03E,LOC_EEZ_1511
LIM_EEZ_03E,LOC_EEZ_1512
LIM_EEZ_03E,LOC_EEZ_1513
LIM_EEZ_03E,LOC_EEZ_1514
LIM_EEZ_03E,LOC_EEZ_1515
LIM_EEZ_03E,LOC_EEZ_1516
LIM_EEZ_03E,LOC_EEZ_1517
LIM_EEZ_03E,LOC_EEZ_1518
LIM_EEZ_03E,LOC_EEZ_1519
LIM_EEZ_03E,LOC_EEZ_1520
LIM_EEZ_03E,LOC_EEZ_1521
LIM_EEZ_03E,LOC_EEZ_1522
LIM_EEZ_03E,LOC_EEZ_1523
LIM_EEZ_03E,LOC_EEZ_1524
LIM_EEZ_03E,LOC_EEZ_1525
LIM_EEZ_03E,LOC_EEZ_1526
LIM_EEZ_03E,LOC_EEZ_1527
LIM_EEZ_03E,LOC_EEZ_1528
LIM_EEZ_03E,LOC_EEZ_1529
LIM_EEZ_03E,LOC_EEZ_1530
LIM_EEZ_03E,LOC_EEZ_1531
LIM_EEZ_03E,LOC_EEZ_1532
LIM_EEZ_03E,LOC_EEZ_1533
LIM_EEZ_03E,LOC_EEZ_1534
LIM_EEZ_03E,LOC_EEZ_1535
LIM_EEZ_03E,LOC_EEZ_1536
LIM_EEZ_03E,LOC_EEZ_1537
LIM_EEZ_03E,LOC_EEZ_1538
LIM_EEZ_03E,LOC_EEZ_1539
LIM_EEZ_03E,LOC_EEZ_1540
LIM_EEZ_03E,LOC_EEZ_1541
LIM_EEZ_03E,LOC_EEZ_1542
LIM_EEZ_03E,LOC_EEZ_1543
LIM_EEZ_03E,LOC_EEZ_1544
LIM_EEZ_03E,LOC_EEZ_1545
LIM_EEZ_03E,LOC_EEZ_1546
LIM_EEZ_03E,LOC_EEZ_1547
LIM_EEZ_03E,LOC_EEZ_1548
LIM_EEZ_03E,LOC_EEZ_1549
LIM_EEZ_03E,LOC_EEZ_1550
LIM_EEZ_03E,LOC_EEZ_1551
LIM_EEZ_03E,LOC_EEZ_1552
LIM_EEZ_03E,LOC_EEZ_1553
LIM_EEZ_03E,LOC_EEZ_1554
LIM_EEZ_03E,LOC_EEZ_1555
LIM_EEZ_03E,LOC_EEZ_1556
LIM_EEZ_03E,LOC_EEZ_1557
LIM_EEZ_03E,LOC_EEZ_1558
LIM_EEZ_03E,LOC_EEZ_1559
LIM_EEZ_03E,LOC_EEZ_1560
LIM_EEZ_03E,LOC_EEZ_1561
LIM_EEZ_03E,LOC_EEZ_1562
LIM_EEZ_03E,LOC_EEZ_1563
LIM_EEZ_03E,LOC_EEZ_1564
LIM_EEZ_03E,LOC_EEZ_1565
LIM_EEZ_03E,LOC_EEZ_1566
LIM_EEZ_03E,LOC_EEZ_1567
LIM_EEZ_03E,LOC_EEZ_1568
LIM_EEZ_03E,LOC_EEZ_1569
LIM_EEZ_03E,LOC_EEZ_1570
LIM_EEZ_03E,LOC_EEZ_1571
LIM_EEZ_03E,LOC_EEZ_1572
LIM_EEZ_03E,LOC_EEZ_1573
LIM_EEZ_03E,LOC_EEZ_1574
LIM_EEZ_03E,LOC_EEZ_1575
LIM_EEZ_03E,LOC_EEZ_1576
LIM_EEZ_03E,LOC_EEZ_1577
LIM_EEZ_03E,LOC_EEZ_1578
LIM_EEZ_03E,LOC_EEZ_1579
LIM_EEZ_03E,LOC_EEZ_1580
LIM_EEZ_03E,LOC_EEZ_1581
LIM_EEZ_03E,LOC_EEZ_1582
LIM_EEZ_03E,LOC_EEZ_1583
LIM_EEZ_03E,LOC_EEZ_1584
LIM_EEZ_03E,LOC_EEZ_1585
LIM_EEZ_03E,LOC_EEZ_1586
LIM_EEZ_03E,LOC_EEZ_1587
LIM_EEZ_03E,LOC_EEZ_1588
LIM_EEZ_03E,LOC_EEZ_1589
LIM_EEZ_03E,LOC_EEZ_1590
LIM_EEZ_03E,LOC_EEZ_1591
LIM_EEZ_03E,LOC_EEZ_1592
LIM_EEZ_03E,LOC_EEZ_1593
LIM_EEZ_03E,LOC_EEZ_1594
LIM_EEZ_03E,LOC_EEZ_1595
LIM_EEZ_03E,LOC_EEZ_1596
LIM_EEZ_03E,LOC_EEZ_1597
LIM_EEZ_03E,LOC_EEZ_1598
LIM_EEZ_03E,LOC_EEZ_1599
LIM_EEZ_03E,LOC_EEZ_1600
LIM_EEZ_03E,LOC_EEZ_1601
LIM_EEZ_03E,LOC_EEZ_1602
LIM_EEZ_03E,LOC_EEZ_1603
LIM_EEZ_03E,LOC_EEZ_1604
LIM_EEZ_03E,LOC_EEZ_1605
LIM_EEZ_03E,LOC_EEZ_1606
LIM_EEZ_03E,LOC_EEZ_1607
LIM_EEZ_03E,LOC_EEZ_1608
LIM_EEZ_03E,LOC_EEZ_1609
LIM_EEZ_03E,LOC_EEZ_1610
LIM_EEZ_03E,LOC_EEZ_1611
LIM_EEZ_03E,LOC_EEZ_1612
LIM_EEZ_03E,LOC_EEZ_1613
LIM_EEZ_03E,LOC_EEZ_1614
LIM_EEZ_03E,LOC_EEZ_1615
LIM_EEZ_03E,LOC_EEZ_1616
LIM_EEZ_03E,LOC_EEZ_1617
LIM_EEZ_03E,LOC_EEZ_1618
LIM_EEZ_03E,LOC_EEZ_1619
LIM_EEZ_03E,LOC_EEZ_1620
LIM_EEZ_03E,LOC_EEZ_1621
LIM_EEZ_03E,LOC_EEZ_1622
LIM_EEZ_03E,LOC_EEZ_1623
LIM_EEZ_03E,LOC_EEZ_1624
LIM_EEZ_03E,LOC_EEZ_1625
LIM_EEZ_03E,LOC_EEZ_1626
LIM_EEZ_03E,LOC_EEZ_1627
LIM_EEZ_03E,LOC_EEZ_1628
LIM_EEZ_03E,LOC_EEZ_1629
LIM_EEZ_03E,LOC_EEZ_1630
LIM_EEZ_03E,LOC_EEZ_1631
LIM_EEZ_03E,LOC_EEZ_1632
LIM_EEZ_03E,LOC_EEZ_1633
LIM_EEZ_03E,LOC_EEZ_1634
LIM_EEZ_03E,LOC_EEZ_1635
LIM_EEZ_03E,LOC_EEZ_1636
LIM_EEZ_03E,LOC_EEZ_1637
LIM_EEZ_03E,LOC_EEZ_1638
LIM_EEZ_03E,LOC_EEZ_1639
LIM_EEZ_03E,LOC_EEZ_1640
LIM_EEZ_03E,LOC_EEZ_1641
LIM_EEZ_03E,LOC_EEZ_1642
LIM_EEZ_03E,LOC_EEZ_1643
LIM_EEZ_03E,LOC_EEZ_1644
LIM_EEZ_03E,LOC_EEZ_1645
LIM_EEZ_03E,LOC_EEZ_1646
LIM_EEZ_03E,LOC_EEZ_1647
LIM_EEZ_03E,LOC_EEZ_1648
LIM_EEZ_03E,LOC_EEZ_1649
LIM_EEZ_03E,LOC_EEZ_1650
LIM_EEZ_03E,LOC_EEZ_1651
LIM_EEZ_03E,LOC_EEZ_1652
LIM_EEZ_03E,LOC_EEZ_1653
LIM_EEZ_03E,LOC_EEZ_1654
LIM_EEZ_03E,LOC_EEZ_1655
LIM_EEZ_03E,LOC_EEZ_1656
LIM_EEZ_03E,LOC_EEZ_1657
LIM_EEZ_03E,LOC_EEZ_1658
LIM_EEZ_03E,LOC_EEZ_1659
LIM_EEZ_03E,LOC_EEZ_1660
LIM_EEZ_03E,LOC_EEZ_1661
LIM_EEZ_03E,LOC_EEZ_1662
LIM_EEZ_03E,LOC_EEZ_1663
LIM_EEZ_03E,LOC_EEZ_1664
LIM_EEZ_03E,LOC_EEZ_1665
LIM_EEZ_03E,LOC_EEZ_1666
LIM_EEZ_03E,LOC_EEZ_1667
LIM_EEZ_03E,LOC_EEZ_1668
LIM_EEZ_03E,LOC_EEZ_1669
LIM_EEZ_03E,LOC_EEZ_1670
LIM_EEZ_03E,LOC_EEZ_1671
LIM_EEZ_03E,LOC_EEZ_1672
LIM_EEZ_03E,LOC_EEZ_1673
LIM_EEZ_03E,LOC_EEZ_1674
LIM_EEZ_03E,LOC_EEZ_1675
LIM_EEZ_03E,LOC_EEZ_1676
LIM_EEZ_03E,LOC_EEZ_1677
LIM_EEZ_03E,LOC_EEZ_1678
LIM_EEZ_03E,LOC_EEZ_1679
LIM_EEZ_03E,LOC_EEZ_1680
LIM_EEZ_03E,LOC_EEZ_1681
LIM_EEZ_03E,LOC_EEZ_1682
LIM_EEZ_03E,LOC_EEZ_1683
LIM_EEZ_03E,LOC_EEZ_1684
LIM_EEZ_03E,LOC_EEZ_1685
LIM_EEZ_03E,LOC_EEZ_1686
LIM_EEZ_03E,LOC_EEZ_1687
LIM_EEZ_03E,LOC_EEZ_1688
LIM_EEZ_03E,LOC_EEZ_1689
LIM_EEZ_03E,LOC_EEZ_1690
LIM_EEZ_03E,LOC_EEZ_1691
LIM_EEZ_03E,LOC_EEZ_1692
LIM_EEZ_03E,LOC_EEZ_1693
LIM_EEZ_03E,LOC_EEZ_1694
LIM_EEZ_03E,LOC_EEZ_1695
LIM_EEZ_03E,LOC_EEZ_1696
LIM_EEZ_03E,LOC_EEZ_1697
LIM_EEZ_03E,LOC_EEZ_1698
LIM_EEZ_03E,LOC_EEZ_1699
LIM_EEZ_03E,LOC_EEZ_1700
LIM_EEZ_03E,LOC_EEZ_1701
LIM_EEZ_03E,LOC_EEZ_1702
LIM_EEZ_03E,LOC_EEZ_1703
LIM_EEZ_03E,LOC_EEZ_1704
LIM_EEZ_03E,LOC_EEZ_1705
LIM_EEZ_03E,LOC_EEZ_1706
LIM_EEZ_03E,LOC_EEZ_1707
LIM_EEZ_03E,LOC_EEZ_1708
LIM_EEZ_03E,LOC_EEZ_1709
LIM_EEZ_03E,LOC_EEZ_1710
LIM_EEZ_03E,LOC_EEZ_1711
LIM_EEZ_03E,LOC_EEZ_1712
LIM_EEZ_03E,LOC_EEZ_1713
LIM_EEZ_03E,LOC_EEZ_1714
LIM_EEZ_03E,LOC_EEZ_1715
LIM_EEZ_03E,LOC_EEZ_1716
LIM_EEZ_03E,LOC_EEZ_1717
LIM_EEZ_03E,LOC_EEZ_1718
LIM_EEZ_03E,LOC_EEZ_1719
LIM_EEZ_03E,LOC_EEZ_1720
LIM_EEZ_03E,LOC_EEZ_1721
LIM_EEZ_03E,LOC_EEZ_1722
LIM_EEZ_03E,LOC_EEZ_1723
LIM_EEZ_03E,LOC_EEZ_1724
LIM_EEZ_03E,LOC_EEZ_1725
LIM_EEZ_03E,LOC_EEZ_1726
LIM_EEZ_03E,LOC_EEZ_1727
LIM_EEZ_03E,LOC_EEZ_1728
LIM_EEZ_03E,LOC_EEZ_1729
LIM_EEZ_03E,LOC_EEZ_1730
LIM_EEZ_03E,LOC_EEZ_1731
LIM_EEZ_03E,LOC_EEZ_1732
LIM_EEZ_03E,LOC_EEZ_1733
LIM_EEZ_03E,LOC_EEZ_1734
LIM_EEZ_03E,LOC_EEZ_1735
LIM_EEZ_03E,LOC_EEZ_1736
LIM_EEZ_03E,LOC_EEZ_1737
LIM_EEZ_03E,LOC_EEZ_1738
LIM_EEZ_03E,LOC_EEZ_1739
LIM_EEZ_03E,LOC_EEZ_1740
LIM_EEZ_03E,LOC_EEZ_1741
LIM_EEZ_03E,LOC_EEZ_1742
LIM_EEZ_03E,LOC_EEZ_1743
LIM_EEZ_03E,LOC_EEZ_1744
LIM_EEZ_03E,LOC_EEZ_1745
LIM_EEZ_03E,LOC_EEZ_1746
LIM_EEZ_03E,LOC_EEZ_1747
LIM_EEZ_03E,LOC_EEZ_1748
LIM_EEZ_03E,LOC_EEZ_1749
LIM_EEZ_03E,LOC_EEZ_1750
LIM_EEZ_03E,LOC_EEZ_1751
LIM_EEZ_03E,LOC_EEZ_1752
LIM_EEZ_03E,LOC_EEZ_1753
LIM_EEZ_03E,LOC_EEZ_1754
LIM_EEZ_03E,LOC_EEZ_1755
LIM_EEZ_03E,LOC_EEZ_1756
LIM_EEZ_03E,LOC_EEZ_1757
LIM_EEZ_03E,LOC_EEZ_1758
LIM_EEZ_03E,LOC_EEZ_1759
LIM_EEZ_03E,LOC_EEZ_1760
LIM_EEZ_03E,LOC_EEZ_1761
LIM_EEZ_03E,LOC_EEZ_1762
LIM_EEZ_03E,LOC_EEZ_1763
LIM_EEZ_03E,LOC_EEZ_1764
LIM_EEZ_03E,LOC_EEZ_1765
LIM_EEZ_03E,LOC_EEZ_1766
LIM_EEZ_03E,LOC_EEZ_1767
LIM_EEZ_03E,LOC_EEZ_1768
LIM_EEZ_03E,LOC_EEZ_1769
LIM_EEZ_03E,LOC_EEZ_1770
LIM_EEZ_03E,LOC_EEZ_1771
LIM_EEZ_03E,LOC_EEZ_1772
LIM_EEZ_03E,LOC_EEZ_1773
LIM_EEZ_03E,LOC_EEZ_1774
LIM_EEZ_03E,LOC_EEZ_1775
LIM_EEZ_03E,LOC_EEZ_1776
LIM_EEZ_03E,LOC_EEZ_1777
LIM_EEZ_03E,LOC_EEZ_1778
LIM_EEZ_03E,LOC_EEZ_1779
LIM_EEZ_03E,LOC_EEZ_1780
LIM_EEZ_03E,LOC_EEZ_1781
LIM_EEZ_03E,LOC_EEZ_1782
LIM_EEZ_03E,LOC_EEZ_1783
LIM_EEZ_03E,LOC_EEZ_1784
LIM_EEZ_03E,LOC_EEZ_1785
LIM_EEZ_03E,LOC_EEZ_1786
LIM_EEZ_03E,LOC_EEZ_1787
LIM_EEZ_03E,LOC_EEZ_1788
LIM_EEZ_03E,LOC_EEZ_1789
LIM_EEZ_03E,LOC_EEZ_1790
LIM_EEZ_03E,LOC_EEZ_1791
LIM_EEZ_03E,LOC_EEZ_1792
LIM_EEZ_03E,LOC_EEZ_1793
LIM_EEZ_03E,LOC_EEZ_1794
LIM_EEZ_03E,LOC_EEZ_1795
LIM_EEZ_03E,LOC_EEZ_1796
LIM_EEZ_03E,LOC_EEZ_1797
LIM_EEZ_03E,LOC_EEZ_1798
LIM_EEZ_03E,LOC_EEZ_1799
LIM_EEZ_03E,LOC_EEZ_1800
LIM_EEZ_03E,LOC_EEZ_1801
LIM_EEZ_03E,LOC_EEZ_1802
LIM_EEZ_03E,LOC_EEZ_1803
LIM_EEZ_03E,LOC_EEZ_1804
LIM_EEZ_03E,LOC_EEZ_1805
LIM_EEZ_03E,LOC_EEZ_1806
LIM_EEZ_03E,LOC_EEZ_1807
LIM_EEZ_03E,LOC_EEZ_1808
LIM_EEZ_03E,LOC_EEZ_1809
LIM_EEZ_03E,LOC_EEZ_1810
LIM_EEZ_03E,LOC_EEZ_1811
LIM_EEZ_03E,LOC_EEZ_1812
LIM_EEZ_03E,LOC_EEZ_1813
LIM_EEZ_03E,LOC_EEZ_1814
LIM_EEZ_03E,LOC_EEZ_1815
LIM_EEZ_03E,LOC_EEZ_1816
LIM_EEZ_03E,LOC_EEZ_1817
LIM_EEZ_03E,LOC_EEZ_1818
LIM_EEZ_03E,LOC_EEZ_1819
LIM_EEZ_03E,LOC_EEZ_1820
LIM_EEZ_03E,LOC_EEZ_1821
LIM_EEZ_03E,LOC_EEZ_1822
LIM_EEZ_03E,LOC_EEZ_1823
LIM_EEZ_03E,LOC_EEZ_1824
LIM_EEZ_03E,LOC_EEZ_1825
LIM_EEZ_03E,LOC_EEZ_1826
LIM_EEZ_03E,LOC_EEZ_1827
LIM_EEZ_03E,LOC_EEZ_1828
LIM_EEZ_03E,LOC_EEZ_1829
LIM_EEZ_03E,LOC_EEZ_1830
LIM_EEZ_03E,LOC_EEZ_1831
LIM_EEZ_03E,LOC_EEZ_1832
LIM_EEZ_03E,LOC_EEZ_1833
LIM_EEZ_03E,LOC_EEZ_1834
LIM_EEZ_03E,LOC_EEZ_1835
LIM_EEZ_03E,LOC_EEZ_1836
LIM_EEZ_03E,LOC_EEZ_1837
LIM_EEZ_03E,LOC_EEZ_1838
LIM_EEZ_03E,LOC_EEZ_1839
LIM_EEZ_03E,LOC_EEZ_1840
LIM_EEZ_03E,LOC_EEZ_1841
LIM_EEZ_03E,LOC_EEZ_1842
LIM_EEZ_03E,LOC_EEZ_1843
LIM_EEZ_03E,LOC_EEZ_1844
LIM_EEZ_03E,LOC_EEZ_1845
LIM_EEZ_03E,LOC_EEZ_1846
LIM_EEZ_03E,LOC_EEZ_1847
LIM_EEZ_03E,LOC_EEZ_1848
LIM_EEZ_03E,LOC_EEZ_1849
LIM_EEZ_03E,LOC_EEZ_1850
LIM_EEZ_03E,LOC_EEZ_1851
LIM_EEZ_03E,LOC_EEZ_1852
LIM_EEZ_03E,LOC_EEZ_1853
LIM_EEZ_03E,LOC_EEZ_1854
LIM_EEZ_03E,LOC_EEZ_1855
LIM_EEZ_03E,LOC_EEZ_1856
LIM_EEZ_03E,LOC_EEZ_1857
LIM_EEZ_03E,LOC_EEZ_1858
LIM_EEZ_03E,LOC_EEZ_1859
LIM_EEZ_03E,LOC_EEZ_1860
LIM_EEZ_03E,LOC_EEZ_1861
LIM_EEZ_03E,LOC_EEZ_1862
LIM_EEZ_03E,LOC_EEZ_1863
LIM_EEZ_03E,LOC_EEZ_1864
LIM_EEZ_03E,LOC_EEZ_1865
LIM_EEZ_03E,LOC_EEZ_1866
LIM_EEZ_03E,LOC_EEZ_1867
LIM_EEZ_03E,LOC_EEZ_1868
LIM_EEZ_03E,LOC_EEZ_1869
LIM_EEZ_03E,LOC_EEZ_1870
LIM_EEZ_03E,LOC_EEZ_1871
LIM_EEZ_03E,LOC_EEZ_1872
LIM_EEZ_03E,LOC_EEZ_1873
LIM_EEZ_03E,LOC_EEZ_1874
LIM_EEZ_03E,LOC_EEZ_1875
LIM_EEZ_03E,LOC_EEZ_1876
LIM_EEZ_03E,LOC_EEZ_1877
LIM_EEZ_03E,LOC_EEZ_1878
LIM_EEZ_03E,LOC_EEZ_1879
LIM_EEZ_03E,LOC_EEZ_1880
LIM_EEZ_03E,LOC_EEZ_1881
LIM_EEZ_03E,LOC_EEZ_1882
LIM_EEZ_03E,LOC_EEZ_1883
LIM_EEZ_03E,LOC_EEZ_1884
LIM_EEZ_03E,LOC_EEZ_1885
LIM_EEZ_03E,LOC_EEZ_1886
LIM_EEZ_03E,LOC_EEZ_1887
LIM_EEZ_03E,LOC_EEZ_1888
LIM_EEZ_03E,LOC_EEZ_1889
LIM_EEZ_03E,LOC_EEZ_1890
LIM_EEZ_03E,LOC_EEZ_1891
LIM_EEZ_03E,LOC_EEZ_1892
LIM_EEZ_03E,LOC_EEZ_1893
LIM_EEZ_03E,LOC_EEZ_1894
LIM_EEZ_03E,LOC_EEZ_1895
LIM_EEZ_03E,LOC_EEZ_1896
LIM_EEZ_03E,LOC_EEZ_1897
LIM_EEZ_03E,LOC_EEZ_1898
LIM_EEZ_03E,LOC_EEZ_1899
LIM_EEZ_03E,LOC_EEZ_1900
LIM_EEZ_03E,LOC_EEZ_1901
LIM_EEZ_03E,LOC_EEZ_1902
LIM_EEZ_03E,LOC_EEZ_1903
LIM_EEZ_03E,LOC_EEZ_1904
LIM_EEZ_03E,LOC_EEZ_1905
LIM_EEZ_03E,LOC_EEZ_1906
LIM_EEZ_03E,LOC_EEZ_1907
LIM_EEZ_03E,LOC_EEZ_1908
LIM_EEZ_03E,LOC_EEZ_1909
LIM_EEZ_03E,LOC_EEZ_1910
LIM_EEZ_03E,LOC_EEZ_1911
LIM_EEZ_03E,LOC_EEZ_1912
LIM_EEZ_03E,LOC_EEZ_1913
LIM_EEZ_03E,LOC_EEZ_1914
LIM_EEZ_03E,LOC_EEZ_1915
LIM_EEZ_03E,LOC_EEZ_1916
LIM_EEZ_03E,LOC_EEZ_1917
LIM_EEZ_03E,LOC_EEZ_1918
LIM_EEZ_03E,LOC_EEZ_1919
LIM_EEZ_03E,LOC_EEZ_1920
LIM_EEZ_03E,LOC_EEZ_1921
LIM_EEZ_03E,LOC_EEZ_1922
LIM_EEZ_03E,LOC_EEZ_1923
LIM_EEZ_03E,LOC_EEZ_1924
LIM_EEZ_03E,LOC_EEZ_1925
LIM_EEZ_03E,LOC_EEZ_1926
LIM_EEZ_03E,LOC_EEZ_1927
LIM_EEZ_03E,LOC_EEZ_1928
LIM_EEZ_03E,LOC_EEZ_1929
LIM_EEZ_03E,LOC_EEZ_1930
LIM_EEZ_03E,LOC_EEZ_1931
LIM_EEZ_03E,LOC_EEZ_1932
LIM_EEZ_03E,LOC_EEZ_1933
LIM_EEZ_03E,LOC_EEZ_1934
LIM_EEZ_03E,LOC_EEZ_1935
LIM_EEZ_03E,LOC_EEZ_1936
LIM_EEZ_03E,LOC_EEZ_1937
LIM_EEZ_03E,LOC_EEZ_1938
LIM_EEZ_03E,LOC_EEZ_1939
LIM_EEZ_03E,LOC_EEZ_1940
LIM_EEZ_03E,LOC_EEZ_1941
LIM_EEZ_03E,LOC_EEZ_1942
LIM_EEZ_03E,LOC_EEZ_1943
LIM_EEZ_03E,LOC_EEZ_1944
LIM_EEZ_03E,LOC_EEZ_1945
LIM_EEZ_03E,LOC_EEZ_1946
LIM_EEZ_03E,LOC_EEZ_1947
LIM_EEZ_03E,LOC_EEZ_1948
LIM_EEZ_03E,LOC_EEZ_1949
LIM_EEZ_03E,LOC_EEZ_1950
LIM_EEZ_03E,LOC_EEZ_1951
LIM_EEZ_03E,LOC_EEZ_1952
LIM_EEZ_03E,LOC_EEZ_1953
LIM_EEZ_03E,LOC_EEZ_1954
LIM_EEZ_03E,LOC_EEZ_1955
LIM_EEZ_03E,LOC_EEZ_1956
LIM_EEZ_03E,LOC_EEZ_1957
LIM_EEZ_03E,LOC_EEZ_1958
LIM_EEZ_03E,LOC_EEZ_1959
LIM_EEZ_03E,LOC_EEZ_1960
LIM_EEZ_03E,LOC_EEZ_1961
LIM_EEZ_03E,LOC_EEZ_1962
LIM_EEZ_03E,LOC_EEZ_1963
LIM_EEZ_03E,LOC_EEZ_1964
LIM_EEZ_03E,LOC_EEZ_1965
LIM_EEZ_03E,LOC_EEZ_1966
LIM_EEZ_03E,LOC_EEZ_1967
LIM_EEZ_03E,LOC_EEZ_1968
LIM_EEZ_03E,LOC_EEZ_1969
LIM_EEZ_03E,LOC_EEZ_1970
LIM_EEZ_03E,LOC_EEZ_1971
LIM_EEZ_03E,LOC_EEZ_1972
LIM_EEZ_03E,LOC_EEZ_1973
LIM_EEZ_03E,LOC_EEZ_1974
LIM_EEZ_03E,LOC_EEZ_1975
LIM_EEZ_03E,LOC_EEZ_1976
LIM_EEZ_03E,LOC_EEZ_1977
LIM_EEZ_03E,LOC_EEZ_1978
LIM_EEZ_03E,LOC_EEZ_1979
LIM_EEZ_03E,LOC_EEZ_1980
LIM_EEZ_03E,LOC_EEZ_1981
LIM_EEZ_03E,LOC_EEZ_1982
LIM_EEZ_03E,LOC_EEZ_1983
LIM_EEZ_03E,LOC_EEZ_1984
LIM_EEZ_03E,LOC_EEZ_1985
LIM_EEZ_03E,LOC_EEZ_1986
LIM_EEZ_03E,LOC_EEZ_1987
LIM_EEZ_03E,LOC_EEZ_1988
LIM_EEZ_03E,LOC_EEZ_1989
LIM_EEZ_03E,LOC_EEZ_1990
LIM_EEZ_03E,LOC_EEZ_1991
LIM_EEZ_03E,LOC_EEZ_1992
LIM_EEZ_03E,LOC_EEZ_1993
LIM_EEZ_03E,LOC_EEZ_1994
LIM_EEZ_03E,LOC_EEZ_1995
LIM_EEZ_03E,LOC_EEZ_1996
LIM_EEZ_03E,LOC_EEZ_1997
LIM_EEZ_03E,LOC_EEZ_1998
LIM_EEZ_03E,LOC_EEZ_1999
LIM_EEZ_03E,LOC_EEZ_2000
LIM_EEZ_03E,LOC_EEZ_2001
LIM_EEZ_03E,LOC_EEZ_2002
LIM_EEZ_03E,LOC_EEZ_2003
LIM_EEZ_03E,LOC_EEZ_2004
LIM_EEZ_03E,LOC_EEZ_2005
LIM_EEZ_03E,LOC_EEZ_2006
LIM_EEZ_03E,LOC_EEZ_2007
LIM_EEZ_03E,LOC_EEZ_2008
LIM_EEZ_03E,LOC_EEZ_2009
LIM_EEZ_03E,LOC_EEZ_2010
LIM_EEZ_03E,LOC_EEZ_2011
LIM_EEZ_03E,LOC_EEZ_2012
LIM_EEZ_03E,LOC_EEZ_2013
LIM_EEZ_03E,LOC_EEZ_2014
LIM_EEZ_03E,LOC_EEZ_2015
LIM_EEZ_03E,LOC_EEZ_2016
LIM_EEZ_03E,LOC_EEZ_2017
LIM_EEZ_03E,LOC_EEZ_2018
LIM_EEZ_03E,LOC_EEZ_2019
LIM_EEZ_03E,LOC_EEZ_2020
LIM_EEZ_03E,LOC_EEZ_2021
LIM_EEZ_03E,LOC_EEZ_2022
LIM_EEZ_03E,LOC_EEZ_2023
LIM_EEZ_03E,LOC_EEZ_2024
LIM_EEZ_03E,LOC_EEZ_2025
LIM_EEZ_03E,LOC_EEZ_2026
LIM_EEZ_03E,LOC_EEZ_2027
LIM_EEZ_03E,LOC_EEZ_2028
LIM_EEZ_03E,LOC_EEZ_2029
LIM_EEZ_03E,LOC_EEZ_2030
LIM_EEZ_03E,LOC_EEZ_2031
LIM_EEZ_03E,LOC_EEZ_2032
LIM_EEZ_03E,LOC_EEZ_2033
LIM_EEZ_03E,LOC_EEZ_2034
LIM_EEZ_03E,LOC_EEZ_2035
LIM_EEZ_03E,LOC_EEZ_2036
LIM_EEZ_03E,LOC_EEZ_2037
LIM_EEZ_03E,LOC_EEZ_2038
LIM_EEZ_03E,LOC_EEZ_2039
LIM_EEZ_03E,LOC_EEZ_2040
LIM_EEZ_03E,LOC_EEZ_2041
LIM_EEZ_03E,LOC_EEZ_2042
LIM_EEZ_03E,LOC_EEZ_2043
LIM_EEZ_03E,LOC_EEZ_2044
LIM_EEZ_03E,LOC_EEZ_2045
LIM_EEZ_03E,LOC_EEZ_2046
LIM_EEZ_03E,LOC_EEZ_2047
LIM_EEZ_03E,LOC_EEZ_2048
LIM_EEZ_03E,LOC_EEZ_2049
LIM_EEZ_03E,LOC_EEZ_2050
LIM_EEZ_03E,LOC_EEZ_2051
LIM_EEZ_03E,LOC_EEZ_2052
LIM_EEZ_03E,LOC_EEZ_2053
LIM_EEZ_03E,LOC_EEZ_2054
LIM_EEZ_03E,LOC_EEZ_2055
LIM_EEZ_03E,LOC_EEZ_2056
LIM_EEZ_03E,LOC_EEZ_2057
LIM_EEZ_03E,LOC_EEZ_2058
LIM_EEZ_03E,LOC_EEZ_2059
LIM_EEZ_03E,LOC_EEZ_2060
LIM_EEZ_03E,LOC_EEZ_2061
LIM_EEZ_03E,LOC_EEZ_2062
LIM_EEZ_03E,LOC_EEZ_2063
LIM_EEZ_03E,LOC_EEZ_2064
LIM_EEZ_03E,LOC_EEZ_2065
LIM_EEZ_03E,LOC_EEZ_2066
LIM_EEZ_03E,LOC_EEZ_2067
LIM_EEZ_03E,LOC_EEZ_2068
LIM_EEZ_03E,LOC_EEZ_2069
LIM_EEZ_03E,LOC_EEZ_2070
LIM_EEZ_03E,LOC_EEZ_2071
LIM_EEZ_03E,LOC_EEZ_2072
LIM_EEZ_03E,LOC_EEZ_2073
LIM_EEZ_03E,LOC_EEZ_2074
LIM_EEZ_03E,LOC_EEZ_2075
LIM_EEZ_03E,LOC_EEZ_2076
LIM_EEZ_03E,LOC_EEZ_2077
LIM_EEZ_03E,LOC_EEZ_2078
LIM_EEZ_03E,LOC_EEZ_2079
LIM_EEZ_03E,LOC_EEZ_2080
LIM_EEZ_03E,LOC_EEZ_2081
LIM_EEZ_03E,LOC_EEZ_2082
LIM_EEZ_03E,LOC_EEZ_2083
LIM_EEZ_03E,LOC_EEZ_2084
LIM_EEZ_03E,LOC_EEZ_2085
LIM_EEZ_03E,LOC_EEZ_2086
LIM_EEZ_03E,LOC_EEZ_2087
LIM_EEZ_03E,LOC_EEZ_2088
LIM_EEZ_03E,LOC_EEZ_2089
LIM_EEZ_03E,LOC_EEZ_2090
LIM_EEZ_03E,LOC_EEZ_2091
LIM_EEZ_03E,LOC_EEZ_2092
LIM_EEZ_03E,LOC_EEZ_2093
LIM_EEZ_03E,LOC_EEZ_2094
LIM_EEZ_03E,LOC_EEZ_2095
LIM_EEZ_03E,LOC_EEZ_2096
LIM_EEZ_03E,LOC_EEZ_2097
LIM_EEZ_03E,LOC_EEZ_2098
LIM_EEZ_03E,LOC_EEZ_2099
LIM_EEZ_03E,LOC_EEZ_2100
LIM_EEZ_03E,LOC_EEZ_2101
LIM_EEZ_03E,LOC_EEZ_2102
LIM_EEZ_03E,LOC_EEZ_2103
LIM_EEZ_03E,LOC_EEZ_2104
LIM_EEZ_03E,LOC_EEZ_2105
LIM_EEZ_03E,LOC_EEZ_2106
LIM_EEZ_03E,LOC_EEZ_2107
LIM_EEZ_03E,LOC_EEZ_2108
LIM_EEZ_03E,LOC_EEZ_2109
LIM_EEZ_03E,LOC_EEZ_2110
LIM_EEZ_03E,LOC_EEZ_2111
LIM_EEZ_03E,LOC_EEZ_2112
LIM_EEZ_03E,LOC_EEZ_2113
LIM_EEZ_03E,LOC_EEZ_2114
LIM_EEZ_03E,LOC_EEZ_2115
LIM_EEZ_03E,LOC_EEZ_2116
LIM_EEZ_03E,LOC_EEZ_2117
LIM_EEZ_03E,LOC_EEZ_2118
LIM_EEZ_03E,LOC_EEZ_2119
LIM_EEZ_03E,LOC_EEZ_2120
LIM_EEZ_03E,LOC_EEZ_2121
LIM_EEZ_03E,LOC_EEZ_2122
LIM_EEZ_03E,LOC_EEZ_2123
LIM_EEZ_03E,LOC_EEZ_2124
LIM_EEZ_03E,LOC_EEZ_2125
LIM_EEZ_03E,LOC_EEZ_2126
LIM_EEZ_03E,LOC_EEZ_2127
LIM_EEZ_03E,LOC_EEZ_2128
LIM_EEZ_03E,LOC_EEZ_2129
LIM_EEZ_03E,LOC_EEZ_2130
LIM_EEZ_03E,LOC_EEZ_2131
LIM_EEZ_03E,LOC_EEZ_2132
LIM_EEZ_03E,LOC_EEZ_2133
LIM_EEZ_03E,LOC_EEZ_2134
LIM_EEZ_03E,LOC_EEZ_2135
LIM_EEZ_03E,LOC_EEZ_2136
LIM_EEZ_03E,LOC_EEZ_2137
LIM_EEZ_03E,LOC_EEZ_2138
LIM_EEZ_03E,LOC_EEZ_2139
LIM_EEZ_03E,LOC_EEZ_2140
LIM_EEZ_03E,LOC_EEZ_2141
LIM_EEZ_03E,LOC_EEZ_2142
LIM_EEZ_03E,LOC_EEZ_2143
LIM_EEZ_03E,LOC_EEZ_2144
LIM_EEZ_03E,LOC_EEZ_2145
LIM_EEZ_03E,LOC_EEZ_2146
LIM_EEZ_03E,LOC_EEZ_2147
LIM_EEZ_03E,LOC_EEZ_2148
LIM_EEZ_03E,LOC_EEZ_2149
LIM_EEZ_03E,LOC_EEZ_2150
LIM_EEZ_03E,LOC_EEZ_2151
LIM_EEZ_03E,LOC_EEZ_2152
LIM_EEZ_03E,LOC_EEZ_2153
LIM_EEZ_03E,LOC_EEZ_2154
LIM_EEZ_03E,LOC_EEZ_2155
LIM_EEZ_03E,LOC_EEZ_2156
LIM_EEZ_03E,LOC_EEZ_2157
LIM_EEZ_03E,LOC_EEZ_2158
LIM_EEZ_03E,LOC_EEZ_2159
LIM_EEZ_03E,LOC_EEZ_2160
LIM_EEZ_03E,LOC_EEZ_2161
LIM_EEZ_03E,LOC_EEZ_2162
LIM_EEZ_03E,LOC_EEZ_2163
LIM_EEZ_03E,LOC_EEZ_2164
LIM_EEZ_03E,LOC_EEZ_2165
LIM_EEZ_03E,LOC_EEZ_2166
LIM_EEZ_03E,LOC_EEZ_2167
LIM_EEZ_03E,LOC_EEZ_2168
LIM_EEZ_03E,LOC_EEZ_2169
LIM_EEZ_03E,LOC_EEZ_2170
LIM_EEZ_03E,LOC_EEZ_2171
LIM_EEZ_03E,LOC_EEZ_2172
LIM_EEZ_03E,LOC_EEZ_2173
LIM_EEZ_03E,LOC_EEZ_2174
LIM_EEZ_03E,LOC_EEZ_2175
LIM_EEZ_03E,LOC_EEZ_2176
LIM_EEZ_03E,LOC_EEZ_2177
LIM_EEZ_03E,LOC_EEZ_2178
LIM_EEZ_03E,LOC_EEZ_2179
LIM_EEZ_03E,LOC_EEZ_2180
LIM_EEZ_03E,LOC_EEZ_2181
LIM_EEZ_03E,LOC_EEZ_2182
LIM_EEZ_03E,LOC_EEZ_2183
LIM_EEZ_03E,LOC_EEZ_2184
LIM_EEZ_03E,LOC_EEZ_2185
LIM_EEZ_03E,LOC_EEZ_2186
LIM_EEZ_03E,LOC_EEZ_2187
LIM_EEZ_03E,LOC_EEZ_2188
LIM_EEZ_03E,LOC_EEZ_2189
LIM_EEZ_03E,LOC_EEZ_2190
LIM_EEZ_03E,LOC_EEZ_2191
LIM_EEZ_03E,LOC_EEZ_2192
LIM_EEZ_03E,LOC_EEZ_2193
LIM_EEZ_03E,LOC_EEZ_2194
LIM_EEZ_03E,LOC_EEZ_2195
LIM_EEZ_03E,LOC_EEZ_2196
LIM_EEZ_03E,LOC_EEZ_2197
LIM_EEZ_03E,LOC_EEZ_2198
LIM_EEZ_03E,LOC_EEZ_2199
LIM_EEZ_03E,LOC_EEZ_2200
LIM_EEZ_03E,LOC_EEZ_2201
LIM_EEZ_03E,LOC_EEZ_2202
LIM_EEZ_03E,LOC_EEZ_2203
LIM_EEZ_03E,LOC_EEZ_2204
LIM_EEZ_03E,LOC_EEZ_2205
LIM_EEZ_03E,LOC_EEZ_2206
LIM_EEZ_03E,LOC_EEZ_2207
LIM_EEZ_03E,LOC_EEZ_2208
LIM_EEZ_03E,LOC_EEZ_2209
LIM_EEZ_03E,LOC_EEZ_2210
LIM_EEZ_03E,LOC_EEZ_2211
LIM_EEZ_03E,LOC_EEZ_2212
LIM_EEZ_03E,LOC_EEZ_2213
LIM_EEZ_03E,LOC_EEZ_9380
LIM_EEZ_03E,LOC_EEZ_3653
LIM_EEZ_03E,LOC_EEZ_3654
LIM_EEZ_03E,LOC_EEZ_3655
LIM_EEZ_03E,LOC_EEZ_3656
LIM_EEZ_03E,LOC_EEZ_3657
LIM_EEZ_03E,LOC_EEZ_3658
LIM_EEZ_03E,LOC_EEZ_3659
LIM_EEZ_03E,LOC_EEZ_3660
LIM_EEZ_03E,LOC_EEZ_3661
LIM_EEZ_03E,LOC_EEZ_3662
LIM_EEZ_03E,LOC_EEZ_3663
LIM_EEZ_03E,LOC_EEZ_3664
LIM_EEZ_03E,LOC_EEZ_3665
LIM_EEZ_03E,LOC_EEZ_3666
LIM_EEZ_03E,LOC_EEZ_3667
LIM_EEZ_03E,LOC_EEZ_3668
LIM_EEZ_03E,LOC_EEZ_3669
LIM_EEZ_03E,LOC_EEZ_3670
LIM_EEZ_03E,LOC_EEZ_3671
LIM_EEZ_03E,LOC_EEZ_3672
LIM_EEZ_03E,LOC_EEZ_3673
LIM_EEZ_03E,LOC_EEZ_3674
LIM_EEZ_03E,LOC_EEZ_3675
LIM_EEZ_03E,LOC_EEZ_3676
LIM_EEZ_03E,LOC_EEZ_3677
LIM_EEZ_03E,LOC_EEZ_3678
LIM_EEZ_03E,LOC_EEZ_3679
LIM_EEZ_03E,LOC_EEZ_3680
LIM_EEZ_03E,LOC_EEZ_3681
LIM_EEZ_03E,LOC_EEZ_3682
LIM_EEZ_03E,LOC_EEZ_3683
LIM_EEZ_03E,LOC_EEZ_3684
LIM_EEZ_03E,LOC_EEZ_3685
LIM_EEZ_03E,LOC_EEZ_3686
LIM_EEZ_03E,LOC_EEZ_3687
LIM_EEZ_03E,LOC_EEZ_3688
LIM_EEZ_03E,LOC_EEZ_3689
LIM_EEZ_03E,LOC_EEZ_3690
LIM_EEZ_03E,LOC_EEZ_3691
LIM_EEZ_03E,LOC_EEZ_3692
LIM_EEZ_03E,LOC_EEZ_3693
LIM_EEZ_03E,LOC_EEZ_3694
LIM_EEZ_03E,LOC_EEZ_3695
LIM_EEZ_03E,LOC_EEZ_3696
LIM_EEZ_03E,LOC_EEZ_3697
LIM_EEZ_03E,LOC_EEZ_3698
LIM_EEZ_03E,LOC_EEZ_3699
LIM_EEZ_03E,LOC_EEZ_3700
LIM_EEZ_03E,LOC_EEZ_3701
LIM_EEZ_03E,LOC_EEZ_3702
LIM_EEZ_03E,LOC_EEZ_3703
LIM_EEZ_03E,LOC_EEZ_3704
LIM_EEZ_03E,LOC_EEZ_3705
LIM_EEZ_03E,LOC_EEZ_3706
LIM_EEZ_03E,LOC_EEZ_3707
LIM_EEZ_03E,LOC_EEZ_3708
LIM_EEZ_03E,LOC_EEZ_3709
LIM_EEZ_03E,LOC_EEZ_3710
LIM_EEZ_03E,LOC_EEZ_3711
LIM_EEZ_03E,LOC_EEZ_3712
LIM_EEZ_03E,LOC_EEZ_3713
LIM_EEZ_03E,LOC_EEZ_3714
LIM_EEZ_03E,LOC_EEZ_3715
LIM_EEZ_03E,LOC_EEZ_3716
LIM_EEZ_03E,LOC_EEZ_3717
LIM_EEZ_03E,LOC_EEZ_3718
LIM_EEZ_03E,LOC_EEZ_3719
LIM_EEZ_03E,LOC_EEZ_3720
LIM_EEZ_03E,LOC_EEZ_3721
LIM_EEZ_03E,LOC_EEZ_3722
LIM_EEZ_03E,LOC_EEZ_3723
LIM_EEZ_03E,LOC_EEZ_3724
LIM_EEZ_03E,LOC_EEZ_3725
LIM_EEZ_03E,LOC_EEZ_3726
LIM_EEZ_03E,LOC_EEZ_3727
LIM_EEZ_03E,LOC_EEZ_3728
LIM_EEZ_03E,LOC_EEZ_3729
LIM_EEZ_03E,LOC_EEZ_3730
LIM_EEZ_03E,LOC_EEZ_3731
LIM_EEZ_03E,LOC_EEZ_3732
LIM_EEZ_03E,LOC_EEZ_3733
LIM_EEZ_03E,LOC_EEZ_3734
LIM_EEZ_03E,LOC_EEZ_3735
LIM_EEZ_03E,LOC_EEZ_3736
LIM_EEZ_03E,LOC_EEZ_3737
LIM_EEZ_03E,LOC_EEZ_3738
LIM_EEZ_03E,LOC_EEZ_3739
LIM_EEZ_03E,LOC_EEZ_3740
LIM_EEZ_03E,LOC_EEZ_3741
LIM_EEZ_03E,LOC_EEZ_3742
LIM_EEZ_03E,LOC_EEZ_3743
LIM_EEZ_03E,LOC_EEZ_3744
LIM_EEZ_03E,LOC_EEZ_3745
LIM_EEZ_03E,LOC_EEZ_3746
LIM_EEZ_03E,LOC_EEZ_3747
LIM_EEZ_03E,LOC_EEZ_3748
LIM_EEZ_03E,LOC_EEZ_3749
LIM_EEZ_03E,LOC_EEZ_3750
LIM_EEZ_03E,LOC_EEZ_3751
LIM_EEZ_03E,LOC_EEZ_3752
LIM_EEZ_03E,LOC_EEZ_3753
LIM_EEZ_03E,LOC_EEZ_3754
LIM_EEZ_03E,LOC_EEZ_3755
LIM_EEZ_03E,LOC_EEZ_3756
LIM_EEZ_03E,LOC_EEZ_3757
LIM_EEZ_03E,LOC_EEZ_3758
LIM_EEZ_03E,LOC_EEZ_3759
LIM_EEZ_03E,LOC_EEZ_3760
LIM_EEZ_03E,LOC_EEZ_3761
LIM_EEZ_03E,LOC_EEZ_3762
LIM_EEZ_03E,LOC_EEZ_3763
LIM_EEZ_03E,LOC_EEZ_3764
LIM_EEZ_03E,LOC_EEZ_3765
LIM_EEZ_03E,LOC_EEZ_3766
LIM_EEZ_03E,LOC_EEZ_3767
LIM_EEZ_03E,LOC_EEZ_3768
LIM_EEZ_03E,LOC_EEZ_3769
LIM_EEZ_03E,LOC_EEZ_3770
LIM_EEZ_03E,LOC_EEZ_3771
LIM_EEZ_03E,LOC_EEZ_3772
LIM_EEZ_03E,LOC_EEZ_3773
LIM_EEZ_03E,LOC_EEZ_3774
LIM_EEZ_03E,LOC_EEZ_3775
LIM_EEZ_03E,LOC_EEZ_3776
LIM_EEZ_03E,LOC_EEZ_3777
LIM_EEZ_03E,LOC_EEZ_3778
LIM_EEZ_03E,LOC_EEZ_3779
LIM_EEZ_03E,LOC_EEZ_3780
LIM_EEZ_03E,LOC_EEZ_3781
LIM_EEZ_03E,LOC_EEZ_3782
LIM_EEZ_03E,LOC_EEZ_3783
LIM_EEZ_03E,LOC_EEZ_3784
LIM_EEZ_03E,LOC_EEZ_3785
LIM_EEZ_03E,LOC_EEZ_3786
LIM_EEZ_03E,LOC_EEZ_3787
LIM_EEZ_03E,LOC_EEZ_3788
LIM_EEZ_03E,LOC_EEZ_3789
LIM_EEZ_03E,LOC_EEZ_3790
LIM_EEZ_03E,LOC_EEZ_3791
LIM_EEZ_03E,LOC_EEZ_3792
LIM_EEZ_03E,LOC_EEZ_3793
LIM_EEZ_03E,LOC_EEZ_3794
LIM_EEZ_03E,LOC_EEZ_3795
LIM_EEZ_03E,LOC_EEZ_3796
LIM_EEZ_03E,LOC_EEZ_3797
LIM_EEZ_03E,LOC_EEZ_3798
LIM_EEZ_03E,LOC_EEZ_3799
LIM_EEZ_03E,LOC_EEZ_3800
LIM_EEZ_03E,LOC_EEZ_3801
LIM_EEZ_03E,LOC_EEZ_3802
LIM_EEZ_03E,LOC_EEZ_3803
LIM_EEZ_03E,LOC_EEZ_3804
LIM_EEZ_03E,LOC_EEZ_3805
LIM_EEZ_03E,LOC_EEZ_3806
LIM_EEZ_03E,LOC_EEZ_3807
LIM_EEZ_03E,LOC_EEZ_3808
LIM_EEZ_03E,LOC_EEZ_3809
LIM_EEZ_03E,LOC_EEZ_3810
LIM_EEZ_03E,LOC_EEZ_3811
LIM_EEZ_03E,LOC_EEZ_3812
LIM_EEZ_03E,LOC_EEZ_3813
LIM_EEZ_03E,LOC_EEZ_3814
LIM_EEZ_03E,LOC_EEZ_3815
LIM_EEZ_03E,LOC_EEZ_3816
LIM_EEZ_03E,LOC_EEZ_3817
LIM_EEZ_03E,LOC_EEZ_3818
LIM_EEZ_03E,LOC_EEZ_3819
LIM_EEZ_03E,LOC_EEZ_3820
LIM_EEZ_03E,LOC_EEZ_3821
LIM_EEZ_03E,LOC_EEZ_3822
LIM_EEZ_03E,LOC_EEZ_3823
LIM_EEZ_03E,LOC_EEZ_3824
LIM_EEZ_03E,LOC_EEZ_3825
LIM_EEZ_03E,LOC_EEZ_3826
LIM_EEZ_03E,LOC_EEZ_3827
LIM_EEZ_03E,LOC_EEZ_3828
LIM_EEZ_03E,LOC_EEZ_3829
LIM_EEZ_03E,LOC_EEZ_3830
LIM_EEZ_03E,LOC_EEZ_3831
LIM_EEZ_03E,LOC_EEZ_3832
LIM_EEZ_03E,LOC_EEZ_3833
LIM_EEZ_03E,LOC_EEZ_3834
LIM_EEZ_03E,LOC_EEZ_3835
LIM_EEZ_03E,LOC_EEZ_3836
LIM_EEZ_03E,LOC_EEZ_3837
LIM_EEZ_03E,LOC_EEZ_3838
LIM_EEZ_03E,LOC_EEZ_3839
LIM_EEZ_03E,LOC_EEZ_3840
LIM_EEZ_03E,LOC_EEZ_3841
LIM_EEZ_03E,LOC_EEZ_3842
LIM_EEZ_03E,LOC_EEZ_3843
LIM_EEZ_03E,LOC_EEZ_3844
LIM_EEZ_03E,LOC_EEZ_3845
LIM_EEZ_03E,LOC_EEZ_3846
LIM_EEZ_03E,LOC_EEZ_3847
LIM_EEZ_03E,LOC_EEZ_3848
LIM_EEZ_03E,LOC_EEZ_3849
LIM_EEZ_03E,LOC_EEZ_3850
LIM_EEZ_03E,LOC_EEZ_3851
LIM_EEZ_03E,LOC_EEZ_3852
LIM_EEZ_03E,LOC_EEZ_3853
LIM_EEZ_03E,LOC_EEZ_3854
LIM_EEZ_03E,LOC_EEZ_3855
LIM_EEZ_03E,LOC_EEZ_3856
LIM_EEZ_03E,LOC_EEZ_3857
LIM_EEZ_03E,LOC_EEZ_3858
LIM_EEZ_03E,LOC_EEZ_3859
LIM_EEZ_03E,LOC_EEZ_3860
LIM_EEZ_03E,LOC_EEZ_3861
LIM_EEZ_03E,LOC_EEZ_3862
LIM_EEZ_03E,LOC_EEZ_3863
LIM_EEZ_03E,LOC_EEZ_3864
LIM_EEZ_03E,LOC_EEZ_3865
LIM_EEZ_03E,LOC_EEZ_3866
LIM_EEZ_03E,LOC_EEZ_3867
LIM_EEZ_03E,LOC_EEZ_3868
LIM_EEZ_03E,LOC_EEZ_3869
LIM_EEZ_03E,LOC_EEZ_3870
LIM_EEZ_03E,LOC_EEZ_3871
LIM_EEZ_03E,LOC_EEZ_3872
LIM_EEZ_03E,LOC_EEZ_3873
LIM_EEZ_03E,LOC_EEZ_3874
LIM_EEZ_03E,LOC_EEZ_3875
LIM_EEZ_03E,LOC_EEZ_3876
LIM_EEZ_03E,LOC_EEZ_3877
LIM_EEZ_03E,LOC_EEZ_3878
LIM_EEZ_03E,LOC_EEZ_3879
LIM_EEZ_03E,LOC_EEZ_3880
LIM_EEZ_03E,LOC_EEZ_3881
LIM_EEZ_03E,LOC_EEZ_3882
LIM_EEZ_03E,LOC_EEZ_3883
LIM_EEZ_03E,LOC_EEZ_3884
LIM_EEZ_03E,LOC_EEZ_3885
LIM_EEZ_03E,LOC_EEZ_3886
LIM_EEZ_03E,LOC_EEZ_3887
LIM_EEZ_03E,LOC_EEZ_3888
LIM_EEZ_03E,LOC_EEZ_3889
LIM_EEZ_03E,LOC_EEZ_3890
LIM_EEZ_03E,LOC_EEZ_3891
LIM_EEZ_03E,LOC_EEZ_3892
LIM_EEZ_03E,LOC_EEZ_3893
LIM_EEZ_03E,LOC_EEZ_3894
LIM_EEZ_03E,LOC_EEZ_3895
LIM_EEZ_03E,LOC_EEZ_3896
LIM_EEZ_03E,LOC_EEZ_3897
LIM_EEZ_03E,LOC_EEZ_3898
LIM_EEZ_03E,LOC_EEZ_3899
LIM_EEZ_03E,LOC_EEZ_3900
LIM_EEZ_03E,LOC_EEZ_3901
LIM_EEZ_03E,LOC_EEZ_3902
LIM_EEZ_03E,LOC_EEZ_3903
LIM_EEZ_03E,LOC_EEZ_3904
LIM_EEZ_03E,LOC_EEZ_3905
LIM_EEZ_03E,LOC_EEZ_3906
LIM_EEZ_03E,LOC_EEZ_3907
LIM_EEZ_03E,LOC_EEZ_3908
LIM_EEZ_03E,LOC_EEZ_3909
LIM_EEZ_03E,LOC_EEZ_3910
LIM_EEZ_03E,LOC_EEZ_3911
LIM_EEZ_03E,LOC_EEZ_3912
LIM_EEZ_03E,LOC_EEZ_3913
LIM_EEZ_03E,LOC_EEZ_3914
LIM_EEZ_03E,LOC_EEZ_3915
LIM_EEZ_03E,LOC_EEZ_3916
LIM_EEZ_03E,LOC_EEZ_3917
LIM_EEZ_03E,LOC_EEZ_3918
LIM_EEZ_03E,LOC_EEZ_3919
LIM_EEZ_03E,LOC_EEZ_3920
LIM_EEZ_03E,LOC_EEZ_3921
LIM_EEZ_03E,LOC_EEZ_3922
LIM_EEZ_03E,LOC_EEZ_3923
LIM_EEZ_03E,LOC_EEZ_3924
LIM_EEZ_03E,LOC_EEZ_3925
LIM_EEZ_03E,LOC_EEZ_3926
LIM_EEZ_03E,LOC_EEZ_3927
LIM_EEZ_03E,LOC_EEZ_3928
LIM_EEZ_03E,LOC_EEZ_3929
LIM_EEZ_03E,LOC_EEZ_3930
LIM_EEZ_03E,LOC_EEZ_3931
LIM_EEZ_03E,LOC_EEZ_3932
LIM_EEZ_03E,LOC_EEZ_3933
LIM_EEZ_03E,LOC_EEZ_3934
LIM_EEZ_03E,LOC_EEZ_3935
LIM_EEZ_03E,LOC_EEZ_3936
LIM_EEZ_03E,LOC_EEZ_3937
LIM_EEZ_03E,LOC_EEZ_3938
LIM_EEZ_03E,LOC_EEZ_3939
LIM_EEZ_03E,LOC_EEZ_3940
LIM_EEZ_03E,LOC_EEZ_3941
LIM_EEZ_03E,LOC_EEZ_3942
LIM_EEZ_03E,LOC_EEZ_3943
LIM_EEZ_03E,LOC_EEZ_3944
LIM_EEZ_03E,LOC_EEZ_3945
LIM_EEZ_03E,LOC_EEZ_3946
LIM_EEZ_03E,LOC_EEZ_3947
LIM_EEZ_03E,LOC_EEZ_3948
LIM_EEZ_03E,LOC_EEZ_3949
LIM_EEZ_03E,LOC_EEZ_3950
LIM_EEZ_03E,LOC_EEZ_3951
LIM_EEZ_03E,LOC_EEZ_3952
LIM_EEZ_03E,LOC_EEZ_3953
LIM_EEZ_03E,LOC_EEZ_3954
LIM_EEZ_03E,LOC_EEZ_3955
LIM_EEZ_03E,LOC_EEZ_3956
LIM_EEZ_03E,LOC_EEZ_3957
LIM_EEZ_03E,LOC_EEZ_3958
LIM_EEZ_03E,LOC_EEZ_3959
LIM_EEZ_03E,LOC_EEZ_3960
LIM_EEZ_03E,LOC_EEZ_3961
LIM_EEZ_03E,LOC_EEZ_3962
LIM_EEZ_03E,LOC_EEZ_3963
LIM_EEZ_03E,LOC_EEZ_3964
LIM_EEZ_03E,LOC_EEZ_3965
LIM_EEZ_03E,LOC_EEZ_3966
LIM_EEZ_03E,LOC_EEZ_3967
LIM_EEZ_03E,LOC_EEZ_3968
LIM_EEZ_03E,LOC_EEZ_3969
LIM_EEZ_03E,LOC_EEZ_3970
LIM_EEZ_03E,LOC_EEZ_3971
LIM_EEZ_03E,LOC_EEZ_3972
LIM_EEZ_03E,LOC_EEZ_3973
LIM_EEZ_03E,LOC_EEZ_3974
LIM_EEZ_03E,LOC_EEZ_3975
LIM_EEZ_03E,LOC_EEZ_3976
LIM_EEZ_03E,LOC_EEZ_3977
LIM_EEZ_03E,LOC_EEZ_3978
LIM_EEZ_03E,LOC_EEZ_3979
LIM_EEZ_03E,LOC_EEZ_3980
LIM_EEZ_03E,LOC_EEZ_3981
LIM_EEZ_03E,LOC_EEZ_3982
LIM_EEZ_03E,LOC_EEZ_3983
LIM_EEZ_03E,LOC_EEZ_3984
LIM_EEZ_03E,LOC_EEZ_3985
LIM_EEZ_03E,LOC_EEZ_3986
LIM_EEZ_03E,LOC_EEZ_3987
LIM_EEZ_03E,LOC_EEZ_3988
LIM_EEZ_03E,LOC_EEZ_3989
LIM_EEZ_03E,LOC_EEZ_3990
LIM_EEZ_03E,LOC_EEZ_3991
LIM_EEZ_03E,LOC_EEZ_3992
LIM_EEZ_03E,LOC_EEZ_3993
LIM_EEZ_03E,LOC_EEZ_3994
LIM_EEZ_03E,LOC_EEZ_3995
LIM_EEZ_03E,LOC_EEZ_3996
LIM_EEZ_03E,LOC_EEZ_3997
LIM_EEZ_03E,LOC_EEZ_3998
LIM_EEZ_03E,LOC_EEZ_3999
LIM_EEZ_03E,LOC_EEZ_4000
LIM_EEZ_03E,LOC_EEZ_4001
LIM_EEZ_03E,LOC_EEZ_4002
LIM_EEZ_03E,LOC_EEZ_4003
LIM_EEZ_03E,LOC_EEZ_4004
LIM_EEZ_03E,LOC_EEZ_4005
LIM_EEZ_03E,LOC_EEZ_4006
LIM_EEZ_03E,LOC_EEZ_4007
LIM_EEZ_03E,LOC_EEZ_4008
LIM_EEZ_03E,LOC_EEZ_4009
LIM_EEZ_03E,LOC_EEZ_4010
LIM_EEZ_03E,LOC_EEZ_4011
LIM_EEZ_03E,LOC_EEZ_4012
LIM_EEZ_03E,LOC_EEZ_4013
LIM_EEZ_03E,LOC_EEZ_4014
LIM_EEZ_03E,LOC_EEZ_4015
LIM_EEZ_03E,LOC_EEZ_4016
LIM_EEZ_03E,LOC_EEZ_4017
LIM_EEZ_03E,LOC_EEZ_4018
LIM_EEZ_03E,LOC_EEZ_4019
LIM_EEZ_03E,LOC_EEZ_4020
LIM_EEZ_03E,LOC_EEZ_4021
LIM_EEZ_03E,LOC_EEZ_4022
LIM_EEZ_03E,LOC_EEZ_4023
LIM_EEZ_03E,LOC_EEZ_4024
LIM_EEZ_03E,LOC_EEZ_4025
LIM_EEZ_03E,LOC_EEZ_4026
LIM_EEZ_03E,LOC_EEZ_4027
LIM_EEZ_03E,LOC_EEZ_4028
LIM_EEZ_03E,LOC_EEZ_4029
LIM_EEZ_03E,LOC_EEZ_4030
LIM_EEZ_03E,LOC_EEZ_4031
LIM_EEZ_03E,LOC_EEZ_4032
LIM_EEZ_03E,LOC_EEZ_4033
LIM_EEZ_03E,LOC_EEZ_4034
LIM_EEZ_03E,LOC_EEZ_4035
LIM_EEZ_03E,LOC_EEZ_4036
LIM_EEZ_03E,LOC_EEZ_4037
LIM_EEZ_03E,LOC_EEZ_4038
LIM_EEZ_03E,LOC_EEZ_4039
LIM_EEZ_03E,LOC_EEZ_4040
LIM_EEZ_03E,LOC_EEZ_4041
LIM_EEZ_03E,LOC_EEZ_4042
LIM_EEZ_03E,LOC_EEZ_4043
LIM_EEZ_03E,LOC_EEZ_4044
LIM_EEZ_03E,LOC_EEZ_4045
LIM_EEZ_03E,LOC_EEZ_4046
LIM_EEZ_03E,LOC_EEZ_4047
LIM_EEZ_03E,LOC_EEZ_4048
LIM_EEZ_03E,LOC_EEZ_4049
LIM_EEZ_03E,LOC_EEZ_4050
LIM_EEZ_03E,LOC_EEZ_4051
LIM_EEZ_03E,LOC_EEZ_4052
LIM_EEZ_03E,LOC_EEZ_4053
LIM_EEZ_03E,LOC_EEZ_4054
LIM_EEZ_03E,LOC_EEZ_4055
LIM_EEZ_03E,LOC_EEZ_4056
LIM_EEZ_03E,LOC_EEZ_4057
LIM_EEZ_03E,LOC_EEZ_4058
LIM_EEZ_03E,LOC_EEZ_4059
LIM_EEZ_03E,LOC_EEZ_4060
LIM_EEZ_03E,LOC_EEZ_4061
LIM_EEZ_03E,LOC_EEZ_4062
LIM_EEZ_03E,LOC_EEZ_4063
LIM_EEZ_03E,LOC_EEZ_4064
LIM_EEZ_03E,LOC_EEZ_4065
LIM_EEZ_03E,LOC_EEZ_4066
LIM_EEZ_03E,LOC_EEZ_4067
LIM_EEZ_03E,LOC_EEZ_4068
LIM_EEZ_03E,LOC_EEZ_4069
LIM_EEZ_03E,LOC_EEZ_4070
LIM_EEZ_03E,LOC_EEZ_4071
LIM_EEZ_03E,LOC_EEZ_4072
LIM_EEZ_03E,LOC_EEZ_4073
LIM_EEZ_03E,LOC_EEZ_4074
LIM_EEZ_03E,LOC_EEZ_4075
LIM_EEZ_03E,LOC_EEZ_4076
LIM_EEZ_03E,LOC_EEZ_4077
LIM_EEZ_03E,LOC_EEZ_4078
LIM_EEZ_03E,LOC_EEZ_4079
LIM_EEZ_03E,LOC_EEZ_4080
LIM_EEZ_03E,LOC_EEZ_4081
LIM_EEZ_03E,LOC_EEZ_4082
LIM_EEZ_03E,LOC_EEZ_4083
LIM_EEZ_03E,LOC_EEZ_4084
LIM_EEZ_03E,LOC_EEZ_4085
LIM_EEZ_03E,LOC_EEZ_4086
LIM_EEZ_03E,LOC_EEZ_4087
LIM_EEZ_03E,LOC_EEZ_4088
LIM_EEZ_03E,LOC_EEZ_4089
LIM_EEZ_03E,LOC_EEZ_4090
LIM_EEZ_03E,LOC_EEZ_4091
LIM_EEZ_03E,LOC_EEZ_4092
LIM_EEZ_03E,LOC_EEZ_4093
LIM_EEZ_03E,LOC_EEZ_4094
LIM_EEZ_03E,LOC_EEZ_4095
LIM_EEZ_03E,LOC_EEZ_4096
LIM_EEZ_03E,LOC_EEZ_4097
LIM_EEZ_03E,LOC_EEZ_4098
LIM_EEZ_03E,LOC_EEZ_4099
LIM_EEZ_03E,LOC_EEZ_4100
LIM_EEZ_03E,LOC_EEZ_4101
LIM_EEZ_03E,LOC_EEZ_4102
LIM_EEZ_03E,LOC_EEZ_4103
LIM_EEZ_03E,LOC_EEZ_4104
LIM_EEZ_03E,LOC_EEZ_4105
LIM_EEZ_03E,LOC_EEZ_4106
LIM_EEZ_03E,LOC_EEZ_4107
LIM_EEZ_03E,LOC_EEZ_4108
LIM_EEZ_03E,LOC_EEZ_4109
LIM_EEZ_03E,LOC_EEZ_4110
LIM_EEZ_03E,LOC_EEZ_4111
LIM_EEZ_03E,LOC_EEZ_4112
LIM_EEZ_03E,LOC_EEZ_4113
LIM_EEZ_03E,LOC_EEZ_4114
LIM_EEZ_03E,LOC_EEZ_4115
LIM_EEZ_03E,LOC_EEZ_4116
LIM_EEZ_03E,LOC_EEZ_4117
LIM_EEZ_03E,LOC_EEZ_4118
LIM_EEZ_03E,LOC_EEZ_4119
LIM_EEZ_03E,LOC_EEZ_4120
LIM_EEZ_03E,LOC_EEZ_4121
LIM_EEZ_03E,LOC_EEZ_4122
LIM_EEZ_03E,LOC_EEZ_4123
LIM_EEZ_03E,LOC_EEZ_4124
LIM_EEZ_03E,LOC_EEZ_4125
LIM_EEZ_03E,LOC_EEZ_4126
LIM_EEZ_03E,LOC_EEZ_4127
LIM_EEZ_03E,LOC_EEZ_4128
LIM_EEZ_03E,LOC_EEZ_4129
LIM_EEZ_03E,LOC_EEZ_4130
LIM_EEZ_03E,LOC_EEZ_4131
LIM_EEZ_03E,LOC_EEZ_4132
LIM_EEZ_03E,LOC_EEZ_4133
LIM_EEZ_03E,LOC_EEZ_4134
LIM_EEZ_03E,LOC_EEZ_4135
LIM_EEZ_03E,LOC_EEZ_4136
LIM_EEZ_03E,LOC_EEZ_4137
LIM_EEZ_03E,LOC_EEZ_4138
LIM_EEZ_03E,LOC_EEZ_4139
LIM_EEZ_03E,LOC_EEZ_4140
LIM_EEZ_03E,LOC_EEZ_4141
LIM_EEZ_03E,LOC_EEZ_4142
LIM_EEZ_03E,LOC_EEZ_4143
LIM_EEZ_03E,LOC_EEZ_4144
LIM_EEZ_03E,LOC_EEZ_4145
LIM_EEZ_03E,LOC_EEZ_4146
LIM_EEZ_03E,LOC_EEZ_4147
LIM_EEZ_03E,LOC_EEZ_4148
LIM_EEZ_03E,LOC_EEZ_4149
LIM_EEZ_03E,LOC_EEZ_4150
LIM_EEZ_03E,LOC_EEZ_4151
LIM_EEZ_03E,LOC_EEZ_4152
LIM_EEZ_03E,LOC_EEZ_4153
LIM_EEZ_03E,LOC_EEZ_4154
LIM_EEZ_03E,LOC_EEZ_4155
LIM_EEZ_03E,LOC_EEZ_4156
LIM_EEZ_03E,LOC_EEZ_4157
LIM_EEZ_03E,LOC_EEZ_4158
LIM_EEZ_03E,LOC_EEZ_4159
LIM_EEZ_03E,LOC_EEZ_4160
LIM_EEZ_03E,LOC_EEZ_4161
LIM_EEZ_03E,LOC_EEZ_4162
LIM_EEZ_03E,LOC_EEZ_4163
LIM_EEZ_03E,LOC_EEZ_4164
LIM_EEZ_03E,LOC_EEZ_4165
LIM_EEZ_03E,LOC_EEZ_4166
LIM_EEZ_03E,LOC_EEZ_4167
LIM_EEZ_03E,LOC_EEZ_4168
LIM_EEZ_03E,LOC_EEZ_4169
LIM_EEZ_03E,LOC_EEZ_4170
LIM_EEZ_03E,LOC_EEZ_4171
LIM_EEZ_03E,LOC_EEZ_4172
LIM_EEZ_03E,LOC_EEZ_4173
LIM_EEZ_03E,LOC_EEZ_4174
LIM_EEZ_03E,LOC_EEZ_4175
LIM_EEZ_03E,LOC_EEZ_4176
LIM_EEZ_03E,LOC_EEZ_4177
LIM_EEZ_03E,LOC_EEZ_4178
LIM_EEZ_03E,LOC_EEZ_4179
LIM_EEZ_03E,LOC_EEZ_4180
LIM_EEZ_03E,LOC_EEZ_4181
LIM_EEZ_03E,LOC_EEZ_4182
LIM_EEZ_03E,LOC_EEZ_4183
LIM_EEZ_03E,LOC_EEZ_4184
LIM_EEZ_03E,LOC_EEZ_4185
LIM_EEZ_03E,LOC_EEZ_4186
LIM_EEZ_03E,LOC_EEZ_4187
LIM_EEZ_03E,LOC_EEZ_4188
LIM_EEZ_03E,LOC_EEZ_4189
LIM_EEZ_03E,LOC_EEZ_4190
LIM_EEZ_03E,LOC_EEZ_4191
LIM_EEZ_03E,LOC_EEZ_4192
LIM_EEZ_03E,LOC_EEZ_4193
LIM_EEZ_03E,LOC_EEZ_4194
LIM_EEZ_03E,LOC_EEZ_4195
LIM_EEZ_03E,LOC_EEZ_4196
LIM_EEZ_03E,LOC_EEZ_4197
LIM_EEZ_03E,LOC_EEZ_4198
LIM_EEZ_03E,LOC_EEZ_4199
LIM_EEZ_03E,LOC_EEZ_4200
LIM_EEZ_03E,LOC_EEZ_4201
LIM_EEZ_03E,LOC_EEZ_4202
LIM_EEZ_03E,LOC_EEZ_4203
LIM_EEZ_03E,LOC_EEZ_4204
LIM_EEZ_03E,LOC_EEZ_4205
LIM_EEZ_03E,LOC_EEZ_4206
LIM_EEZ_03E,LOC_EEZ_4207
LIM_EEZ_03E,LOC_EEZ_4208
LIM_EEZ_03E,LOC_EEZ_4209
LIM_EEZ_03E,LOC_EEZ_4210
LIM_EEZ_03E,LOC_EEZ_4211
LIM_EEZ_03E,LOC_EEZ_4212
LIM_EEZ_03E,LOC_EEZ_4213
LIM_EEZ_03E,LOC_EEZ_4214
LIM_EEZ_03E,LOC_EEZ_4215
LIM_EEZ_03E,LOC_EEZ_4216
LIM_EEZ_03E,LOC_EEZ_4217
LIM_EEZ_03E,LOC_EEZ_4218
LIM_EEZ_03E,LOC_EEZ_4219
LIM_EEZ_03E,LOC_EEZ_4220
LIM_EEZ_03E,LOC_EEZ_4221
LIM_EEZ_03E,LOC_EEZ_4222
LIM_EEZ_03E,LOC_EEZ_4223
LIM_EEZ_03E,LOC_EEZ_4224
LIM_EEZ_03E,LOC_EEZ_4225
LIM_EEZ_03E,LOC_EEZ_4226
LIM_EEZ_03E,LOC_EEZ_4227
LIM_EEZ_03E,LOC_EEZ_4228
LIM_EEZ_03E,LOC_EEZ_4229
LIM_EEZ_03E,LOC_EEZ_4230
LIM_EEZ_03E,LOC_EEZ_4231
LIM_EEZ_03E,LOC_EEZ_4232
LIM_EEZ_03E,LOC_EEZ_4233
LIM_EEZ_03E,LOC_EEZ_4234
LIM_EEZ_03E,LOC_EEZ_4235
LIM_EEZ_03E,LOC_EEZ_4236
LIM_EEZ_03E,LOC_EEZ_4237
LIM_EEZ_03E,LOC_EEZ_4238
LIM_EEZ_03E,LOC_EEZ_4239
LIM_EEZ_03E,LOC_EEZ_4240
LIM_EEZ_03E,LOC_EEZ_4241
LIM_EEZ_03E,LOC_EEZ_4242
LIM_EEZ_03E,LOC_EEZ_4243
LIM_EEZ_03E,LOC_EEZ_4244
LIM_EEZ_03E,LOC_EEZ_4245
LIM_EEZ_03E,LOC_EEZ_4246
LIM_EEZ_03E,LOC_EEZ_4247
LIM_EEZ_03E,LOC_EEZ_4248
LIM_EEZ_03E,LOC_EEZ_4249
LIM_EEZ_03E,LOC_EEZ_4250
LIM_EEZ_03E,LOC_EEZ_4251
LIM_EEZ_03E,LOC_EEZ_4252
LIM_EEZ_03E,LOC_EEZ_4253
LIM_EEZ_03E,LOC_EEZ_4254
LIM_EEZ_03E,LOC_EEZ_4255
LIM_EEZ_03E,LOC_EEZ_4256
LIM_EEZ_03E,LOC_EEZ_4257
LIM_EEZ_03E,LOC_EEZ_4258
LIM_EEZ_03E,LOC_EEZ_4259
LIM_EEZ_03E,LOC_EEZ_4260
LIM_EEZ_03E,LOC_EEZ_4261
LIM_EEZ_03E,LOC_EEZ_4262
LIM_EEZ_03E,LOC_EEZ_4263
LIM_EEZ_03E,LOC_EEZ_4264
LIM_EEZ_03E,LOC_EEZ_4265
LIM_EEZ_03E,LOC_EEZ_4266
LIM_EEZ_03E,LOC_EEZ_4267
LIM_EEZ_03E,LOC_EEZ_4268
LIM_EEZ_03E,LOC_EEZ_4269
LIM_EEZ_03E,LOC_EEZ_4270
LIM_EEZ_03E,LOC_EEZ_4271
LIM_EEZ_03E,LOC_EEZ_4272
LIM_EEZ_03E,LOC_EEZ_4273
LIM_EEZ_03E,LOC_EEZ_4274
LIM_EEZ_03E,LOC_EEZ_4275
LIM_EEZ_03E,LOC_EEZ_4276
LIM_EEZ_03E,LOC_EEZ_4277
LIM_EEZ_03E,LOC_EEZ_4278
LIM_EEZ_03E,LOC_EEZ_4279
LIM_EEZ_03E,LOC_EEZ_4280
LIM_EEZ_03E,LOC_EEZ_4281
LIM_EEZ_03E,LOC_EEZ_4282
LIM_EEZ_03E,LOC_EEZ_4283
LIM_EEZ_03E,LOC_EEZ_4284
LIM_EEZ_03E,LOC_EEZ_4285
LIM_EEZ_03E,LOC_EEZ_4286
LIM_EEZ_03E,LOC_EEZ_4287
LIM_EEZ_03E,LOC_EEZ_4288
LIM_EEZ_03E,LOC_EEZ_4289
LIM_EEZ_03E,LOC_EEZ_4290
LIM_EEZ_03E,LOC_EEZ_4291
LIM_EEZ_03E,LOC_EEZ_4292
LIM_EEZ_03E,LOC_EEZ_4293
LIM_EEZ_03E,LOC_EEZ_4294
LIM_EEZ_03E,LOC_EEZ_4295
LIM_EEZ_03E,LOC_EEZ_4296
LIM_EEZ_03E,LOC_EEZ_4297
LIM_EEZ_03E,LOC_EEZ_4298
LIM_EEZ_03E,LOC_EEZ_4299
LIM_EEZ_03E,LOC_EEZ_4300
LIM_EEZ_03E,LOC_EEZ_4301
LIM_EEZ_03E,LOC_EEZ_4302
LIM_EEZ_03E,LOC_EEZ_4303
LIM_EEZ_03E,LOC_EEZ_4304
LIM_EEZ_03E,LOC_EEZ_4305
LIM_EEZ_03E,LOC_EEZ_4306
LIM_EEZ_03E,LOC_EEZ_4307
LIM_EEZ_03E,LOC_EEZ_4308
LIM_EEZ_03E,LOC_EEZ_4309
LIM_EEZ_03E,LOC_EEZ_4310
LIM_EEZ_03E,LOC_EEZ_4311
LIM_EEZ_03E,LOC_EEZ_4312
LIM_EEZ_03E,LOC_EEZ_4313
LIM_EEZ_03E,LOC_EEZ_4314
LIM_EEZ_03E,LOC_EEZ_4315
LIM_EEZ_03E,LOC_EEZ_4316
LIM_EEZ_03E,LOC_EEZ_4317
LIM_EEZ_03E,LOC_EEZ_4318
LIM_EEZ_03E,LOC_EEZ_4319
LIM_EEZ_03E,LOC_EEZ_4320
LIM_EEZ_03E,LOC_EEZ_4321
LIM_EEZ_03E,LOC_EEZ_4322
LIM_EEZ_03E,LOC_EEZ_4323
LIM_EEZ_03E,LOC_EEZ_4324
LIM_EEZ_03E,LOC_EEZ_4325
LIM_EEZ_03E,LOC_EEZ_4326
LIM_EEZ_03E,LOC_EEZ_4327
LIM_EEZ_03E,LOC_EEZ_4328
LIM_EEZ_03E,LOC_EEZ_4329
LIM_EEZ_03E,LOC_EEZ_4330
LIM_EEZ_03E,LOC_EEZ_4331
LIM_EEZ_03E,LOC_EEZ_4332
LIM_EEZ_03E,LOC_EEZ_4333
LIM_EEZ_03E,LOC_EEZ_4334
LIM_EEZ_03E,LOC_EEZ_4335
LIM_EEZ_03E,LOC_EEZ_4336
LIM_EEZ_03E,LOC_EEZ_4337
LIM_EEZ_03E,LOC_EEZ_4338
LIM_EEZ_03E,LOC_EEZ_4339
LIM_EEZ_03E,LOC_EEZ_4340
LIM_EEZ_03E,LOC_EEZ_4341
LIM_EEZ_03E,LOC_EEZ_4342
LIM_EEZ_03E,LOC_EEZ_4343
LIM_EEZ_03E,LOC_EEZ_4344
LIM_EEZ_03E,LOC_EEZ_4345
LIM_EEZ_03E,LOC_EEZ_4346
LIM_EEZ_03E,LOC_EEZ_4347
LIM_EEZ_03E,LOC_EEZ_4348
LIM_EEZ_03E,LOC_EEZ_4349
LIM_EEZ_03E,LOC_EEZ_4350
LIM_EEZ_03E,LOC_EEZ_4351
LIM_EEZ_03E,LOC_EEZ_4352
LIM_EEZ_03E,LOC_EEZ_4353
LIM_EEZ_03E,LOC_EEZ_4354
LIM_EEZ_03E,LOC_EEZ_4355
LIM_EEZ_03E,LOC_EEZ_4356
LIM_EEZ_03E,LOC_EEZ_4357
LIM_EEZ_03E,LOC_EEZ_4358
LIM_EEZ_03E,LOC_EEZ_4359
LIM_EEZ_03E,LOC_EEZ_4360
LIM_EEZ_03E,LOC_EEZ_4361
LIM_EEZ_03E,LOC_EEZ_4362
LIM_EEZ_03E,LOC_EEZ_4363
LIM_EEZ_03E,LOC_EEZ_4364
LIM_EEZ_03E,LOC_EEZ_4365
LIM_EEZ_03E,LOC_EEZ_4366
LIM_EEZ_03E,LOC_EEZ_4367
LIM_EEZ_03E,LOC_EEZ_4368
LIM_EEZ_03E,LOC_EEZ_4369
LIM_EEZ_03E,LOC_EEZ_4370
LIM_EEZ_03E,LOC_EEZ_4371
LIM_EEZ_03E,LOC_EEZ_4372
LIM_EEZ_03E,LOC_EEZ_4373
LIM_EEZ_03E,LOC_EEZ_4374
LIM_EEZ_03E,LOC_EEZ_4375
LIM_EEZ_03E,LOC_EEZ_4376
LIM_EEZ_03E,LOC_EEZ_4377
LIM_EEZ_03E,LOC_EEZ_4378
LIM_EEZ_03E,LOC_EEZ_4379
LIM_EEZ_03E,LOC_EEZ_4380
LIM_EEZ_03E,LOC_EEZ_4381
LIM_EEZ_03E,LOC_EEZ_4382
LIM_EEZ_03E,LOC_EEZ_4383
LIM_EEZ_03E,LOC_EEZ_4384
LIM_EEZ_03E,LOC_EEZ_4385
LIM_EEZ_03E,LOC_EEZ_4386
LIM_EEZ_03E,LOC_EEZ_4387
LIM_EEZ_03E,LOC_EEZ_4388
LIM_EEZ_03E,LOC_EEZ_4389
LIM_EEZ_03E,LOC_EEZ_4390
LIM_EEZ_03E,LOC_EEZ_4391
LIM_EEZ_03E,LOC_EEZ_4392
LIM_EEZ_03E,LOC_EEZ_4393
LIM_EEZ_03E,LOC_EEZ_4394
LIM_EEZ_03E,LOC_EEZ_4395
LIM_EEZ_03E,LOC_EEZ_4396
LIM_EEZ_03E,LOC_EEZ_4397
LIM_EEZ_03E,LOC_EEZ_4398
LIM_EEZ_03E,LOC_EEZ_4399
LIM_EEZ_03E,LOC_EEZ_4400
LIM_EEZ_03E,LOC_EEZ_4401
LIM_EEZ_03E,LOC_EEZ_4402
LIM_EEZ_03E,LOC_EEZ_4403
LIM_EEZ_03E,LOC_EEZ_4404
LIM_EEZ_03E,LOC_EEZ_4405
LIM_EEZ_03E,LOC_EEZ_4406
LIM_EEZ_03E,LOC_EEZ_4407
LIM_EEZ_03E,LOC_EEZ_4408
LIM_EEZ_03E,LOC_EEZ_4409
LIM_EEZ_03E,LOC_EEZ_4410
LIM_EEZ_03E,LOC_EEZ_4411
LIM_EEZ_03E,LOC_EEZ_4412
LIM_EEZ_03E,LOC_EEZ_4413
LIM_EEZ_03E,LOC_EEZ_4414
LIM_EEZ_03E,LOC_EEZ_4415
LIM_EEZ_03E,LOC_EEZ_4416
LIM_EEZ_03E,LOC_EEZ_4417
LIM_EEZ_03E,LOC_EEZ_4418
LIM_EEZ_03E,LOC_EEZ_4419
LIM_EEZ_03E,LOC_EEZ_4420
LIM_EEZ_03E,LOC_EEZ_4421
LIM_EEZ_03E,LOC_EEZ_4422
LIM_EEZ_03E,LOC_EEZ_4423
LIM_EEZ_03E,LOC_EEZ_4424
LIM_EEZ_03E,LOC_EEZ_4425
LIM_EEZ_03E,LOC_EEZ_4426
LIM_EEZ_03E,LOC_EEZ_4427
LIM_EEZ_03E,LOC_EEZ_4428
LIM_EEZ_03E,LOC_EEZ_4429
LIM_EEZ_03E,LOC_EEZ_4430
LIM_EEZ_03E,LOC_EEZ_4431
LIM_EEZ_03E,LOC_EEZ_4432
LIM_EEZ_03E,LOC_EEZ_4433
LIM_EEZ_03E,LOC_EEZ_4434
LIM_EEZ_03E,LOC_EEZ_4435
LIM_EEZ_03E,LOC_EEZ_4436
LIM_EEZ_03E,LOC_EEZ_4437
LIM_EEZ_03E,LOC_EEZ_4438
LIM_EEZ_03E,LOC_EEZ_4439
LIM_EEZ_03E,LOC_EEZ_4440
LIM_EEZ_03E,LOC_EEZ_4441
LIM_EEZ_03E,LOC_EEZ_4442
LIM_EEZ_03E,LOC_EEZ_4443
LIM_EEZ_03E,LOC_EEZ_4444
LIM_EEZ_03E,LOC_EEZ_4445
LIM_EEZ_03E,LOC_EEZ_4446
LIM_EEZ_03E,LOC_EEZ_4447
LIM_EEZ_03E,LOC_EEZ_4448
LIM_EEZ_03E,LOC_EEZ_4449
LIM_EEZ_03E,LOC_EEZ_4450
LIM_EEZ_03E,LOC_EEZ_4451
LIM_EEZ_03E,LOC_EEZ_4452
LIM_EEZ_03E,LOC_EEZ_4453
LIM_EEZ_03E,LOC_EEZ_4454
LIM_EEZ_03E,LOC_EEZ_4455
LIM_EEZ_03E,LOC_EEZ_4456
LIM_EEZ_03E,LOC_EEZ_4457
LIM_EEZ_03E,LOC_EEZ_4458
LIM_EEZ_03E,LOC_EEZ_4459
LIM_EEZ_03E,LOC_EEZ_4460
LIM_EEZ_03E,LOC_EEZ_4461
LIM_EEZ_03E,LOC_EEZ_4462
LIM_EEZ_03E,LOC_EEZ_4463
LIM_EEZ_03E,LOC_EEZ_4464
LIM_EEZ_03E,LOC_EEZ_4465
LIM_EEZ_03E,LOC_EEZ_4466
LIM_EEZ_03E,LOC_EEZ_4467
LIM_EEZ_03E,LOC_EEZ_4468
LIM_EEZ_03E,LOC_EEZ_4469
LIM_EEZ_03E,LOC_EEZ_4470
LIM_EEZ_03E,LOC_EEZ_4471
LIM_EEZ_03E,LOC_EEZ_4472
LIM_EEZ_03E,LOC_EEZ_4473
LIM_EEZ_03E,LOC_EEZ_4474
LIM_EEZ_03E,LOC_EEZ_4475
LIM_EEZ_03E,LOC_EEZ_4476
LIM_EEZ_03E,LOC_EEZ_4477
LIM_EEZ_03E,LOC_EEZ_4478
LIM_EEZ_03E,LOC_EEZ_4479
LIM_EEZ_03E,LOC_EEZ_4480
LIM_EEZ_03E,LOC_EEZ_4481
LIM_EEZ_03E,LOC_EEZ_4482
LIM_EEZ_03E,LOC_EEZ_4483
LIM_EEZ_03E,LOC_EEZ_4484
LIM_EEZ_03E,LOC_EEZ_4485
LIM_EEZ_03E,LOC_EEZ_4486
LIM_EEZ_03E,LOC_EEZ_4487
LIM_EEZ_03E,LOC_EEZ_4488
LIM_EEZ_03E,LOC_EEZ_4489
LIM_EEZ_03E,LOC_EEZ_4490
LIM_EEZ_03E,LOC_EEZ_4491
LIM_EEZ_03E,LOC_EEZ_4492
LIM_EEZ_03E,LOC_EEZ_4493
LIM_EEZ_03E,LOC_EEZ_4494
LIM_EEZ_03E,LOC_EEZ_4495
LIM_EEZ_03E,LOC_EEZ_4496
LIM_EEZ_03E,LOC_EEZ_4497
LIM_EEZ_03E,LOC_EEZ_4498
LIM_EEZ_03E,LOC_EEZ_4499
LIM_EEZ_03E,LOC_EEZ_4500
LIM_EEZ_03E,LOC_EEZ_4501
LIM_EEZ_03E,LOC_EEZ_4502
LIM_EEZ_03E,LOC_EEZ_4503
LIM_EEZ_03E,LOC_EEZ_4504
LIM_EEZ_03E,LOC_EEZ_4505
LIM_EEZ_03E,LOC_EEZ_4506
LIM_EEZ_03E,LOC_EEZ_4507
LIM_EEZ_03E,LOC_EEZ_4508
LIM_EEZ_03E,LOC_EEZ_4509
LIM_EEZ_03E,LOC_EEZ_4510
LIM_EEZ_03E,LOC_EEZ_4511
LIM_EEZ_03E,LOC_EEZ_4512
LIM_EEZ_03E,LOC_EEZ_4513
LIM_EEZ_03E,LOC_EEZ_4514
LIM_EEZ_03E,LOC_EEZ_4515
LIM_EEZ_03E,LOC_EEZ_4516
LIM_EEZ_03E,LOC_EEZ_4517
LIM_EEZ_03E,LOC_EEZ_4518
LIM_EEZ_03E,LOC_EEZ_4519
LIM_EEZ_03E,LOC_EEZ_4520
LIM_EEZ_03E,LOC_EEZ_4521
LIM_EEZ_03E,LOC_EEZ_4522
LIM_EEZ_03E,LOC_EEZ_4523
LIM_EEZ_03E,LOC_EEZ_4524
LIM_EEZ_03E,LOC_EEZ_4525
LIM_EEZ_03E,LOC_EEZ_4526
LIM_EEZ_03E,LOC_EEZ_4527
LIM_EEZ_03E,LOC_EEZ_4528
LIM_EEZ_03E,LOC_EEZ_4529
LIM_EEZ_03E,LOC_EEZ_4530
LIM_EEZ_03E,LOC_EEZ_4531
LIM_EEZ_03E,LOC_EEZ_4532
LIM_EEZ_03E,LOC_EEZ_4533
LIM_EEZ_03E,LOC_EEZ_4534
LIM_EEZ_03E,LOC_EEZ_4535
LIM_EEZ_03E,LOC_EEZ_4536
LIM_EEZ_03E,LOC_EEZ_4537
LIM_EEZ_03E,LOC_EEZ_4538
LIM_EEZ_03E,LOC_EEZ_4539
LIM_EEZ_03E,LOC_EEZ_4540
LIM_EEZ_03E,LOC_EEZ_4541
LIM_EEZ_03E,LOC_EEZ_4542
LIM_EEZ_03E,LOC_EEZ_4543
LIM_EEZ_03E,LOC_EEZ_4544
LIM_EEZ_03E,LOC_EEZ_4545
LIM_EEZ_03E,LOC_EEZ_4546
LIM_EEZ_03E,LOC_EEZ_4547
LIM_EEZ_03E,LOC_EEZ_4548
LIM_EEZ_03E,LOC_EEZ_4549
LIM_EEZ_03E,LOC_EEZ_4550
LIM_EEZ_03E,LOC_EEZ_4551
LIM_EEZ_03E,LOC_EEZ_4552
LIM_EEZ_03E,LOC_EEZ_4553
LIM_EEZ_03E,LOC_EEZ_4554
LIM_EEZ_03E,LOC_EEZ_4555
LIM_EEZ_03E,LOC_EEZ_4556
LIM_EEZ_03E,LOC_EEZ_4557
LIM_EEZ_03E,LOC_EEZ_4558
LIM_EEZ_03E,LOC_EEZ_4559
LIM_EEZ_03E,LOC_EEZ_4560
LIM_EEZ_03E,LOC_EEZ_4561
LIM_EEZ_03E,LOC_EEZ_4562
LIM_EEZ_03E,LOC_EEZ_4563
LIM_EEZ_03E,LOC_EEZ_4564
LIM_EEZ_03E,LOC_EEZ_4565
LIM_EEZ_03E,LOC_EEZ_4566
LIM_EEZ_03E,LOC_EEZ_4567
LIM_EEZ_03E,LOC_EEZ_4568
LIM_EEZ_03E,LOC_EEZ_4569
LIM_EEZ_03E,LOC_EEZ_4570
LIM_EEZ_03E,LOC_EEZ_4571
LIM_EEZ_03E,LOC_EEZ_4572
LIM_EEZ_03E,LOC_EEZ_4573
LIM_EEZ_03E,LOC_EEZ_4574
LIM_EEZ_03E,LOC_EEZ_4575
LIM_EEZ_03E,LOC_EEZ_4576
LIM_EEZ_03E,LOC_EEZ_4577
LIM_EEZ_03E,LOC_EEZ_4578
LIM_EEZ_03E,LOC_EEZ_4579
LIM_EEZ_03E,LOC_EEZ_4580
LIM_EEZ_03E,LOC_EEZ_4581
LIM_EEZ_03E,LOC_EEZ_4582
LIM_EEZ_03E,LOC_EEZ_4583
LIM_EEZ_03E,LOC_EEZ_4584
LIM_EEZ_03E,LOC_EEZ_4585
LIM_EEZ_03E,LOC_EEZ_4586
LIM_EEZ_03E,LOC_EEZ_4587
LIM_EEZ_03E,LOC_EEZ_4588
LIM_EEZ_03E,LOC_EEZ_4589
LIM_EEZ_03E,LOC_EEZ_4590
LIM_EEZ_03E,LOC_EEZ_4591
LIM_EEZ_03E,LOC_EEZ_4592
LIM_EEZ_03E,LOC_EEZ_4593
LIM_EEZ_03E,LOC_EEZ_4594
LIM_EEZ_03E,LOC_EEZ_4595
LIM_EEZ_03E,LOC_EEZ_4596
LIM_EEZ_03E,LOC_EEZ_4597
LIM_EEZ_03E,LOC_EEZ_4598
LIM_EEZ_03E,LOC_EEZ_4599
LIM_EEZ_03E,LOC_EEZ_4600
LIM_EEZ_03E,LOC_EEZ_4601
LIM_EEZ_03E,LOC_EEZ_4602
LIM_EEZ_03E,LOC_EEZ_4603
LIM_EEZ_03E,LOC_EEZ_4604
LIM_EEZ_03E,LOC_EEZ_4605
LIM_EEZ_03E,LOC_EEZ_4606
LIM_EEZ_03E,LOC_EEZ_4607
LIM_EEZ_03E,LOC_EEZ_4608
LIM_EEZ_03E,LOC_EEZ_4609
LIM_EEZ_03E,LOC_EEZ_4610
LIM_EEZ_03E,LOC_EEZ_4611
LIM_EEZ_03E,LOC_EEZ_4612
LIM_EEZ_03E,LOC_EEZ_4613
LIM_EEZ_03E,LOC_EEZ_4614
LIM_EEZ_03E,LOC_EEZ_4615
LIM_EEZ_03E,LOC_EEZ_4616
LIM_EEZ_03E,LOC_EEZ_4617
LIM_EEZ_03E,LOC_EEZ_4618
LIM_EEZ_03E,LOC_EEZ_4619
LIM_EEZ_03E,LOC_EEZ_4620
LIM_EEZ_03E,LOC_EEZ_4621
LIM_EEZ_03E,LOC_EEZ_4716
LIM_EEZ_03E,LOC_EEZ_4716
LIM_EEZ_02,LOC_EEZ_4717
LIM_EEZ_02,LOC_EEZ_4718
LIM_EEZ_02,LOC_EEZ_4719
LIM_EEZ_02,LOC_EEZ_4720
LIM_EEZ_02,LOC_EEZ_4721
LIM_EEZ_02,LOC_EEZ_4722
LIM_EEZ_02,LOC_EEZ_4723
LIM_EEZ_02,LOC_EEZ_4724
LIM_EEZ_02,LOC_EEZ_4725
LIM_EEZ_02,LOC_EEZ_4726
LIM_EEZ_02,LOC_EEZ_4727
LIM_EEZ_02,LOC_EEZ_4728
LIM_EEZ_02,LOC_EEZ_4729
LIM_EEZ_02,LOC_EEZ_4730
LIM_EEZ_02,LOC_EEZ_4731
LIM_EEZ_02,LOC_EEZ_4732
LIM_EEZ_02,LOC_EEZ_4733
LIM_EEZ_02,LOC_EEZ_4734
LIM_EEZ_02,LOC_EEZ_4735
LIM_EEZ_02,LOC_EEZ_4736
LIM_EEZ_02,LOC_EEZ_4737
LIM_EEZ_02,LOC_EEZ_4738
LIM_EEZ_02,LOC_EEZ_4739
LIM_EEZ_02,LOC_EEZ_4740
LIM_EEZ_02,LOC_EEZ_4741
LIM_EEZ_02,LOC_EEZ_4742
LIM_EEZ_02,LOC_EEZ_4743
LIM_EEZ_02,LOC_EEZ_4744
LIM_EEZ_02,LOC_EEZ_4745
LIM_EEZ_02,LOC_EEZ_4746
LIM_EEZ_02,LOC_EEZ_4747
LIM_EEZ_02,LOC_EEZ_4748
LIM_EEZ_02,LOC_EEZ_4749
LIM_EEZ_02,LOC_EEZ_4750
LIM_EEZ_02,LOC_EEZ_4751
LIM_EEZ_02,LOC_EEZ_4752
LIM_EEZ_02,LOC_EEZ_4753
LIM_EEZ_02,LOC_EEZ_4754
LIM_EEZ_02,LOC_EEZ_4755
LIM_EEZ_02,LOC_EEZ_4756
LIM_EEZ_02,LOC_EEZ_4757
LIM_EEZ_02,LOC_EEZ_4758
LIM_EEZ_02,LOC_EEZ_4759
LIM_EEZ_02,LOC_EEZ_4760
LIM_EEZ_02,LOC_EEZ_4761
LIM_EEZ_02,LOC_EEZ_4762
LIM_EEZ_02,LOC_EEZ_4763
LIM_EEZ_02,LOC_EEZ_4764
LIM_EEZ_02,LOC_EEZ_4765
LIM_EEZ_02,LOC_EEZ_4766
LIM_EEZ_02,LOC_EEZ_4767
LIM_EEZ_02,LOC_EEZ_4768
LIM_EEZ_02,LOC_EEZ_4769
LIM_EEZ_02,LOC_EEZ_4770
LIM_EEZ_02,LOC_EEZ_4771
LIM_EEZ_02,LOC_EEZ_4772
LIM_EEZ_02,LOC_EEZ_4773
LIM_EEZ_02,LOC_EEZ_4774
LIM_EEZ_02,LOC_EEZ_4775
LIM_EEZ_02,LOC_EEZ_4776
LIM_EEZ_02,LOC_EEZ_4777
LIM_EEZ_02,LOC_EEZ_4778
LIM_EEZ_02,LOC_EEZ_4779
LIM_EEZ_02,LOC_EEZ_4780
LIM_EEZ_02,LOC_EEZ_4781
LIM_EEZ_02,LOC_EEZ_4782
LIM_EEZ_02,LOC_EEZ_4783
LIM_EEZ_02,LOC_EEZ_4784
LIM_EEZ_02,LOC_EEZ_4785
LIM_EEZ_02,LOC_EEZ_4786
LIM_EEZ_02,LOC_EEZ_4787
LIM_EEZ_02,LOC_EEZ_4788
LIM_EEZ_02,LOC_EEZ_4789
LIM_EEZ_02,LOC_EEZ_4790
LIM_EEZ_02,LOC_EEZ_4791
LIM_EEZ_02,LOC_EEZ_4792
LIM_EEZ_02,LOC_EEZ_4793
LIM_EEZ_02,LOC_EEZ_4794
LIM_EEZ_02,LOC_EEZ_4795
LIM_EEZ_02,LOC_EEZ_4796
LIM_EEZ_02,LOC_EEZ_4797
LIM_EEZ_02,LOC_EEZ_4798
LIM_EEZ_02,LOC_EEZ_4799
LIM_EEZ_02,LOC_EEZ_4800
LIM_EEZ_02,LOC_EEZ_4801
LIM_EEZ_02,LOC_EEZ_4802
LIM_EEZ_02,LOC_EEZ_4803
LIM_EEZ_02,LOC_EEZ_4804
LIM_EEZ_02,LOC_EEZ_4805
LIM_EEZ_02,LOC_EEZ_4806
LIM_EEZ_02,LOC_EEZ_4807
LIM_EEZ_02,LOC_EEZ_4808
LIM_EEZ_02,LOC_EEZ_4809
LIM_EEZ_02,LOC_EEZ_4810
LIM_EEZ_02,LOC_EEZ_4811
LIM_EEZ_02,LOC_EEZ_4812
LIM_EEZ_02,LOC_EEZ_4813
LIM_EEZ_02,LOC_EEZ_4814
LIM_EEZ_02,LOC_EEZ_4815
LIM_EEZ_02,LOC_EEZ_4816
LIM_EEZ_02,LOC_EEZ_4817
LIM_EEZ_02,LOC_EEZ_4818
LIM_EEZ_02,LOC_EEZ_4819
LIM_EEZ_02,LOC_EEZ_4820
LIM_EEZ_02,LOC_EEZ_4821
LIM_EEZ_02,LOC_EEZ_4822
LIM_EEZ_02,LOC_EEZ_4823
LIM_EEZ_02,LOC_EEZ_4824
LIM_EEZ_02,LOC_EEZ_4825
LIM_EEZ_02,LOC_EEZ_4826
LIM_EEZ_02,LOC_EEZ_4827
LIM_EEZ_02,LOC_EEZ_4828
LIM_EEZ_02,LOC_EEZ_4829
LIM_EEZ_02,LOC_EEZ_4830
LIM_EEZ_02,LOC_EEZ_4831
LIM_EEZ_02,LOC_EEZ_4832
LIM_EEZ_02,LOC_EEZ_4833
LIM_EEZ_02,LOC_EEZ_4834
LIM_EEZ_02,LOC_EEZ_4835
LIM_EEZ_02,LOC_EEZ_4836
LIM_EEZ_02,LOC_EEZ_4837
LIM_EEZ_02,LOC_EEZ_4838
LIM_EEZ_02,LOC_EEZ_4839
LIM_EEZ_02,LOC_EEZ_4840
LIM_EEZ_02,LOC_EEZ_4841
LIM_EEZ_02,LOC_EEZ_4842
LIM_EEZ_02,LOC_EEZ_4843
LIM_EEZ_02,LOC_EEZ_4844
LIM_EEZ_02,LOC_EEZ_4845
LIM_EEZ_02,LOC_EEZ_4846
LIM_EEZ_02,LOC_EEZ_4847
LIM_EEZ_02,LOC_EEZ_4848
LIM_EEZ_02,LOC_EEZ_4849
LIM_EEZ_02,LOC_EEZ_4850
LIM_EEZ_02,LOC_EEZ_4851
LIM_EEZ_02,LOC_EEZ_4852
LIM_EEZ_02,LOC_EEZ_4853
LIM_EEZ_02,LOC_EEZ_4854
LIM_EEZ_02,LOC_EEZ_4855
LIM_EEZ_02,LOC_EEZ_4856
LIM_EEZ_02,LOC_EEZ_4857
LIM_EEZ_02,LOC_EEZ_4858
LIM_EEZ_02,LOC_EEZ_4859
LIM_EEZ_02,LOC_EEZ_4860
LIM_EEZ_02,LOC_EEZ_4861
LIM_EEZ_02,LOC_EEZ_4862
LIM_EEZ_02,LOC_EEZ_4863
LIM_EEZ_02,LOC_EEZ_4864
LIM_EEZ_02,LOC_EEZ_4865
LIM_EEZ_02,LOC_EEZ_4866
LIM_EEZ_02,LOC_EEZ_4867
LIM_EEZ_02,LOC_EEZ_4868
LIM_EEZ_02,LOC_EEZ_4869
LIM_EEZ_02,LOC_EEZ_4870
LIM_EEZ_02,LOC_EEZ_4871
LIM_EEZ_02,LOC_EEZ_4872
LIM_EEZ_02,LOC_EEZ_4873
LIM_EEZ_02,LOC_EEZ_4874
LIM_EEZ_02,LOC_EEZ_4875
LIM_EEZ_02,LOC_EEZ_4876
LIM_EEZ_02,LOC_EEZ_4877
LIM_EEZ_02,LOC_EEZ_4878
LIM_EEZ_02,LOC_EEZ_4879
LIM_EEZ_02,LOC_EEZ_4880
LIM_EEZ_02,LOC_EEZ_4881
LIM_EEZ_02,LOC_EEZ_4882
LIM_EEZ_02,LOC_EEZ_4883
LIM_EEZ_02,LOC_EEZ_4884
LIM_EEZ_02,LOC_EEZ_4885
LIM_EEZ_02,LOC_EEZ_4886
LIM_EEZ_02,LOC_EEZ_4887
LIM_EEZ_02,LOC_EEZ_4888
LIM_EEZ_02,LOC_EEZ_4889
LIM_EEZ_02,LOC_EEZ_4890
LIM_EEZ_02,LOC_EEZ_4891
LIM_EEZ_02,LOC_EEZ_4892
LIM_EEZ_02,LOC_EEZ_4893
LIM_EEZ_02,LOC_EEZ_4894
LIM_EEZ_02,LOC_EEZ_4895
LIM_EEZ_02,LOC_EEZ_4896
LIM_EEZ_02,LOC_EEZ_4897
LIM_EEZ_02,LOC_EEZ_4898
LIM_EEZ_02,LOC_EEZ_4899
LIM_EEZ_02,LOC_EEZ_4900
LIM_EEZ_02,LOC_EEZ_4901
LIM_EEZ_02,LOC_EEZ_4902
LIM_EEZ_02,LOC_EEZ_4903
LIM_EEZ_02,LOC_EEZ_4904
LIM_EEZ_02,LOC_EEZ_4905
LIM_EEZ_02,LOC_EEZ_4906
LIM_EEZ_02,LOC_EEZ_4907
LIM_EEZ_02,LOC_EEZ_4908
LIM_EEZ_02,LOC_EEZ_4909
LIM_EEZ_02,LOC_EEZ_4910
LIM_EEZ_02,LOC_EEZ_4911
LIM_EEZ_02,LOC_EEZ_4912
LIM_EEZ_02,LOC_EEZ_4913
LIM_EEZ_02,LOC_EEZ_4914
LIM_EEZ_02,LOC_EEZ_4915
LIM_EEZ_02,LOC_EEZ_4916
LIM_EEZ_02,LOC_EEZ_4917
LIM_EEZ_02,LOC_EEZ_4918
LIM_EEZ_02,LOC_EEZ_4919
LIM_EEZ_02,LOC_EEZ_4920
LIM_EEZ_02,LOC_EEZ_4921
LIM_EEZ_02,LOC_EEZ_4922
LIM_EEZ_02,LOC_EEZ_4923
LIM_EEZ_02,LOC_EEZ_4924
LIM_EEZ_02,LOC_EEZ_4925
LIM_EEZ_02,LOC_EEZ_4926
LIM_EEZ_02,LOC_EEZ_4927
LIM_EEZ_02,LOC_EEZ_4928
LIM_EEZ_02,LOC_EEZ_4929
LIM_EEZ_02,LOC_EEZ_4930
LIM_EEZ_02,LOC_EEZ_4931
LIM_EEZ_02,LOC_EEZ_4932
LIM_EEZ_02,LOC_EEZ_4933
LIM_EEZ_02,LOC_EEZ_4934
LIM_EEZ_02,LOC_EEZ_4935
LIM_EEZ_02,LOC_EEZ_4936
LIM_EEZ_02,LOC_EEZ_4937
LIM_EEZ_02,LOC_EEZ_4938
LIM_EEZ_02,LOC_EEZ_4939
LIM_EEZ_02,LOC_EEZ_4940
LIM_EEZ_02,LOC_EEZ_4941
LIM_EEZ_02,LOC_EEZ_4942
LIM_EEZ_02,LOC_EEZ_4943
LIM_EEZ_02,LOC_EEZ_4944
LIM_EEZ_02,LOC_EEZ_4945
LIM_EEZ_02,LOC_EEZ_4946
LIM_EEZ_02,LOC_EEZ_4947
LIM_EEZ_02,LOC_EEZ_4948
LIM_EEZ_02,LOC_EEZ_4949
LIM_EEZ_02,LOC_EEZ_4950
LIM_EEZ_02,LOC_EEZ_4951
LIM_EEZ_02,LOC_EEZ_4952
LIM_EEZ_02,LOC_EEZ_4953
LIM_EEZ_02,LOC_EEZ_4954
LIM_EEZ_02,LOC_EEZ_4955
LIM_EEZ_02,LOC_EEZ_4956
LIM_EEZ_02,LOC_EEZ_4957
LIM_EEZ_02,LOC_EEZ_4958
LIM_EEZ_02,LOC_EEZ_4959
LIM_EEZ_02,LOC_EEZ_4960
LIM_EEZ_02,LOC_EEZ_4961
LIM_EEZ_02,LOC_EEZ_4962
LIM_EEZ_02,LOC_EEZ_4963
LIM_EEZ_02,LOC_EEZ_4964
LIM_EEZ_02,LOC_EEZ_4965
LIM_EEZ_02,LOC_EEZ_4966
LIM_EEZ_02,LOC_EEZ_4967
LIM_EEZ_02,LOC_EEZ_4968
LIM_EEZ_02,LOC_EEZ_4969
LIM_EEZ_02,LOC_EEZ_4970
LIM_EEZ_02,LOC_EEZ_4971
LIM_EEZ_02,LOC_EEZ_4972
LIM_EEZ_02,LOC_EEZ_4973
LIM_EEZ_02,LOC_EEZ_4974
LIM_EEZ_02,LOC_EEZ_4975
LIM_EEZ_02,LOC_EEZ_4976
LIM_EEZ_02,LOC_EEZ_4977
LIM_EEZ_02,LOC_EEZ_4978
LIM_EEZ_02,LOC_EEZ_4979
LIM_EEZ_02,LOC_EEZ_4980
LIM_EEZ_02,LOC_EEZ_4981
LIM_EEZ_02,LOC_EEZ_4982
LIM_EEZ_02,LOC_EEZ_4983
LIM_EEZ_02,LOC_EEZ_4984
LIM_EEZ_02,LOC_EEZ_4985
LIM_EEZ_02,LOC_EEZ_4986
LIM_EEZ_02,LOC_EEZ_4987
LIM_EEZ_02,LOC_EEZ_4988
LIM_EEZ_02,LOC_EEZ_4989
LIM_EEZ_02,LOC_EEZ_4990
LIM_EEZ_02,LOC_EEZ_4991
LIM_EEZ_02,LOC_EEZ_4992
LIM_EEZ_02,LOC_EEZ_4993
LIM_EEZ_02,LOC_EEZ_4994
LIM_EEZ_02,LOC_EEZ_4995
LIM_EEZ_02,LOC_EEZ_4996
LIM_EEZ_02,LOC_EEZ_4997
LIM_EEZ_02,LOC_EEZ_4998
LIM_EEZ_02,LOC_EEZ_4999
LIM_EEZ_02,LOC_EEZ_5000
LIM_EEZ_02,LOC_EEZ_5001
LIM_EEZ_02,LOC_EEZ_5002
LIM_EEZ_02,LOC_EEZ_5003
LIM_EEZ_02,LOC_EEZ_5004
LIM_EEZ_02,LOC_EEZ_5005
LIM_EEZ_02,LOC_EEZ_5006
LIM_EEZ_02,LOC_EEZ_5007
LIM_EEZ_02,LOC_EEZ_5008
LIM_EEZ_02,LOC_EEZ_5009
LIM_EEZ_02,LOC_EEZ_5010
LIM_EEZ_02,LOC_EEZ_5011
LIM_EEZ_02,LOC_EEZ_5012
LIM_EEZ_02,LOC_EEZ_5013
LIM_EEZ_02,LOC_EEZ_5014
LIM_EEZ_02,LOC_EEZ_5015
LIM_EEZ_02,LOC_EEZ_5016
LIM_EEZ_02,LOC_EEZ_5017
LIM_EEZ_02,LOC_EEZ_5018
LIM_EEZ_02,LOC_EEZ_5019
LIM_EEZ_02,LOC_EEZ_5020
LIM_EEZ_02,LOC_EEZ_5021
LIM_EEZ_02,LOC_EEZ_5022
LIM_EEZ_02,LOC_EEZ_5023
LIM_EEZ_02,LOC_EEZ_5024
LIM_EEZ_02,LOC_EEZ_5025
LIM_EEZ_02,LOC_EEZ_5026
LIM_EEZ_02,LOC_EEZ_5027
LIM_EEZ_02,LOC_EEZ_5028
LIM_EEZ_02,LOC_EEZ_5029
LIM_EEZ_02,LOC_EEZ_5030
LIM_EEZ_02,LOC_EEZ_5031
LIM_EEZ_02,LOC_EEZ_5032
LIM_EEZ_02,LOC_EEZ_5033
LIM_EEZ_02,LOC_EEZ_5034
LIM_EEZ_02,LOC_EEZ_5035
LIM_EEZ_02,LOC_EEZ_5036
LIM_EEZ_02,LOC_EEZ_5037
LIM_EEZ_02,LOC_EEZ_5038
LIM_EEZ_02,LOC_EEZ_5039
LIM_EEZ_02,LOC_EEZ_5040
LIM_EEZ_02,LOC_EEZ_5041
LIM_EEZ_02,LOC_EEZ_5042
LIM_EEZ_02,LOC_EEZ_5043
LIM_EEZ_02,LOC_EEZ_5044
LIM_EEZ_02,LOC_EEZ_5045
LIM_EEZ_02,LOC_EEZ_5046
LIM_EEZ_02,LOC_EEZ_5047
LIM_EEZ_02,LOC_EEZ_5048
LIM_EEZ_02,LOC_EEZ_5049
LIM_EEZ_02,LOC_EEZ_5050
LIM_EEZ_02,LOC_EEZ_5051
LIM_EEZ_02,LOC_EEZ_5052
LIM_EEZ_02,LOC_EEZ_5053
LIM_EEZ_02,LOC_EEZ_5054
LIM_EEZ_02,LOC_EEZ_5055
LIM_EEZ_02,LOC_EEZ_5056
LIM_EEZ_02,LOC_EEZ_5057
LIM_EEZ_02,LOC_EEZ_5058
LIM_EEZ_02,LOC_EEZ_5059
LIM_EEZ_02,LOC_EEZ_5060
LIM_EEZ_02,LOC_EEZ_5061
LIM_EEZ_02,LOC_EEZ_5062
LIM_EEZ_02,LOC_EEZ_5063
LIM_EEZ_02,LOC_EEZ_5064
LIM_EEZ_02,LOC_EEZ_5065
LIM_EEZ_02,LOC_EEZ_5066
LIM_EEZ_02,LOC_EEZ_5067
LIM_EEZ_02,LOC_EEZ_5068
LIM_EEZ_02,LOC_EEZ_5069
LIM_EEZ_02,LOC_EEZ_5070
LIM_EEZ_02,LOC_EEZ_5071
LIM_EEZ_02,LOC_EEZ_5072
LIM_EEZ_02,LOC_EEZ_5073
LIM_EEZ_02,LOC_EEZ_5074
LIM_EEZ_02,LOC_EEZ_5075
LIM_EEZ_02,LOC_EEZ_5076
LIM_EEZ_02,LOC_EEZ_5077
LIM_EEZ_02,LOC_EEZ_5078
LIM_EEZ_02,LOC_EEZ_5079
LIM_EEZ_02,LOC_EEZ_5080
LIM_EEZ_02,LOC_EEZ_5081
LIM_EEZ_02,LOC_EEZ_5082
LIM_EEZ_02,LOC_EEZ_5083
LIM_EEZ_02,LOC_EEZ_5084
LIM_EEZ_02,LOC_EEZ_5085
LIM_EEZ_02,LOC_EEZ_5086
LIM_EEZ_02,LOC_EEZ_5087
LIM_EEZ_02,LOC_EEZ_5088
LIM_EEZ_02,LOC_EEZ_5089
LIM_EEZ_02,LOC_EEZ_5090
LIM_EEZ_02,LOC_EEZ_5091
LIM_EEZ_02,LOC_EEZ_5092
LIM_EEZ_02,LOC_EEZ_5093
LIM_EEZ_02,LOC_EEZ_5094
LIM_EEZ_02,LOC_EEZ_5095
LIM_EEZ_02,LOC_EEZ_5096
LIM_EEZ_02,LOC_EEZ_5097
LIM_EEZ_02,LOC_EEZ_5098
LIM_EEZ_02,LOC_EEZ_5099
LIM_EEZ_02,LOC_EEZ_5100
LIM_EEZ_02,LOC_EEZ_5101
LIM_EEZ_02,LOC_EEZ_5102
LIM_EEZ_02,LOC_EEZ_5103
LIM_EEZ_02,LOC_EEZ_5104
LIM_EEZ_02,LOC_EEZ_5105
LIM_EEZ_02,LOC_EEZ_5106
LIM_EEZ_02,LOC_EEZ_5107
LIM_EEZ_02,LOC_EEZ_5108
LIM_EEZ_02,LOC_EEZ_5109
LIM_EEZ_02,LOC_EEZ_5110
LIM_EEZ_02,LOC_EEZ_5111
LIM_EEZ_02,LOC_EEZ_5112
LIM_EEZ_02,LOC_EEZ_5113
LIM_EEZ_02,LOC_EEZ_5114
LIM_EEZ_02,LOC_EEZ_5115
LIM_EEZ_02,LOC_EEZ_5116
LIM_EEZ_02,LOC_EEZ_5117
LIM_EEZ_02,LOC_EEZ_5118
LIM_EEZ_02,LOC_EEZ_5119
LIM_EEZ_02,LOC_EEZ_5120
LIM_EEZ_02,LOC_EEZ_5121
LIM_EEZ_02,LOC_EEZ_5122
LIM_EEZ_02,LOC_EEZ_5123
LIM_EEZ_02,LOC_EEZ_5124
LIM_EEZ_02,LOC_EEZ_5125
LIM_EEZ_02,LOC_EEZ_5126
LIM_EEZ_02,LOC_EEZ_5127
LIM_EEZ_02,LOC_EEZ_5128
LIM_EEZ_02,LOC_EEZ_5129
LIM_EEZ_02,LOC_EEZ_5130
LIM_EEZ_02,LOC_EEZ_5131
LIM_EEZ_02,LOC_EEZ_5132
LIM_EEZ_02,LOC_EEZ_5133
LIM_EEZ_02,LOC_EEZ_5134
LIM_EEZ_02,LOC_EEZ_5135
LIM_EEZ_02,LOC_EEZ_5136
LIM_EEZ_02,LOC_EEZ_5137
LIM_EEZ_02,LOC_EEZ_5138
LIM_EEZ_02,LOC_EEZ_5139
LIM_EEZ_02,LOC_EEZ_5140
LIM_EEZ_02,LOC_EEZ_5141
LIM_EEZ_02,LOC_EEZ_5142
LIM_EEZ_02,LOC_EEZ_5143
LIM_EEZ_02,LOC_EEZ_5144
LIM_EEZ_02,LOC_EEZ_5145
LIM_EEZ_02,LOC_EEZ_5146
LIM_EEZ_02,LOC_EEZ_5147
LIM_EEZ_02,LOC_EEZ_5148
LIM_EEZ_02,LOC_EEZ_5149
LIM_EEZ_02,LOC_EEZ_5150
LIM_EEZ_02,LOC_EEZ_5151
LIM_EEZ_02,LOC_EEZ_5152
LIM_EEZ_02,LOC_EEZ_5153
LIM_EEZ_02,LOC_EEZ_5154
LIM_EEZ_02,LOC_EEZ_5155
LIM_EEZ_02,LOC_EEZ_5156
LIM_EEZ_02,LOC_EEZ_5157
LIM_EEZ_02,LOC_EEZ_5158
LIM_EEZ_02,LOC_EEZ_5159
LIM_EEZ_02,LOC_EEZ_5160
LIM_EEZ_02,LOC_EEZ_5161
LIM_EEZ_02,LOC_EEZ_5162
LIM_EEZ_02,LOC_EEZ_5163
LIM_EEZ_02,LOC_EEZ_5164
LIM_EEZ_02,LOC_EEZ_5165
LIM_EEZ_02,LOC_EEZ_5166
LIM_EEZ_02,LOC_EEZ_5167
LIM_EEZ_02,LOC_EEZ_5168
LIM_EEZ_02,LOC_EEZ_5169
LIM_EEZ_02,LOC_EEZ_5170
LIM_EEZ_02,LOC_EEZ_5171
LIM_EEZ_02,LOC_EEZ_5172
LIM_EEZ_02,LOC_EEZ_5173
LIM_EEZ_02,LOC_EEZ_5174
LIM_EEZ_02,LOC_EEZ_5175
LIM_EEZ_02,LOC_EEZ_5176
LIM_EEZ_02,LOC_EEZ_5177
LIM_EEZ_02,LOC_EEZ_5178
LIM_EEZ_02,LOC_EEZ_5179
LIM_EEZ_02,LOC_EEZ_5180
LIM_EEZ_02,LOC_EEZ_5181
LIM_EEZ_02,LOC_EEZ_5182
LIM_EEZ_02,LOC_EEZ_5183
LIM_EEZ_02,LOC_EEZ_5184
LIM_EEZ_02,LOC_EEZ_5185
LIM_EEZ_02,LOC_EEZ_5186
LIM_EEZ_02,LOC_EEZ_5187
LIM_EEZ_02,LOC_EEZ_5188
LIM_EEZ_02,LOC_EEZ_5189
LIM_EEZ_02,LOC_EEZ_5190
LIM_EEZ_02,LOC_EEZ_5191
LIM_EEZ_02,LOC_EEZ_5192
LIM_EEZ_02,LOC_EEZ_5193
LIM_EEZ_02,LOC_EEZ_5194
LIM_EEZ_02,LOC_EEZ_5195
LIM_EEZ_02,LOC_EEZ_5196
LIM_EEZ_02,LOC_EEZ_5197
LIM_EEZ_02,LOC_EEZ_5198
LIM_EEZ_02,LOC_EEZ_5199
LIM_EEZ_02,LOC_EEZ_5200
LIM_EEZ_02,LOC_EEZ_5201
LIM_EEZ_02,LOC_EEZ_5202
LIM_EEZ_02,LOC_EEZ_5203
LIM_EEZ_02,LOC_EEZ_5204
LIM_EEZ_02,LOC_EEZ_5205
LIM_EEZ_02,LOC_EEZ_5206
LIM_EEZ_02,LOC_EEZ_5207
LIM_EEZ_02,LOC_EEZ_5208
LIM_EEZ_02,LOC_EEZ_5209
LIM_EEZ_02,LOC_EEZ_5210
LIM_EEZ_02,LOC_EEZ_5211
LIM_EEZ_02,LOC_EEZ_5212
LIM_EEZ_02,LOC_EEZ_5213
LIM_EEZ_02,LOC_EEZ_5214
LIM_EEZ_02,LOC_EEZ_5215
LIM_EEZ_02,LOC_EEZ_5216
LIM_EEZ_02,LOC_EEZ_5217
LIM_EEZ_02,LOC_EEZ_5218
LIM_EEZ_02,LOC_EEZ_5219
LIM_EEZ_02,LOC_EEZ_5220
LIM_EEZ_02,LOC_EEZ_5221
LIM_EEZ_02,LOC_EEZ_5222
LIM_EEZ_02,LOC_EEZ_5223
LIM_EEZ_02,LOC_EEZ_5224
LIM_EEZ_02,LOC_EEZ_5225
LIM_EEZ_02,LOC_EEZ_5226
LIM_EEZ_02,LOC_EEZ_5227
LIM_EEZ_02,LOC_EEZ_5228
LIM_EEZ_02,LOC_EEZ_5229
LIM_EEZ_02,LOC_EEZ_5230
LIM_EEZ_02,LOC_EEZ_5231
LIM_EEZ_02,LOC_EEZ_5232
LIM_EEZ_02,LOC_EEZ_5233
LIM_EEZ_02,LOC_EEZ_5234
LIM_EEZ_02,LOC_EEZ_5235
LIM_EEZ_02,LOC_EEZ_5236
LIM_EEZ_02,LOC_EEZ_5237
LIM_EEZ_02,LOC_EEZ_5238
LIM_EEZ_02,LOC_EEZ_5239
LIM_EEZ_02,LOC_EEZ_5240
LIM_EEZ_02,LOC_EEZ_5241
LIM_EEZ_02,LOC_EEZ_5242
LIM_EEZ_02,LOC_EEZ_5243
LIM_EEZ_02,LOC_EEZ_5244
LIM_EEZ_02,LOC_EEZ_5245
LIM_EEZ_02,LOC_EEZ_5246
LIM_EEZ_02,LOC_EEZ_5247
LIM_EEZ_02,LOC_EEZ_5248
LIM_EEZ_02,LOC_EEZ_5249
LIM_EEZ_02,LOC_EEZ_5250
LIM_EEZ_02,LOC_EEZ_5251
LIM_EEZ_02,LOC_EEZ_5252
LIM_EEZ_02,LOC_EEZ_5253
LIM_EEZ_02,LOC_EEZ_5254
LIM_EEZ_02,LOC_EEZ_5255
LIM_EEZ_02,LOC_EEZ_5256
LIM_EEZ_02,LOC_EEZ_5257
LIM_EEZ_02,LOC_EEZ_5258
LIM_EEZ_02,LOC_EEZ_5259
LIM_EEZ_02,LOC_EEZ_5260
LIM_EEZ_02,LOC_EEZ_5261
LIM_EEZ_02,LOC_EEZ_5262
LIM_EEZ_02,LOC_EEZ_5263
LIM_EEZ_02,LOC_EEZ_5264
LIM_EEZ_02,LOC_EEZ_5265
LIM_EEZ_02,LOC_EEZ_5266
LIM_EEZ_02,LOC_EEZ_5267
LIM_EEZ_02,LOC_EEZ_5268
LIM_EEZ_02,LOC_EEZ_5269
LIM_EEZ_02,LOC_EEZ_5270
LIM_EEZ_02,LOC_EEZ_5271
LIM_EEZ_02,LOC_EEZ_5272
LIM_EEZ_02,LOC_EEZ_5273
LIM_EEZ_02,LOC_EEZ_5274
LIM_EEZ_02,LOC_EEZ_5275
LIM_EEZ_02,LOC_EEZ_5276
LIM_EEZ_02,LOC_EEZ_5277
LIM_EEZ_02,LOC_EEZ_5278
LIM_EEZ_02,LOC_EEZ_5279
LIM_EEZ_02,LOC_EEZ_5280
LIM_EEZ_02,LOC_EEZ_5281
LIM_EEZ_02,LOC_EEZ_5282
LIM_EEZ_02,LOC_EEZ_5283
LIM_EEZ_02,LOC_EEZ_5284
LIM_EEZ_02,LOC_EEZ_5285
LIM_EEZ_02,LOC_EEZ_5286
LIM_EEZ_02,LOC_EEZ_5287
LIM_EEZ_02,LOC_EEZ_5288
LIM_EEZ_02,LOC_EEZ_5289
LIM_EEZ_02,LOC_EEZ_5290
LIM_EEZ_02,LOC_EEZ_5291
LIM_EEZ_02,LOC_EEZ_5292
LIM_EEZ_02,LOC_EEZ_5293
LIM_EEZ_02,LOC_EEZ_5294
LIM_EEZ_02,LOC_EEZ_5295
LIM_EEZ_02,LOC_EEZ_5296
LIM_EEZ_02,LOC_EEZ_5297
LIM_EEZ_02,LOC_EEZ_5298
LIM_EEZ_02,LOC_EEZ_5299
LIM_EEZ_02,LOC_EEZ_5300
LIM_EEZ_02,LOC_EEZ_5301
LIM_EEZ_02,LOC_EEZ_5302
LIM_EEZ_02,LOC_EEZ_5303
LIM_EEZ_02,LOC_EEZ_5304
LIM_EEZ_02,LOC_EEZ_5305
LIM_EEZ_02,LOC_EEZ_5306
LIM_EEZ_02,LOC_EEZ_5307
LIM_EEZ_02,LOC_EEZ_5308
LIM_EEZ_02,LOC_EEZ_5309
LIM_EEZ_02,LOC_EEZ_5310
LIM_EEZ_02,LOC_EEZ_5311
LIM_EEZ_02,LOC_EEZ_5312
LIM_EEZ_02,LOC_EEZ_5313
LIM_EEZ_02,LOC_EEZ_5314
LIM_EEZ_02,LOC_EEZ_5315
LIM_EEZ_02,LOC_EEZ_5316
LIM_EEZ_02,LOC_EEZ_5317
LIM_EEZ_02,LOC_EEZ_5318
LIM_EEZ_02,LOC_EEZ_5319
LIM_EEZ_02,LOC_EEZ_5320
LIM_EEZ_02,LOC_EEZ_5321
LIM_EEZ_02,LOC_EEZ_5322
LIM_EEZ_02,LOC_EEZ_5323
LIM_EEZ_02,LOC_EEZ_5324
LIM_EEZ_02,LOC_EEZ_5325
LIM_EEZ_02,LOC_EEZ_5326
LIM_EEZ_02,LOC_EEZ_5327
LIM_EEZ_02,LOC_EEZ_5328
LIM_EEZ_02,LOC_EEZ_5329
LIM_EEZ_02,LOC_EEZ_5330
LIM_EEZ_02,LOC_EEZ_5331
LIM_EEZ_02,LOC_EEZ_5332
LIM_EEZ_02,LOC_EEZ_5333
LIM_EEZ_02,LOC_EEZ_5334
LIM_EEZ_02,LOC_EEZ_5335
LIM_EEZ_02,LOC_EEZ_5336
LIM_EEZ_02,LOC_EEZ_5337
LIM_EEZ_02,LOC_EEZ_5338
LIM_EEZ_02,LOC_EEZ_5339
LIM_EEZ_02,LOC_EEZ_5340
LIM_EEZ_02,LOC_EEZ_5341
LIM_EEZ_02,LOC_EEZ_5342
LIM_EEZ_02,LOC_EEZ_5343
LIM_EEZ_02,LOC_EEZ_5344
LIM_EEZ_02,LOC_EEZ_5345
LIM_EEZ_02,LOC_EEZ_5346
LIM_EEZ_02,LOC_EEZ_5347
LIM_EEZ_02,LOC_EEZ_5348
LIM_EEZ_02,LOC_EEZ_5349
LIM_EEZ_02,LOC_EEZ_5350
LIM_EEZ_02,LOC_EEZ_5351
LIM_EEZ_02,LOC_EEZ_5352
LIM_EEZ_02,LOC_EEZ_5353
LIM_EEZ_02,LOC_EEZ_5354
LIM_EEZ_02,LOC_EEZ_5355
LIM_EEZ_02,LOC_EEZ_5356
LIM_EEZ_02,LOC_EEZ_5357
LIM_EEZ_02,LOC_EEZ_5358
LIM_EEZ_02,LOC_EEZ_5359
LIM_EEZ_02,LOC_EEZ_5360
LIM_EEZ_02,LOC_EEZ_5361
LIM_EEZ_02,LOC_EEZ_5362
LIM_EEZ_02,LOC_EEZ_5363
LIM_EEZ_02,LOC_EEZ_5364
LIM_EEZ_02,LOC_EEZ_5365
LIM_EEZ_02,LOC_EEZ_5366
LIM_EEZ_02,LOC_EEZ_5367
LIM_EEZ_02,LOC_EEZ_5368
LIM_EEZ_02,LOC_EEZ_5369
LIM_EEZ_02,LOC_EEZ_5370
LIM_EEZ_02,LOC_EEZ_5371
LIM_EEZ_02,LOC_EEZ_5372
LIM_EEZ_02,LOC_EEZ_5373
LIM_EEZ_02,LOC_EEZ_5374
LIM_EEZ_02,LOC_EEZ_5375
LIM_EEZ_02,LOC_EEZ_5376
LIM_EEZ_02,LOC_EEZ_5377
LIM_EEZ_02,LOC_EEZ_5378
LIM_EEZ_02,LOC_EEZ_5379
LIM_EEZ_02,LOC_EEZ_5380
LIM_EEZ_02,LOC_EEZ_5381
LIM_EEZ_02,LOC_EEZ_5382
LIM_EEZ_02,LOC_EEZ_5383
LIM_EEZ_02,LOC_EEZ_5384
LIM_EEZ_02,LOC_EEZ_5385
LIM_EEZ_02,LOC_EEZ_5386
LIM_EEZ_02,LOC_EEZ_5387
LIM_EEZ_02,LOC_EEZ_5388
LIM_EEZ_02,LOC_EEZ_5389
LIM_EEZ_02,LOC_EEZ_5390
LIM_EEZ_02,LOC_EEZ_5391
LIM_EEZ_02,LOC_EEZ_5392
LIM_EEZ_02,LOC_EEZ_5393
LIM_EEZ_02,LOC_EEZ_5394
LIM_EEZ_02,LOC_EEZ_5395
LIM_EEZ_02,LOC_EEZ_5396
LIM_EEZ_02,LOC_EEZ_5397
LIM_EEZ_02,LOC_EEZ_5398
LIM_EEZ_02,LOC_EEZ_5399
LIM_EEZ_02,LOC_EEZ_5400
LIM_EEZ_02,LOC_EEZ_5401
LIM_EEZ_02,LOC_EEZ_5402
LIM_EEZ_02,LOC_EEZ_5403
LIM_EEZ_02,LOC_EEZ_5404
LIM_EEZ_02,LOC_EEZ_5405
LIM_EEZ_02,LOC_EEZ_5406
LIM_EEZ_02,LOC_EEZ_5407
LIM_EEZ_02,LOC_EEZ_5408
LIM_EEZ_02,LOC_EEZ_5409
LIM_EEZ_02,LOC_EEZ_5410
LIM_EEZ_02,LOC_EEZ_5411
LIM_EEZ_02,LOC_EEZ_5412
LIM_EEZ_02,LOC_EEZ_5413
LIM_EEZ_02,LOC_EEZ_5414
LIM_EEZ_02,LOC_EEZ_5415
LIM_EEZ_02,LOC_EEZ_5416
LIM_EEZ_02,LOC_EEZ_5417
LIM_EEZ_02,LOC_EEZ_5418
LIM_EEZ_02,LOC_EEZ_5419
LIM_EEZ_02,LOC_EEZ_5420
LIM_EEZ_02,LOC_EEZ_5421
LIM_EEZ_02,LOC_EEZ_5422
LIM_EEZ_02,LOC_EEZ_5423
LIM_EEZ_02,LOC_EEZ_5424
LIM_EEZ_02,LOC_EEZ_5425
LIM_EEZ_02,LOC_EEZ_5426
LIM_EEZ_02,LOC_EEZ_5427
LIM_EEZ_02,LOC_EEZ_5428
LIM_EEZ_02,LOC_EEZ_5429
LIM_EEZ_02,LOC_EEZ_5430
LIM_EEZ_02,LOC_EEZ_5431
LIM_EEZ_02,LOC_EEZ_5432
LIM_EEZ_02,LOC_EEZ_5433
LIM_EEZ_02,LOC_EEZ_5434
LIM_EEZ_02,LOC_EEZ_5435
LIM_EEZ_02,LOC_EEZ_5436
LIM_EEZ_02,LOC_EEZ_5437
LIM_EEZ_02,LOC_EEZ_5438
LIM_EEZ_02,LOC_EEZ_5439
LIM_EEZ_02,LOC_EEZ_5440
LIM_EEZ_02,LOC_EEZ_5441
LIM_EEZ_02,LOC_EEZ_5442
LIM_EEZ_02,LOC_EEZ_5443
LIM_EEZ_02,LOC_EEZ_5444
LIM_EEZ_02,LOC_EEZ_5445
LIM_EEZ_02,LOC_EEZ_5446
LIM_EEZ_02,LOC_EEZ_5447
LIM_EEZ_02,LOC_EEZ_5448
LIM_EEZ_02,LOC_EEZ_5449
LIM_EEZ_02,LOC_EEZ_5450
LIM_EEZ_02,LOC_EEZ_5451
LIM_EEZ_02,LOC_EEZ_5452
LIM_EEZ_02,LOC_EEZ_5453
LIM_EEZ_02,LOC_EEZ_5454
LIM_EEZ_02,LOC_EEZ_5455
LIM_EEZ_02,LOC_EEZ_5456
LIM_EEZ_02,LOC_EEZ_5457
LIM_EEZ_02,LOC_EEZ_5458
LIM_EEZ_02,LOC_EEZ_5459
LIM_EEZ_02,LOC_EEZ_5460
LIM_EEZ_02,LOC_EEZ_5461
LIM_EEZ_02,LOC_EEZ_5462
LIM_EEZ_02,LOC_EEZ_5463
LIM_EEZ_02,LOC_EEZ_5464
LIM_EEZ_02,LOC_EEZ_5465
LIM_EEZ_02,LOC_EEZ_5466
LIM_EEZ_02,LOC_EEZ_5467
LIM_EEZ_02,LOC_EEZ_5468
LIM_EEZ_02,LOC_EEZ_5469
LIM_EEZ_02,LOC_EEZ_5470
LIM_EEZ_02,LOC_EEZ_5471
LIM_EEZ_02,LOC_EEZ_5472
LIM_EEZ_02,LOC_EEZ_5473
LIM_EEZ_02,LOC_EEZ_5474
LIM_EEZ_02,LOC_EEZ_5475
LIM_EEZ_02,LOC_EEZ_5476
LIM_EEZ_02,LOC_EEZ_5477
LIM_EEZ_02,LOC_EEZ_5478
LIM_EEZ_02,LOC_EEZ_5479
LIM_EEZ_02,LOC_EEZ_5480
LIM_EEZ_02,LOC_EEZ_5481
LIM_EEZ_02,LOC_EEZ_5482
LIM_EEZ_02,LOC_EEZ_5483
LIM_EEZ_02,LOC_EEZ_5484
LIM_EEZ_02,LOC_EEZ_5485
LIM_EEZ_02,LOC_EEZ_5486
LIM_EEZ_02,LOC_EEZ_5487
LIM_EEZ_02,LOC_EEZ_5488
LIM_EEZ_02,LOC_EEZ_5489
LIM_EEZ_02,LOC_EEZ_5490
LIM_EEZ_02,LOC_EEZ_5491
LIM_EEZ_02,LOC_EEZ_5492
LIM_EEZ_02,LOC_EEZ_5493
LIM_EEZ_02,LOC_EEZ_5494
LIM_EEZ_02,LOC_EEZ_5495
LIM_EEZ_02,LOC_EEZ_5496
LIM_EEZ_02,LOC_EEZ_5497
LIM_EEZ_02,LOC_EEZ_5498
LIM_EEZ_02,LOC_EEZ_5499
LIM_EEZ_02,LOC_EEZ_5500
LIM_EEZ_02,LOC_EEZ_5501
LIM_EEZ_02,LOC_EEZ_5502
LIM_EEZ_02,LOC_EEZ_5503
LIM_EEZ_02,LOC_EEZ_5504
LIM_EEZ_02,LOC_EEZ_5505
LIM_EEZ_02,LOC_EEZ_5506
LIM_EEZ_02,LOC_EEZ_5507
LIM_EEZ_02,LOC_EEZ_5508
LIM_EEZ_02,LOC_EEZ_5509
LIM_EEZ_02,LOC_EEZ_5510
LIM_EEZ_02,LOC_EEZ_5511
LIM_EEZ_02,LOC_EEZ_5512
LIM_EEZ_02,LOC_EEZ_5513
LIM_EEZ_02,LOC_EEZ_5514
LIM_EEZ_02,LOC_EEZ_5515
LIM_EEZ_02,LOC_EEZ_5516
LIM_EEZ_02,LOC_EEZ_5517
LIM_EEZ_02,LOC_EEZ_5518
LIM_EEZ_02,LOC_EEZ_5519
LIM_EEZ_02,LOC_EEZ_5520
LIM_EEZ_02,LOC_EEZ_5521
LIM_EEZ_02,LOC_EEZ_5522
LIM_EEZ_02,LOC_EEZ_5523
LIM_EEZ_02,LOC_EEZ_5524
LIM_EEZ_02,LOC_EEZ_5525
LIM_EEZ_02,LOC_EEZ_5526
LIM_EEZ_02,LOC_EEZ_5527
LIM_EEZ_02,LOC_EEZ_5528
LIM_EEZ_02,LOC_EEZ_5529
LIM_EEZ_02,LOC_EEZ_5530
LIM_EEZ_02,LOC_EEZ_5531
LIM_EEZ_02,LOC_EEZ_5532
LIM_EEZ_02,LOC_EEZ_5533
LIM_EEZ_02,LOC_EEZ_5534
LIM_EEZ_02,LOC_EEZ_5535
LIM_EEZ_02,LOC_EEZ_5536
LIM_EEZ_02,LOC_EEZ_5537
LIM_EEZ_02,LOC_EEZ_5538
LIM_EEZ_02,LOC_EEZ_5539
LIM_EEZ_02,LOC_EEZ_5540
LIM_EEZ_02,LOC_EEZ_5541
LIM_EEZ_02,LOC_EEZ_5542
LIM_EEZ_02,LOC_EEZ_5543
LIM_EEZ_02,LOC_EEZ_5544
LIM_EEZ_02,LOC_EEZ_5545
LIM_EEZ_02,LOC_EEZ_5546
LIM_EEZ_02,LOC_EEZ_5547
LIM_EEZ_02,LOC_EEZ_5548
LIM_EEZ_02,LOC_EEZ_5549
LIM_EEZ_02,LOC_EEZ_5550
LIM_EEZ_02,LOC_EEZ_5551
LIM_EEZ_02,LOC_EEZ_5552
LIM_EEZ_02,LOC_EEZ_5553
LIM_EEZ_02,LOC_EEZ_5554
LIM_EEZ_02,LOC_EEZ_5555
LIM_EEZ_02,LOC_EEZ_5556
LIM_EEZ_02,LOC_EEZ_5557
LIM_EEZ_02,LOC_EEZ_5558
LIM_EEZ_02,LOC_EEZ_5559
LIM_EEZ_02,LOC_EEZ_5560
LIM_EEZ_02,LOC_EEZ_5561
LIM_EEZ_02,LOC_EEZ_5562
LIM_EEZ_02,LOC_EEZ_5563
LIM_EEZ_02,LOC_EEZ_5564
LIM_EEZ_02,LOC_EEZ_5565
LIM_EEZ_02,LOC_EEZ_5566
LIM_EEZ_02,LOC_EEZ_5567
LIM_EEZ_02,LOC_EEZ_5568
LIM_EEZ_02,LOC_EEZ_5569
LIM_EEZ_02,LOC_EEZ_5570
LIM_EEZ_02,LOC_EEZ_5571
LIM_EEZ_02,LOC_EEZ_5572
LIM_EEZ_02,LOC_EEZ_5573
LIM_EEZ_02,LOC_EEZ_5574
LIM_EEZ_02,LOC_EEZ_5575
LIM_EEZ_02,LOC_EEZ_5576
LIM_EEZ_02,LOC_EEZ_5577
LIM_EEZ_02,LOC_EEZ_5578
LIM_EEZ_02,LOC_EEZ_5579
LIM_EEZ_02,LOC_EEZ_5580
LIM_EEZ_02,LOC_EEZ_5581
LIM_EEZ_02,LOC_EEZ_5582
LIM_EEZ_02,LOC_EEZ_5583
LIM_EEZ_02,LOC_EEZ_5584
LIM_EEZ_02,LOC_EEZ_5585
LIM_EEZ_02,LOC_EEZ_5586
LIM_EEZ_02,LOC_EEZ_5587
LIM_EEZ_02,LOC_EEZ_5588
LIM_EEZ_02,LOC_EEZ_5589
LIM_EEZ_02,LOC_EEZ_5590
LIM_EEZ_02,LOC_EEZ_5591
LIM_EEZ_02,LOC_EEZ_5592
LIM_EEZ_02,LOC_EEZ_5593
LIM_EEZ_02,LOC_EEZ_5594
LIM_EEZ_02,LOC_EEZ_5595
LIM_EEZ_02,LOC_EEZ_5596
LIM_EEZ_02,LOC_EEZ_5597
LIM_EEZ_02,LOC_EEZ_5598
LIM_EEZ_02,LOC_EEZ_5599
LIM_EEZ_02,LOC_EEZ_5600
LIM_EEZ_02,LOC_EEZ_5601
LIM_EEZ_02,LOC_EEZ_5602
LIM_EEZ_02,LOC_EEZ_5603
LIM_EEZ_02,LOC_EEZ_5604
LIM_EEZ_02,LOC_EEZ_5605
LIM_EEZ_02,LOC_EEZ_5606
LIM_EEZ_02,LOC_EEZ_5607
LIM_EEZ_02,LOC_EEZ_5608
LIM_EEZ_02,LOC_EEZ_5609
LIM_EEZ_02,LOC_EEZ_5610
LIM_EEZ_02,LOC_EEZ_5611
LIM_EEZ_02,LOC_EEZ_5612
LIM_EEZ_02,LOC_EEZ_5613
LIM_EEZ_02,LOC_EEZ_5614
LIM_EEZ_02,LOC_EEZ_5615
LIM_EEZ_02,LOC_EEZ_5616
LIM_EEZ_02,LOC_EEZ_5617
LIM_EEZ_02,LOC_EEZ_5618
LIM_EEZ_02,LOC_EEZ_5619
LIM_EEZ_02,LOC_EEZ_5620
LIM_EEZ_02,LOC_EEZ_5621
LIM_EEZ_02,LOC_EEZ_5622
LIM_EEZ_02,LOC_EEZ_5623
LIM_EEZ_02,LOC_EEZ_5624
LIM_EEZ_02,LOC_EEZ_5625
LIM_EEZ_02,LOC_EEZ_5626
LIM_EEZ_02,LOC_EEZ_5627
LIM_EEZ_02,LOC_EEZ_5628
LIM_EEZ_02,LOC_EEZ_5629
LIM_EEZ_02,LOC_EEZ_5630
LIM_EEZ_02,LOC_EEZ_5631
LIM_EEZ_02,LOC_EEZ_5632
LIM_EEZ_02,LOC_EEZ_5633
LIM_EEZ_02,LOC_EEZ_5634
LIM_EEZ_02,LOC_EEZ_5635
LIM_EEZ_02,LOC_EEZ_5636
LIM_EEZ_02,LOC_EEZ_5637
LIM_EEZ_02,LOC_EEZ_5638
LIM_EEZ_02,LOC_EEZ_5639
LIM_EEZ_02,LOC_EEZ_5640
LIM_EEZ_02,LOC_EEZ_5641
LIM_EEZ_02,LOC_EEZ_5642
LIM_EEZ_02,LOC_EEZ_5643
LIM_EEZ_02,LOC_EEZ_5644
LIM_EEZ_02,LOC_EEZ_5645
LIM_EEZ_02,LOC_EEZ_5646
LIM_EEZ_02,LOC_EEZ_5647
LIM_EEZ_02,LOC_EEZ_5648
LIM_EEZ_02,LOC_EEZ_5649
LIM_EEZ_02,LOC_EEZ_5650
LIM_EEZ_02,LOC_EEZ_5651
LIM_EEZ_02,LOC_EEZ_5652
LIM_EEZ_02,LOC_EEZ_5653
LIM_EEZ_02,LOC_EEZ_5654
LIM_EEZ_02,LOC_EEZ_5655
LIM_EEZ_02,LOC_EEZ_5656
LIM_EEZ_02,LOC_EEZ_5657
LIM_EEZ_02,LOC_EEZ_5658
LIM_EEZ_02,LOC_EEZ_5659
LIM_EEZ_02,LOC_EEZ_5660
LIM_EEZ_02,LOC_EEZ_5661
LIM_EEZ_02,LOC_EEZ_5662
LIM_EEZ_02,LOC_EEZ_5663
LIM_EEZ_02,LOC_EEZ_5664
LIM_EEZ_02,LOC_EEZ_5665
LIM_EEZ_02,LOC_EEZ_5666
LIM_EEZ_02,LOC_EEZ_5667
LIM_EEZ_02,LOC_EEZ_5668
LIM_EEZ_02,LOC_EEZ_5669
LIM_EEZ_02,LOC_EEZ_5670
LIM_EEZ_02,LOC_EEZ_5671
LIM_EEZ_02,LOC_EEZ_5672
LIM_EEZ_02,LOC_EEZ_5673
LIM_EEZ_02,LOC_EEZ_5674
LIM_EEZ_02,LOC_EEZ_5675
LIM_EEZ_02,LOC_EEZ_5676
LIM_EEZ_02,LOC_EEZ_5677
LIM_EEZ_02,LOC_EEZ_5678
LIM_EEZ_02,LOC_EEZ_5679
LIM_EEZ_02,LOC_EEZ_5680
LIM_EEZ_02,LOC_EEZ_5681
LIM_EEZ_02,LOC_EEZ_5682
LIM_EEZ_02,LOC_EEZ_5683
LIM_EEZ_02,LOC_EEZ_5684
LIM_EEZ_02,LOC_EEZ_5685
LIM_EEZ_02,LOC_EEZ_5686
LIM_EEZ_02,LOC_EEZ_5687
LIM_EEZ_02,LOC_EEZ_5688
LIM_EEZ_02,LOC_EEZ_5689
LIM_EEZ_02,LOC_EEZ_5690
LIM_EEZ_02,LOC_EEZ_5691
LIM_EEZ_02,LOC_EEZ_5692
LIM_EEZ_02,LOC_EEZ_5693
LIM_EEZ_02,LOC_EEZ_5694
LIM_EEZ_02,LOC_EEZ_5695
LIM_EEZ_02,LOC_EEZ_5696
LIM_EEZ_02,LOC_EEZ_5697
LIM_EEZ_02,LOC_EEZ_5698
LIM_EEZ_02,LOC_EEZ_5699
LIM_EEZ_02,LOC_EEZ_5700
LIM_EEZ_02,LOC_EEZ_5701
LIM_EEZ_02,LOC_EEZ_5702
LIM_EEZ_02,LOC_EEZ_5703
LIM_EEZ_02,LOC_EEZ_5704
LIM_EEZ_02,LOC_EEZ_5705
LIM_EEZ_02,LOC_EEZ_5706
LIM_EEZ_02,LOC_EEZ_5707
LIM_EEZ_02,LOC_EEZ_5708
LIM_EEZ_02,LOC_EEZ_5709
LIM_EEZ_02,LOC_EEZ_5710
LIM_EEZ_02,LOC_EEZ_5711
LIM_EEZ_02,LOC_EEZ_5712
LIM_EEZ_02,LOC_EEZ_5713
LIM_EEZ_02,LOC_EEZ_5714
LIM_EEZ_02,LOC_EEZ_5715
LIM_EEZ_02,LOC_EEZ_5716
LIM_EEZ_02,LOC_EEZ_5717
LIM_EEZ_02,LOC_EEZ_5718
LIM_EEZ_02,LOC_EEZ_5719
LIM_EEZ_02,LOC_EEZ_5720
LIM_EEZ_02,LOC_EEZ_5721
LIM_EEZ_02,LOC_EEZ_5722
LIM_EEZ_02,LOC_EEZ_5723
LIM_EEZ_02,LOC_EEZ_5724
LIM_EEZ_02,LOC_EEZ_5725
LIM_EEZ_02,LOC_EEZ_5726
LIM_EEZ_02,LOC_EEZ_5727
LIM_EEZ_02,LOC_EEZ_5728
LIM_EEZ_02,LOC_EEZ_5729
LIM_EEZ_02,LOC_EEZ_5730
LIM_EEZ_02,LOC_EEZ_5731
LIM_EEZ_02,LOC_EEZ_5732
LIM_EEZ_02,LOC_EEZ_5733
LIM_EEZ_02,LOC_EEZ_5734
LIM_EEZ_02,LOC_EEZ_5735
LIM_EEZ_02,LOC_EEZ_5736
LIM_EEZ_02,LOC_EEZ_5737
LIM_EEZ_02,LOC_EEZ_5738
LIM_EEZ_02,LOC_EEZ_5739
LIM_EEZ_02,LOC_EEZ_5740
LIM_EEZ_02,LOC_EEZ_5741
LIM_EEZ_02,LOC_EEZ_5742
LIM_EEZ_02,LOC_EEZ_5743
LIM_EEZ_02,LOC_EEZ_5744
LIM_EEZ_02,LOC_EEZ_5745
LIM_EEZ_02,LOC_EEZ_5746
LIM_EEZ_02,LOC_EEZ_5747
LIM_EEZ_02,LOC_EEZ_5748
LIM_EEZ_02,LOC_EEZ_5749
LIM_EEZ_02,LOC_EEZ_5750
LIM_EEZ_02,LOC_EEZ_5751
LIM_EEZ_02,LOC_EEZ_5752
LIM_EEZ_02,LOC_EEZ_5753
LIM_EEZ_02,LOC_EEZ_5754
LIM_EEZ_02,LOC_EEZ_5755
LIM_EEZ_02,LOC_EEZ_5756
LIM_EEZ_02,LOC_EEZ_5757
LIM_EEZ_02,LOC_EEZ_5758
LIM_EEZ_02,LOC_EEZ_5759
LIM_EEZ_02,LOC_EEZ_5760
LIM_EEZ_02,LOC_EEZ_5761
LIM_EEZ_02,LOC_EEZ_5762
LIM_EEZ_02,LOC_EEZ_5763
LIM_EEZ_02,LOC_EEZ_5764
LIM_EEZ_02,LOC_EEZ_5765
LIM_EEZ_02,LOC_EEZ_5766
LIM_EEZ_02,LOC_EEZ_5767
LIM_EEZ_02,LOC_EEZ_5768
LIM_EEZ_02,LOC_EEZ_5769
LIM_EEZ_02,LOC_EEZ_5770
LIM_EEZ_02,LOC_EEZ_5771
LIM_EEZ_02,LOC_EEZ_5772
LIM_EEZ_02,LOC_EEZ_5773
LIM_EEZ_02,LOC_EEZ_5774
LIM_EEZ_02,LOC_EEZ_5775
LIM_EEZ_02,LOC_EEZ_5776
LIM_EEZ_02,LOC_EEZ_5777
LIM_EEZ_02,LOC_EEZ_5778
LIM_EEZ_02,LOC_EEZ_5779
LIM_EEZ_02,LOC_EEZ_5780
LIM_EEZ_02,LOC_EEZ_5781
LIM_EEZ_02,LOC_EEZ_5782
LIM_EEZ_02,LOC_EEZ_5783
LIM_EEZ_02,LOC_EEZ_5784
LIM_EEZ_02,LOC_EEZ_5785
LIM_EEZ_02,LOC_EEZ_5786
LIM_EEZ_02,LOC_EEZ_5787
LIM_EEZ_02,LOC_EEZ_5788
LIM_EEZ_02,LOC_EEZ_5789
LIM_EEZ_02,LOC_EEZ_5790
LIM_EEZ_02,LOC_EEZ_5791
LIM_EEZ_02,LOC_EEZ_5792
LIM_EEZ_02,LOC_EEZ_5793
LIM_EEZ_02,LOC_EEZ_5794
LIM_EEZ_02,LOC_EEZ_5795
LIM_EEZ_02,LOC_EEZ_5796
LIM_EEZ_02,LOC_EEZ_5797
LIM_EEZ_02,LOC_EEZ_5798
LIM_EEZ_02,LOC_EEZ_5799
LIM_EEZ_02,LOC_EEZ_5800
LIM_EEZ_02,LOC_EEZ_5801
LIM_EEZ_02,LOC_EEZ_5802
LIM_EEZ_02,LOC_EEZ_5803
LIM_EEZ_02,LOC_EEZ_5804
LIM_EEZ_02,LOC_EEZ_5805
LIM_EEZ_02,LOC_EEZ_5806
LIM_EEZ_02,LOC_EEZ_5807
LIM_EEZ_02,LOC_EEZ_5808
LIM_EEZ_02,LOC_EEZ_5809
LIM_EEZ_02,LOC_EEZ_5810
LIM_EEZ_02,LOC_EEZ_5811
LIM_EEZ_02,LOC_EEZ_5812
LIM_EEZ_02,LOC_EEZ_5813
LIM_EEZ_02,LOC_EEZ_5814
LIM_EEZ_02,LOC_EEZ_5815
LIM_EEZ_02,LOC_EEZ_5816
LIM_EEZ_02,LOC_EEZ_5817
LIM_EEZ_02,LOC_EEZ_5818
LIM_EEZ_02,LOC_EEZ_5819
LIM_EEZ_02,LOC_EEZ_5820
LIM_EEZ_02,LOC_EEZ_5821
LIM_EEZ_02,LOC_EEZ_5822
LIM_EEZ_02,LOC_EEZ_5823
LIM_EEZ_02,LOC_EEZ_5824
LIM_EEZ_02,LOC_EEZ_5825
LIM_EEZ_02,LOC_EEZ_5826
LIM_EEZ_02,LOC_EEZ_5827
LIM_EEZ_02,LOC_EEZ_5828
LIM_EEZ_02,LOC_EEZ_5829
LIM_EEZ_02,LOC_EEZ_5830
LIM_EEZ_02,LOC_EEZ_5831
LIM_EEZ_02,LOC_EEZ_5832
LIM_EEZ_02,LOC_EEZ_5833
LIM_EEZ_02,LOC_EEZ_5834
LIM_EEZ_02,LOC_EEZ_5835
LIM_EEZ_02,LOC_EEZ_5836
LIM_EEZ_02,LOC_EEZ_5837
LIM_EEZ_02,LOC_EEZ_5838
LIM_EEZ_02,LOC_EEZ_5839
LIM_EEZ_02,LOC_EEZ_5840
LIM_EEZ_02,LOC_EEZ_5841
LIM_EEZ_02,LOC_EEZ_5842
LIM_EEZ_02,LOC_EEZ_5843
LIM_EEZ_02,LOC_EEZ_5844
LIM_EEZ_02,LOC_EEZ_5845
LIM_EEZ_02,LOC_EEZ_5846
LIM_EEZ_02,LOC_EEZ_5847
LIM_EEZ_02,LOC_EEZ_5848
LIM_EEZ_02,LOC_EEZ_5849
LIM_EEZ_02,LOC_EEZ_5850
LIM_EEZ_02,LOC_EEZ_5851
LIM_EEZ_02,LOC_EEZ_5852
LIM_EEZ_02,LOC_EEZ_5853
LIM_EEZ_02,LOC_EEZ_5854
LIM_EEZ_02,LOC_EEZ_5855
LIM_EEZ_02,LOC_EEZ_5856
LIM_EEZ_02,LOC_EEZ_5857
LIM_EEZ_02,LOC_EEZ_5858
LIM_EEZ_02,LOC_EEZ_5859
LIM_EEZ_02,LOC_EEZ_5860
LIM_EEZ_02,LOC_EEZ_5861
LIM_EEZ_02,LOC_EEZ_5862
LIM_EEZ_02,LOC_EEZ_5863
LIM_EEZ_02,LOC_EEZ_5864
LIM_EEZ_02,LOC_EEZ_5865
LIM_EEZ_02,LOC_EEZ_5866
LIM_EEZ_02,LOC_EEZ_5867
LIM_EEZ_02,LOC_EEZ_5868
LIM_EEZ_02,LOC_EEZ_5869
LIM_EEZ_02,LOC_EEZ_5870
LIM_EEZ_02,LOC_EEZ_5871
LIM_EEZ_02,LOC_EEZ_5872
LIM_EEZ_02,LOC_EEZ_5873
LIM_EEZ_02,LOC_EEZ_5874
LIM_EEZ_02,LOC_EEZ_5875
LIM_EEZ_02,LOC_EEZ_5876
LIM_EEZ_02,LOC_EEZ_5877
LIM_EEZ_02,LOC_EEZ_5878
LIM_EEZ_02,LOC_EEZ_5879
LIM_EEZ_02,LOC_EEZ_5880
LIM_EEZ_02,LOC_EEZ_5881
LIM_EEZ_02,LOC_EEZ_5882
LIM_EEZ_02,LOC_EEZ_5883
LIM_EEZ_02,LOC_EEZ_5884
LIM_EEZ_02,LOC_EEZ_5885
LIM_EEZ_02,LOC_EEZ_5886
LIM_EEZ_02,LOC_EEZ_5887
LIM_EEZ_02,LOC_EEZ_5888
LIM_EEZ_02,LOC_EEZ_5889
LIM_EEZ_02,LOC_EEZ_5890
LIM_EEZ_02,LOC_EEZ_5891
LIM_EEZ_02,LOC_EEZ_5892
LIM_EEZ_02,LOC_EEZ_5893
LIM_EEZ_02,LOC_EEZ_5894
LIM_EEZ_02,LOC_EEZ_5895
LIM_EEZ_02,LOC_EEZ_5896
LIM_EEZ_02,LOC_EEZ_5897
LIM_EEZ_02,LOC_EEZ_5898
LIM_EEZ_02,LOC_EEZ_5899
LIM_EEZ_02,LOC_EEZ_5900
LIM_EEZ_02,LOC_EEZ_5901
LIM_EEZ_02,LOC_EEZ_5902
LIM_EEZ_02,LOC_EEZ_5903
LIM_EEZ_02,LOC_EEZ_5904
LIM_EEZ_02,LOC_EEZ_5905
LIM_EEZ_02,LOC_EEZ_5906
LIM_EEZ_02,LOC_EEZ_5907
LIM_EEZ_02,LOC_EEZ_5908
LIM_EEZ_02,LOC_EEZ_5909
LIM_EEZ_02,LOC_EEZ_5910
LIM_EEZ_02,LOC_EEZ_5911
LIM_EEZ_02,LOC_EEZ_5912
LIM_EEZ_02,LOC_EEZ_5913
LIM_EEZ_02,LOC_EEZ_5914
LIM_EEZ_02,LOC_EEZ_5915
LIM_EEZ_02,LOC_EEZ_5916
LIM_EEZ_02,LOC_EEZ_5917
LIM_EEZ_02,LOC_EEZ_5918
LIM_EEZ_02,LOC_EEZ_5919
LIM_EEZ_02,LOC_EEZ_5920
LIM_EEZ_02,LOC_EEZ_5921
LIM_EEZ_02,LOC_EEZ_5922
LIM_EEZ_02,LOC_EEZ_5923
LIM_EEZ_02,LOC_EEZ_5924
LIM_EEZ_02,LOC_EEZ_5925
LIM_EEZ_02,LOC_EEZ_5926
LIM_EEZ_02,LOC_EEZ_5927
LIM_EEZ_02,LOC_EEZ_5928
LIM_EEZ_02,LOC_EEZ_5929
LIM_EEZ_02,LOC_EEZ_5930
LIM_EEZ_02,LOC_EEZ_5931
LIM_EEZ_02,LOC_EEZ_5932
LIM_EEZ_02,LOC_EEZ_5933
LIM_EEZ_02,LOC_EEZ_5934
LIM_EEZ_02,LOC_EEZ_5935
LIM_EEZ_02,LOC_EEZ_5936
LIM_EEZ_02,LOC_EEZ_5937
LIM_EEZ_02,LOC_EEZ_5938
LIM_EEZ_02,LOC_EEZ_5939
LIM_EEZ_02,LOC_EEZ_5940
LIM_EEZ_02,LOC_EEZ_5941
LIM_EEZ_02,LOC_EEZ_5942
LIM_EEZ_02,LOC_EEZ_5943
LIM_EEZ_02,LOC_EEZ_5944
LIM_EEZ_02,LOC_EEZ_5945
LIM_EEZ_02,LOC_EEZ_5946
LIM_EEZ_02,LOC_EEZ_5947
LIM_EEZ_02,LOC_EEZ_5948
LIM_EEZ_02,LOC_EEZ_5949
LIM_EEZ_02,LOC_EEZ_5950
LIM_EEZ_02,LOC_EEZ_5951
LIM_EEZ_02,LOC_EEZ_5952
LIM_EEZ_02,LOC_EEZ_5953
LIM_EEZ_02,LOC_EEZ_5954
LIM_EEZ_02,LOC_EEZ_5955
LIM_EEZ_02,LOC_EEZ_5956
LIM_EEZ_02,LOC_EEZ_5957
LIM_EEZ_02,LOC_EEZ_5958
LIM_EEZ_02,LOC_EEZ_5959
LIM_EEZ_02,LOC_EEZ_5960
LIM_EEZ_02,LOC_EEZ_5961
LIM_EEZ_02,LOC_EEZ_5962
LIM_EEZ_02,LOC_EEZ_5963
LIM_EEZ_02,LOC_EEZ_5964
LIM_EEZ_02,LOC_EEZ_5965
LIM_EEZ_02,LOC_EEZ_5966
LIM_EEZ_02,LOC_EEZ_5967
LIM_EEZ_02,LOC_EEZ_5968
LIM_EEZ_02,LOC_EEZ_5969
LIM_EEZ_02,LOC_EEZ_5970
LIM_EEZ_02,LOC_EEZ_5971
LIM_EEZ_02,LOC_EEZ_5972
LIM_EEZ_02,LOC_EEZ_5973
LIM_EEZ_02,LOC_EEZ_5974
LIM_EEZ_02,LOC_EEZ_5975
LIM_EEZ_02,LOC_EEZ_5976
LIM_EEZ_02,LOC_EEZ_5977
LIM_EEZ_02,LOC_EEZ_5978
LIM_EEZ_02,LOC_EEZ_5979
LIM_EEZ_02,LOC_EEZ_5980
LIM_EEZ_02,LOC_EEZ_5981
LIM_EEZ_02,LOC_EEZ_5982
LIM_EEZ_02,LOC_EEZ_5983
LIM_EEZ_02,LOC_EEZ_5984
LIM_EEZ_02,LOC_EEZ_5985
LIM_EEZ_02,LOC_EEZ_5986
LIM_EEZ_02,LOC_EEZ_5987
LIM_EEZ_02,LOC_EEZ_5988
LIM_EEZ_02,LOC_EEZ_5989
LIM_EEZ_02,LOC_EEZ_5990
LIM_EEZ_02,LOC_EEZ_5991
LIM_EEZ_02,LOC_EEZ_5992
LIM_EEZ_02,LOC_EEZ_5993
LIM_EEZ_02,LOC_EEZ_5994
LIM_EEZ_02,LOC_EEZ_5995
LIM_EEZ_02,LOC_EEZ_5996
LIM_EEZ_02,LOC_EEZ_5997
LIM_EEZ_02,LOC_EEZ_5998
LIM_EEZ_02,LOC_EEZ_5999
LIM_EEZ_02,LOC_EEZ_6000
LIM_EEZ_02,LOC_EEZ_6001
LIM_EEZ_02,LOC_EEZ_6002
LIM_EEZ_02,LOC_EEZ_6003
LIM_EEZ_02,LOC_EEZ_6004
LIM_EEZ_02,LOC_EEZ_6005
LIM_EEZ_02,LOC_EEZ_6006
LIM_EEZ_02,LOC_EEZ_6007
LIM_EEZ_02,LOC_EEZ_6008
LIM_EEZ_02,LOC_EEZ_6009
LIM_EEZ_02,LOC_EEZ_6010
LIM_EEZ_02,LOC_EEZ_6011
LIM_EEZ_02,LOC_EEZ_6012
LIM_EEZ_02,LOC_EEZ_6013
LIM_EEZ_02,LOC_EEZ_6014
LIM_EEZ_02,LOC_EEZ_6015
LIM_EEZ_02,LOC_EEZ_6016
LIM_EEZ_02,LOC_EEZ_6017
LIM_EEZ_02,LOC_EEZ_6018
LIM_EEZ_02,LOC_EEZ_6019
LIM_EEZ_02,LOC_EEZ_6020
LIM_EEZ_02,LOC_EEZ_6021
LIM_EEZ_02,LOC_EEZ_6022
LIM_EEZ_02,LOC_EEZ_6023
LIM_EEZ_02,LOC_EEZ_6024
LIM_EEZ_02,LOC_EEZ_6025
LIM_EEZ_02,LOC_EEZ_6026
LIM_EEZ_02,LOC_EEZ_6027
LIM_EEZ_02,LOC_EEZ_6028
LIM_EEZ_02,LOC_EEZ_6029
LIM_EEZ_02,LOC_EEZ_6030
LIM_EEZ_02,LOC_EEZ_6031
LIM_EEZ_02,LOC_EEZ_6032
LIM_EEZ_02,LOC_EEZ_6033
LIM_EEZ_02,LOC_EEZ_6034
LIM_EEZ_02,LOC_EEZ_6035
LIM_EEZ_02,LOC_EEZ_6036
LIM_EEZ_02,LOC_EEZ_6037
LIM_EEZ_02,LOC_EEZ_6038
LIM_EEZ_02,LOC_EEZ_6039
LIM_EEZ_02,LOC_EEZ_6040
LIM_EEZ_02,LOC_EEZ_6041
LIM_EEZ_02,LOC_EEZ_6042
LIM_EEZ_02,LOC_EEZ_6043
LIM_EEZ_02,LOC_EEZ_6044
LIM_EEZ_02,LOC_EEZ_6045
LIM_EEZ_02,LOC_EEZ_6046
LIM_EEZ_02,LOC_EEZ_6047
LIM_EEZ_02,LOC_EEZ_6048
LIM_EEZ_02,LOC_EEZ_6049
LIM_EEZ_02,LOC_EEZ_6050
LIM_EEZ_02,LOC_EEZ_6051
LIM_EEZ_02,LOC_EEZ_6052
LIM_EEZ_02,LOC_EEZ_6053
LIM_EEZ_02,LOC_EEZ_6054
LIM_EEZ_02,LOC_EEZ_6055
LIM_EEZ_02,LOC_EEZ_6056
LIM_EEZ_02,LOC_EEZ_6057
LIM_EEZ_02,LOC_EEZ_6058
LIM_EEZ_02,LOC_EEZ_6059
LIM_EEZ_02,LOC_EEZ_6060
LIM_EEZ_02,LOC_EEZ_6061
LIM_EEZ_02,LOC_EEZ_6062
LIM_EEZ_02,LOC_EEZ_6063
LIM_EEZ_02,LOC_EEZ_6064
LIM_EEZ_02,LOC_EEZ_6065
LIM_EEZ_02,LOC_EEZ_6066
LIM_EEZ_02,LOC_EEZ_6067
LIM_EEZ_02,LOC_EEZ_6068
LIM_EEZ_02,LOC_EEZ_6069
LIM_EEZ_02,LOC_EEZ_6070
LIM_EEZ_02,LOC_EEZ_6071
LIM_EEZ_02,LOC_EEZ_6072
LIM_EEZ_02,LOC_EEZ_6073
LIM_EEZ_02,LOC_EEZ_6074
LIM_EEZ_02,LOC_EEZ_6075
LIM_EEZ_02,LOC_EEZ_6076
LIM_EEZ_02,LOC_EEZ_6077
LIM_EEZ_02,LOC_EEZ_6078
LIM_EEZ_02,LOC_EEZ_6079
LIM_EEZ_02,LOC_EEZ_6080
LIM_EEZ_02,LOC_EEZ_6081
LIM_EEZ_02,LOC_EEZ_6082
LIM_EEZ_02,LOC_EEZ_6083
LIM_EEZ_02,LOC_EEZ_6084
LIM_EEZ_02,LOC_EEZ_6085
LIM_EEZ_02,LOC_EEZ_6086
LIM_EEZ_02,LOC_EEZ_6087
LIM_EEZ_02,LOC_EEZ_6088
LIM_EEZ_02,LOC_EEZ_6089
LIM_EEZ_02,LOC_EEZ_6090
LIM_EEZ_02,LOC_EEZ_6091
LIM_EEZ_02,P_B_CS_03_PNG_1980
LIM_EEZ_02,P_B_EEZ_Z1_AUS_1997
LIM_EEZ_05,P_B_EEZ_Z2_AUS_1997
LIM_EEZ_05,P_B_EEZ_Z3_AUS_1997
LIM_EEZ_05,P_B_EEZ_Z4_AUS_1997
LIM_EEZ_05,P_B_EEZ_Z5_AUS_1997
LIM_EEZ_05,P_B_EEZ_Z6_AUS_1997
LIM_EEZ_05,P_B_EEZ_Z7_AUS_1997
LIM_EEZ_05,P_B_EEZ_Z8_AUS_1997
LIM_EEZ_05,P_B_EEZ_Z9_AUS_1997
LIM_EEZ_05,P_B_EEZ_Z10_AUS_1997
LIM_EEZ_05,P_B_EEZ_Z1_AUS_1997
LIM_EEZ_05,P_B_EEZ_Z11_AUS_1997
LIM_EEZ_05,P_B_EEZ_Z12_AUS_1997
LIM_EEZ_05,P_B_EEZ_Z13_AUS_1997
LIM_EEZ_05,P_B_EEZ_Z14_AUS_1997
LIM_EEZ_05,P_B_EEZ_Z15_AUS_1997
LIM_EEZ_05,P_B_EEZ_Z16_AUS_1997
LIM_EEZ_05,P_B_EEZ_Z17_AUS_1997
LIM_EEZ_05,P_B_EEZ_Z18_AUS_1997
LIM_EEZ_05,P_B_EEZ_Z19_AUS_1997
LIM_EEZ_05,P_B_EEZ_Z20_AUS_1997
LIM_EEZ_05,P_B_EEZ_Z21_AUS_1997
LIM_EEZ_05,P_B_EEZ_Z22_AUS_1997
LIM_EEZ_05,P_B_EEZ_Z23_AUS_1997
LIM_EEZ_05,P_B_EEZ_Z24_AUS_1997
LIM_EEZ_05,P_B_EEZ_Z25_AUS_1997
LIM_EEZ_05,P_B_EEZ_Z26_AUS_1997
LIM_EEZ_05,P_B_EEZ_Z27_AUS_1997
LIM_EEZ_05,P_B_EEZ_Z27_AUS_1997
LIM_EEZ_05,P_B_EEZ_Z28_AUS_1997
LIM_EEZ_05,LOC_EEZ_0063
LIM_EEZ_05,LOC_EEZ_0063
LIM_EEZ_03F,LOC_EEZ_0064
LIM_EEZ_03F,LOC_EEZ_0065
LIM_EEZ_03F,LOC_EEZ_0066
LIM_EEZ_03F,LOC_EEZ_0067
LIM_EEZ_03F,P_B_CS_A16_AUS_1972
LIM_EEZ_03F,LOC_TS_1279
LIM_EEZ_03F,LOC_EEZ_9384
LIM_EEZ_03F,LOC_EEZ_9385
LIM_EEZ_03F,LOC_EEZ_9386
LIM_EEZ_03F,LOC_EEZ_9387
LIM_EEZ_03F,LOC_EEZ_9388
LIM_EEZ_03F,LOC_EEZ_9389
LIM_EEZ_03F,LOC_EEZ_9390
LIM_EEZ_03F,LOC_EEZ_9391
LIM_EEZ_03F,LOC_EEZ_9392
LIM_EEZ_03F,LOC_EEZ_9393
LIM_EEZ_03F,LOC_EEZ_9394
LIM_EEZ_03F,LOC_EEZ_9395
LIM_EEZ_03F,LOC_TS_1232
LIM_EEZ_03F,P_B_CS_A17_AUS_1972
LIM_EEZ_03F,LOC_EEZ_0061
LIM_EEZ_03F,LOC_EEZ_0062
LIM_EEZ_03F,LOC_EEZ_0062
LIM_EEZ_05,P_B_EEZ_Z38_AUS_1997
LIM_EEZ_05,P_B_EEZ_Z39_AUS_1997
LIM_EEZ_05,P_B_EEZ_Z40_AUS_1997
LIM_EEZ_05,P_B_EEZ_Z41_AUS_1997
LIM_EEZ_05,P_B_EEZ_Z42_AUS_1997
LIM_EEZ_05,P_B_EEZ_Z43_AUS_1997
LIM_EEZ_05,P_B_EEZ_Z43_AUS_1997
LIM_EEZ_05,P_B_EEZ_Z44_AUS_1997
LIM_EEZ_05,P_B_EEZ_Z45_AUS_1997
LIM_EEZ_05,P_B_EEZ_Z46_AUS_1997
LIM_EEZ_05,P_B_EEZ_Z47_AUS_1997
LIM_EEZ_05,P_B_EEZ_Z48_AUS_1997
LIM_EEZ_05,P_B_EEZ_Z49_AUS_1997
LIM_EEZ_05,P_B_EEZ_Z50_AUS_1997
LIM_EEZ_05,P_B_EEZ_Z51_AUS_1997
LIM_EEZ_05,P_B_EEZ_Z52_AUS_1997
LIM_EEZ_05,P_B_EEZ_Z53_AUS_1997
LIM_EEZ_05,P_B_EEZ_Z54_AUS_1997
LIM_EEZ_05,P_B_EEZ_Z55_AUS_1997
LIM_EEZ_05,P_B_EEZ_Z56_AUS_1997
LIM_EEZ_05,P_B_EEZ_Z57_AUS_1997
LIM_EEZ_05,P_B_EEZ_Z58_AUS_1997
LIM_EEZ_05,P_B_EEZ_Z59_AUS_1997
LIM_EEZ_05,P_B_EEZ_Z60_AUS_1997
LIM_EEZ_05,P_B_EEZ_Z61_AUS_1997
LIM_EEZ_05,P_B_EEZ_Z62_AUS_1997
LIM_EEZ_05,P_B_EEZ_Z62_AUS_1997
LIM_EEZ_05,P_B_EEZ_Z63_AUS_1997
LIM_EEZ_05,P_B_EEZ_Z64_AUS_1997
LIM_EEZ_05,P_B_EEZ_Z65_AUS_1997
LIM_EEZ_05,P_B_EEZ_Z66_AUS_1997
LIM_EEZ_05,P_B_EEZ_Z67_AUS_1997
LIM_EEZ_05,P_B_EEZ_Z68_AUS_1997
LIM_EEZ_05,P_B_EEZ_Z69_AUS_1997
LIM_EEZ_05,P_B_EEZ_Z70_AUS_1997
LIM_EEZ_05,P_B_EEZ_Z71_AUS_1997
LIM_EEZ_05,P_B_EEZ_Z72_AUS_1997
LIM_EEZ_05,P_B_EEZ_Z73_AUS_1997
LIM_EEZ_05,P_B_EEZ_Z74_AUS_1997
LIM_EEZ_05,P_B_EEZ_Z75_AUS_1997
LIM_EEZ_05,P_B_EEZ_Z76_AUS_1997
LIM_EEZ_05,P_B_EEZ_Z77_AUS_1997
LIM_EEZ_05,P_B_EEZ_Z78_AUS_1997
LIM_EEZ_05,P_B_EEZ_Z79_AUS_1997
LIM_EEZ_05,P_B_EEZ_Z80_AUS_1997
LIM_EEZ_05,P_B_EEZ_Z81_AUS_1997
LIM_EEZ_05,P_B_EEZ_Z82_AUS_1997
LIM_EEZ_05,P_B_EEZ_Z83_AUS_1997
LIM_EEZ_05,P_B_EEZ_Z84_AUS_1997
LIM_EEZ_05,P_B_EEZ_Z85_AUS_1997
LIM_EEZ_05,P_B_EEZ_Z85_AUS_1997
LIM_EEZ_05,P_B_EEZ_Z86_AUS_1997
LIM_EEZ_05,P_B_EEZ_Z87_AUS_1997
LIM_EEZ_05,P_B_EEZ_Z88_AUS_1997
LIM_EEZ_05,P_B_EEZ_Z89_AUS_1997
LIM_EEZ_05,P_B_EEZ_Z90_AUS_1997
LIM_EEZ_05,P_B_EEZ_Z91_AUS_1997
LIM_EEZ_05,P_B_EEZ_Z92_AUS_1997
LIM_EEZ_05,P_B_EEZ_Z93_AUS_1997
LIM_EEZ_05,P_B_EEZ_Z94_AUS_1997
LIM_EEZ_05,P_B_EEZ_Z95_AUS_1997
LIM_EEZ_05,P_B_EEZ_Z96_AUS_1997
LIM_EEZ_05,P_B_EEZ_Z97_AUS_1997
LIM_EEZ_05,P_B_EEZ_Z98_AUS_1997
LIM_EEZ_05,P_B_EEZ_Z99_AUS_1997
LIM_EEZ_05,P_B_EEZ_Z100_AUS_1997
LIM_EEZ_05,LOC_EEZ_9383
LIM_EEZ_05,LOC_EEZ_9383
LIM_EEZ_02,LOC_EEZ_8660
LIM_EEZ_02,LOC_EEZ_8661
LIM_EEZ_02,LOC_EEZ_8662
LIM_EEZ_02,LOC_EEZ_8663
LIM_EEZ_02,LOC_EEZ_8664
LIM_EEZ_02,LOC_EEZ_8665
LIM_EEZ_02,LOC_EEZ_8666
LIM_EEZ_02,LOC_EEZ_8667
LIM_EEZ_02,LOC_EEZ_8668
LIM_EEZ_02,LOC_EEZ_8669
LIM_EEZ_02,LOC_EEZ_8670
LIM_EEZ_02,LOC_EEZ_8671
LIM_EEZ_02,LOC_EEZ_8672
LIM_EEZ_02,LOC_EEZ_8673
LIM_EEZ_02,LOC_EEZ_8674
LIM_EEZ_02,LOC_EEZ_8675
LIM_EEZ_02,LOC_EEZ_8676
LIM_EEZ_02,LOC_EEZ_8677
LIM_EEZ_02,LOC_EEZ_8678
LIM_EEZ_02,LOC_EEZ_8679
LIM_EEZ_02,LOC_EEZ_8680
LIM_EEZ_02,LOC_EEZ_8681
LIM_EEZ_02,LOC_EEZ_8682
LIM_EEZ_02,LOC_EEZ_8683
LIM_EEZ_02,LOC_EEZ_8684
LIM_EEZ_02,LOC_EEZ_8685
LIM_EEZ_02,LOC_EEZ_8686
LIM_EEZ_02,LOC_EEZ_8687
LIM_EEZ_02,LOC_EEZ_8688
LIM_EEZ_02,LOC_EEZ_8689
LIM_EEZ_02,LOC_EEZ_8690
LIM_EEZ_02,LOC_EEZ_8691
LIM_EEZ_02,LOC_EEZ_8692
LIM_EEZ_02,LOC_EEZ_8693
LIM_EEZ_02,LOC_EEZ_8694
LIM_EEZ_02,LOC_EEZ_8695
LIM_EEZ_02,LOC_EEZ_8696
LIM_EEZ_02,LOC_EEZ_8697
LIM_EEZ_02,LOC_EEZ_8698
LIM_EEZ_02,LOC_EEZ_8699
LIM_EEZ_02,LOC_EEZ_8700
LIM_EEZ_02,LOC_EEZ_8701
LIM_EEZ_02,LOC_EEZ_8702
LIM_EEZ_02,LOC_EEZ_8703
LIM_EEZ_02,LOC_EEZ_8704
LIM_EEZ_02,LOC_EEZ_8705
LIM_EEZ_02,LOC_EEZ_8706
LIM_EEZ_02,LOC_EEZ_8707
LIM_EEZ_02,LOC_EEZ_8708
LIM_EEZ_02,LOC_EEZ_8709
LIM_EEZ_02,LOC_EEZ_8710
LIM_EEZ_02,LOC_EEZ_8711
LIM_EEZ_02,LOC_EEZ_8712
LIM_EEZ_02,LOC_EEZ_8713
LIM_EEZ_02,LOC_EEZ_8714
LIM_EEZ_02,LOC_EEZ_8715
LIM_EEZ_02,LOC_EEZ_8716
LIM_EEZ_02,LOC_EEZ_8717
LIM_EEZ_02,LOC_EEZ_8718
LIM_EEZ_02,LOC_EEZ_8719
LIM_EEZ_02,LOC_EEZ_8720
LIM_EEZ_02,LOC_EEZ_8721
LIM_EEZ_02,LOC_EEZ_8722
LIM_EEZ_02,LOC_EEZ_8723
LIM_EEZ_02,LOC_EEZ_8724
LIM_EEZ_02,LOC_EEZ_8725
LIM_EEZ_02,LOC_EEZ_8726
LIM_EEZ_02,LOC_EEZ_8727
LIM_EEZ_02,LOC_EEZ_8728
LIM_EEZ_02,LOC_EEZ_8729
LIM_EEZ_02,LOC_EEZ_8730
LIM_EEZ_02,LOC_EEZ_8731
LIM_EEZ_02,LOC_EEZ_8732
LIM_EEZ_02,LOC_EEZ_8733
LIM_EEZ_02,LOC_EEZ_8734
LIM_EEZ_02,LOC_EEZ_8735
LIM_EEZ_02,LOC_EEZ_8736
LIM_EEZ_02,LOC_EEZ_8737
LIM_EEZ_02,LOC_EEZ_8738
LIM_EEZ_02,LOC_EEZ_8739
LIM_EEZ_02,LOC_EEZ_8740
LIM_EEZ_02,LOC_EEZ_8741
LIM_EEZ_02,LOC_EEZ_8742
LIM_EEZ_02,LOC_EEZ_8743
LIM_EEZ_02,LOC_EEZ_8744
LIM_EEZ_02,LOC_EEZ_8745
LIM_EEZ_02,LOC_EEZ_8746
LIM_EEZ_02,LOC_EEZ_8747
LIM_EEZ_02,LOC_EEZ_8748
LIM_EEZ_02,LOC_EEZ_8749
LIM_EEZ_02,LOC_EEZ_8750
LIM_EEZ_02,LOC_EEZ_8751
LIM_EEZ_02,LOC_EEZ_8752
LIM_EEZ_02,LOC_EEZ_8753
LIM_EEZ_02,LOC_EEZ_8754
LIM_EEZ_02,LOC_EEZ_8755
LIM_EEZ_02,LOC_EEZ_8756
LIM_EEZ_02,LOC_EEZ_8757
LIM_EEZ_02,LOC_EEZ_8758
LIM_EEZ_02,LOC_EEZ_8759
LIM_EEZ_02,LOC_EEZ_8760
LIM_EEZ_02,LOC_EEZ_8761
LIM_EEZ_02,LOC_EEZ_8762
LIM_EEZ_02,LOC_EEZ_8763
LIM_EEZ_02,LOC_EEZ_8764
LIM_EEZ_02,LOC_EEZ_8765
LIM_EEZ_02,LOC_EEZ_8766
LIM_EEZ_02,LOC_EEZ_8767
LIM_EEZ_02,LOC_EEZ_8768
LIM_EEZ_02,LOC_EEZ_8769
LIM_EEZ_02,LOC_EEZ_8770
LIM_EEZ_02,LOC_EEZ_8771
LIM_EEZ_02,LOC_EEZ_8772
LIM_EEZ_02,LOC_EEZ_8773
LIM_EEZ_02,LOC_EEZ_8774
LIM_EEZ_02,LOC_EEZ_8775
LIM_EEZ_02,LOC_EEZ_8776
LIM_EEZ_02,LOC_EEZ_8777
LIM_EEZ_02,LOC_EEZ_8778
LIM_EEZ_02,LOC_EEZ_8779
LIM_EEZ_02,LOC_EEZ_8780
LIM_EEZ_02,LOC_EEZ_8781
LIM_EEZ_02,LOC_EEZ_8782
LIM_EEZ_02,LOC_EEZ_8783
LIM_EEZ_02,LOC_EEZ_8784
LIM_EEZ_02,LOC_EEZ_8785
LIM_EEZ_02,LOC_EEZ_8786
LIM_EEZ_02,LOC_EEZ_8787
LIM_EEZ_02,LOC_EEZ_8788
LIM_EEZ_02,LOC_EEZ_8789
LIM_EEZ_02,LOC_EEZ_8790
LIM_EEZ_02,LOC_EEZ_8791
LIM_EEZ_02,LOC_EEZ_8792
LIM_EEZ_02,LOC_EEZ_8793
LIM_EEZ_02,LOC_EEZ_8794
LIM_EEZ_02,LOC_EEZ_8795
LIM_EEZ_02,LOC_EEZ_8796
LIM_EEZ_02,LOC_EEZ_8797
LIM_EEZ_02,LOC_EEZ_8798
LIM_EEZ_02,LOC_EEZ_8799
LIM_EEZ_02,LOC_EEZ_8800
LIM_EEZ_02,LOC_EEZ_8801
LIM_EEZ_02,LOC_EEZ_8802
LIM_EEZ_02,LOC_EEZ_8803
LIM_EEZ_02,LOC_EEZ_8804
LIM_EEZ_02,LOC_EEZ_8805
LIM_EEZ_02,LOC_EEZ_8806
LIM_EEZ_02,LOC_EEZ_8807
LIM_EEZ_02,LOC_EEZ_8808
LIM_EEZ_02,LOC_EEZ_8809
LIM_EEZ_02,LOC_EEZ_8810
LIM_EEZ_02,LOC_EEZ_8811
LIM_EEZ_02,LOC_EEZ_8812
LIM_EEZ_02,LOC_EEZ_8813
LIM_EEZ_02,LOC_EEZ_8814
LIM_EEZ_02,LOC_EEZ_8815
LIM_EEZ_02,LOC_EEZ_8816
LIM_EEZ_02,LOC_EEZ_8817
LIM_EEZ_02,LOC_EEZ_8818
LIM_EEZ_02,LOC_EEZ_8819
LIM_EEZ_02,LOC_EEZ_8820
LIM_EEZ_02,LOC_EEZ_8821
LIM_EEZ_02,LOC_EEZ_8822
LIM_EEZ_02,LOC_EEZ_8823
LIM_EEZ_02,LOC_EEZ_8824
LIM_EEZ_02,LOC_EEZ_8825
LIM_EEZ_02,LOC_EEZ_8826
LIM_EEZ_02,LOC_EEZ_8827
LIM_EEZ_02,LOC_EEZ_8828
LIM_EEZ_02,LOC_EEZ_8829
LIM_EEZ_02,LOC_EEZ_8830
LIM_EEZ_02,LOC_EEZ_8831
LIM_EEZ_02,LOC_EEZ_8832
LIM_EEZ_02,LOC_EEZ_8833
LIM_EEZ_02,LOC_EEZ_8834
LIM_EEZ_02,LOC_EEZ_8835
LIM_EEZ_02,LOC_EEZ_8836
LIM_EEZ_02,LOC_EEZ_8837
LIM_EEZ_02,LOC_EEZ_8838
LIM_EEZ_02,LOC_EEZ_8839
LIM_EEZ_02,LOC_EEZ_8840
LIM_EEZ_02,LOC_EEZ_8841
LIM_EEZ_02,LOC_EEZ_8842
LIM_EEZ_02,LOC_EEZ_8843
LIM_EEZ_02,LOC_EEZ_8844
LIM_EEZ_02,LOC_EEZ_8845
LIM_EEZ_02,LOC_EEZ_8846
LIM_EEZ_02,LOC_EEZ_8847
LIM_EEZ_02,LOC_EEZ_8848
LIM_EEZ_02,LOC_EEZ_8849
LIM_EEZ_02,LOC_EEZ_8850
LIM_EEZ_02,LOC_EEZ_8851
LIM_EEZ_02,LOC_EEZ_8852
LIM_EEZ_02,LOC_EEZ_8853
LIM_EEZ_02,LOC_EEZ_8854
LIM_EEZ_02,LOC_EEZ_8855
LIM_EEZ_02,LOC_EEZ_8856
LIM_EEZ_02,LOC_EEZ_8857
LIM_EEZ_02,LOC_EEZ_8858
LIM_EEZ_02,LOC_EEZ_8859
LIM_EEZ_02,LOC_EEZ_8860
LIM_EEZ_02,LOC_EEZ_8861
LIM_EEZ_02,LOC_EEZ_8862
LIM_EEZ_02,LOC_EEZ_8863
LIM_EEZ_02,LOC_EEZ_8864
LIM_EEZ_02,LOC_EEZ_8865
LIM_EEZ_02,LOC_EEZ_8866
LIM_EEZ_02,LOC_EEZ_8867
LIM_EEZ_02,LOC_EEZ_8868
LIM_EEZ_02,LOC_EEZ_8869
LIM_EEZ_02,LOC_EEZ_8870
LIM_EEZ_02,LOC_EEZ_8871
LIM_EEZ_02,LOC_EEZ_8872
LIM_EEZ_02,LOC_EEZ_8873
LIM_EEZ_02,LOC_EEZ_8874
LIM_EEZ_02,LOC_EEZ_8875
LIM_EEZ_02,LOC_EEZ_8876
LIM_EEZ_02,LOC_EEZ_8877
LIM_EEZ_02,LOC_EEZ_8878
LIM_EEZ_02,LOC_EEZ_8879
LIM_EEZ_02,LOC_EEZ_8880
LIM_EEZ_02,LOC_EEZ_8881
LIM_EEZ_02,LOC_EEZ_8882
LIM_EEZ_02,LOC_EEZ_8883
LIM_EEZ_02,LOC_EEZ_8884
LIM_EEZ_02,LOC_EEZ_8885
LIM_EEZ_02,LOC_EEZ_8886
LIM_EEZ_02,LOC_EEZ_8887
LIM_EEZ_02,LOC_EEZ_8888
LIM_EEZ_02,LOC_EEZ_8889
LIM_EEZ_02,LOC_EEZ_8890
LIM_EEZ_02,LOC_EEZ_8891
LIM_EEZ_02,LOC_EEZ_8892
LIM_EEZ_02,LOC_EEZ_8893
LIM_EEZ_02,LOC_EEZ_8894
LIM_EEZ_02,LOC_EEZ_8895
LIM_EEZ_02,LOC_EEZ_8896
LIM_EEZ_02,LOC_EEZ_8897
LIM_EEZ_02,LOC_EEZ_8898
LIM_EEZ_02,LOC_EEZ_8899
LIM_EEZ_02,LOC_EEZ_8900
LIM_EEZ_02,LOC_EEZ_8901
LIM_EEZ_02,LOC_EEZ_8902
LIM_EEZ_02,LOC_EEZ_8903
LIM_EEZ_02,LOC_EEZ_8904
LIM_EEZ_02,LOC_EEZ_8905
LIM_EEZ_02,LOC_EEZ_8906
LIM_EEZ_02,LOC_EEZ_8907
LIM_EEZ_02,LOC_EEZ_8908
LIM_EEZ_02,LOC_EEZ_8909
LIM_EEZ_02,LOC_EEZ_8910
LIM_EEZ_02,LOC_EEZ_8911
LIM_EEZ_02,LOC_EEZ_8912
LIM_EEZ_02,LOC_EEZ_8913
LIM_EEZ_02,LOC_EEZ_8914
LIM_EEZ_02,LOC_EEZ_8915
LIM_EEZ_02,LOC_EEZ_8916
LIM_EEZ_02,LOC_EEZ_8917
LIM_EEZ_02,LOC_EEZ_8918
LIM_EEZ_02,LOC_EEZ_8919
LIM_EEZ_02,LOC_EEZ_8920
LIM_EEZ_02,LOC_EEZ_8921
LIM_EEZ_02,LOC_EEZ_8922
LIM_EEZ_02,LOC_EEZ_8923
LIM_EEZ_02,LOC_EEZ_8924
LIM_EEZ_02,LOC_EEZ_8925
LIM_EEZ_02,LOC_EEZ_8926
LIM_EEZ_02,LOC_EEZ_8927
LIM_EEZ_02,LOC_EEZ_8928
LIM_EEZ_02,LOC_EEZ_8929
LIM_EEZ_02,LOC_EEZ_8930
LIM_EEZ_02,LOC_EEZ_8931
LIM_EEZ_02,LOC_EEZ_8932
LIM_EEZ_02,LOC_EEZ_8933
LIM_EEZ_02,LOC_EEZ_8934
LIM_EEZ_02,LOC_EEZ_8935
LIM_EEZ_02,LOC_EEZ_8936
LIM_EEZ_02,LOC_EEZ_8937
LIM_EEZ_02,LOC_EEZ_8938
LIM_EEZ_02,LOC_EEZ_8939
LIM_EEZ_02,LOC_EEZ_8940
LIM_EEZ_02,LOC_EEZ_8941
LIM_EEZ_02,LOC_EEZ_8942
LIM_EEZ_02,LOC_EEZ_8943
LIM_EEZ_02,LOC_EEZ_8944
LIM_EEZ_02,LOC_EEZ_8945
LIM_EEZ_02,LOC_EEZ_8946
LIM_EEZ_02,LOC_EEZ_8947
LIM_EEZ_02,LOC_EEZ_8948
LIM_EEZ_02,LOC_EEZ_8949
LIM_EEZ_02,LOC_EEZ_8950
LIM_EEZ_02,LOC_EEZ_8951
LIM_EEZ_02,LOC_EEZ_8952
LIM_EEZ_02,LOC_EEZ_8953
LIM_EEZ_02,LOC_EEZ_8954
LIM_EEZ_02,LOC_EEZ_8955
LIM_EEZ_02,LOC_EEZ_8956
LIM_EEZ_02,LOC_EEZ_8957
LIM_EEZ_02,LOC_EEZ_8958
LIM_EEZ_02,LOC_EEZ_8959
LIM_EEZ_02,LOC_EEZ_8960
LIM_EEZ_02,LOC_EEZ_8961
LIM_EEZ_02,LOC_EEZ_8962
LIM_EEZ_02,LOC_EEZ_8963
LIM_EEZ_02,LOC_EEZ_8964
LIM_EEZ_02,LOC_EEZ_8965
LIM_EEZ_02,LOC_EEZ_8966
LIM_EEZ_02,LOC_EEZ_8967
LIM_EEZ_02,LOC_EEZ_8968
LIM_EEZ_02,LOC_EEZ_8969
LIM_EEZ_02,LOC_EEZ_8970
LIM_EEZ_02,LOC_EEZ_8971
LIM_EEZ_02,LOC_EEZ_8972
LIM_EEZ_02,LOC_EEZ_8973
LIM_EEZ_02,LOC_EEZ_8974
LIM_EEZ_02,LOC_EEZ_8975
LIM_EEZ_02,LOC_EEZ_8976
LIM_EEZ_02,LOC_EEZ_8977
LIM_EEZ_02,LOC_EEZ_8978
LIM_EEZ_02,LOC_EEZ_8979
LIM_EEZ_02,LOC_EEZ_8980
LIM_EEZ_02,LOC_EEZ_8981
LIM_EEZ_02,LOC_EEZ_8982
LIM_EEZ_02,LOC_EEZ_8983
LIM_EEZ_02,LOC_EEZ_8984
LIM_EEZ_02,LOC_EEZ_8985
LIM_EEZ_02,LOC_EEZ_8986
LIM_EEZ_02,LOC_EEZ_8987
LIM_EEZ_02,LOC_EEZ_8988
LIM_EEZ_02,LOC_EEZ_8989
LIM_EEZ_02,LOC_EEZ_8990
LIM_EEZ_02,LOC_EEZ_8991
LIM_EEZ_02,LOC_EEZ_8992
LIM_EEZ_02,LOC_EEZ_8993
LIM_EEZ_02,LOC_EEZ_8994
LIM_EEZ_02,LOC_EEZ_8995
LIM_EEZ_02,LOC_EEZ_8996
LIM_EEZ_02,LOC_EEZ_8997
LIM_EEZ_02,LOC_EEZ_8998
LIM_EEZ_02,LOC_EEZ_8999
LIM_EEZ_02,LOC_EEZ_9000
LIM_EEZ_02,LOC_EEZ_9001
LIM_EEZ_02,LOC_EEZ_9002
LIM_EEZ_02,LOC_EEZ_9003
LIM_EEZ_02,LOC_EEZ_9004
LIM_EEZ_02,LOC_EEZ_9005
LIM_EEZ_02,LOC_EEZ_9006
LIM_EEZ_02,LOC_EEZ_9007
LIM_EEZ_02,LOC_EEZ_9008
LIM_EEZ_02,LOC_EEZ_9009
LIM_EEZ_02,LOC_EEZ_9010
LIM_EEZ_02,LOC_EEZ_9011
LIM_EEZ_02,LOC_EEZ_9012
LIM_EEZ_02,LOC_EEZ_9013
LIM_EEZ_02,LOC_EEZ_9014
LIM_EEZ_02,LOC_EEZ_9015
LIM_EEZ_02,LOC_EEZ_9016
LIM_EEZ_02,LOC_EEZ_9017
LIM_EEZ_02,LOC_EEZ_9018
LIM_EEZ_02,LOC_EEZ_9019
LIM_EEZ_02,LOC_EEZ_9020
LIM_EEZ_02,LOC_EEZ_9021
LIM_EEZ_02,LOC_EEZ_9022
LIM_EEZ_02,LOC_EEZ_9023
LIM_EEZ_02,LOC_EEZ_9024
LIM_EEZ_02,LOC_EEZ_9025
LIM_EEZ_02,LOC_EEZ_9026
LIM_EEZ_02,LOC_EEZ_9027
LIM_EEZ_02,LOC_EEZ_9028
LIM_EEZ_02,LOC_EEZ_9029
LIM_EEZ_02,LOC_EEZ_9030
LIM_EEZ_02,LOC_EEZ_9031
LIM_EEZ_02,LOC_EEZ_9032
LIM_EEZ_02,LOC_EEZ_9033
LIM_EEZ_02,LOC_EEZ_9034
LIM_EEZ_02,LOC_EEZ_9035
LIM_EEZ_02,LOC_EEZ_9036
LIM_EEZ_02,LOC_EEZ_9037
LIM_EEZ_02,LOC_EEZ_9038
LIM_EEZ_02,LOC_EEZ_9039
LIM_EEZ_02,LOC_EEZ_9040
LIM_EEZ_02,LOC_EEZ_9041
LIM_EEZ_02,LOC_EEZ_9042
LIM_EEZ_02,LOC_EEZ_9043
LIM_EEZ_02,LOC_EEZ_9044
LIM_EEZ_02,LOC_EEZ_9045
LIM_EEZ_02,LOC_EEZ_9046
LIM_EEZ_02,LOC_EEZ_9047
LIM_EEZ_02,LOC_EEZ_9048
LIM_EEZ_02,LOC_EEZ_9049
LIM_EEZ_02,LOC_EEZ_9050
LIM_EEZ_02,LOC_EEZ_9051
LIM_EEZ_02,LOC_EEZ_9052
LIM_EEZ_02,LOC_EEZ_9053
LIM_EEZ_02,LOC_EEZ_9054
LIM_EEZ_02,LOC_EEZ_9055
LIM_EEZ_02,LOC_EEZ_9056
LIM_EEZ_02,LOC_EEZ_9057
LIM_EEZ_02,LOC_EEZ_9058
LIM_EEZ_02,LOC_EEZ_9059
LIM_EEZ_02,LOC_EEZ_9060
LIM_EEZ_02,LOC_EEZ_9061
LIM_EEZ_02,LOC_EEZ_9062
LIM_EEZ_02,LOC_EEZ_9063
LIM_EEZ_02,LOC_EEZ_9064
LIM_EEZ_02,LOC_EEZ_9065
LIM_EEZ_02,LOC_EEZ_9066
LIM_EEZ_02,LOC_EEZ_9067
LIM_EEZ_02,LOC_EEZ_9068
LIM_EEZ_02,LOC_EEZ_9069
LIM_EEZ_02,LOC_EEZ_9070
LIM_EEZ_02,LOC_EEZ_9071
LIM_EEZ_02,LOC_EEZ_9072
LIM_EEZ_02,LOC_EEZ_9073
LIM_EEZ_02,LOC_EEZ_9074
LIM_EEZ_02,LOC_EEZ_9075
LIM_EEZ_02,LOC_EEZ_9076
LIM_EEZ_02,LOC_EEZ_9077
LIM_EEZ_02,LOC_EEZ_9078
LIM_EEZ_02,LOC_EEZ_9079
LIM_EEZ_02,LOC_EEZ_9080
LIM_EEZ_02,LOC_EEZ_9081
LIM_EEZ_02,LOC_EEZ_9082
LIM_EEZ_02,LOC_EEZ_9083
LIM_EEZ_02,LOC_EEZ_9084
LIM_EEZ_02,LOC_EEZ_9085
LIM_EEZ_02,LOC_EEZ_9086
LIM_EEZ_02,LOC_EEZ_9087
LIM_EEZ_02,LOC_EEZ_9088
LIM_EEZ_02,LOC_EEZ_9089
LIM_EEZ_02,LOC_EEZ_9090
LIM_EEZ_02,LOC_EEZ_9091
LIM_EEZ_02,LOC_EEZ_9092
LIM_EEZ_02,LOC_EEZ_9093
LIM_EEZ_02,LOC_EEZ_9094
LIM_EEZ_02,LOC_EEZ_9095
LIM_EEZ_02,LOC_EEZ_9096
LIM_EEZ_02,LOC_EEZ_9097
LIM_EEZ_02,LOC_EEZ_9098
LIM_EEZ_02,LOC_EEZ_9099
LIM_EEZ_02,LOC_EEZ_9100
LIM_EEZ_02,LOC_EEZ_9101
LIM_EEZ_02,LOC_EEZ_9102
LIM_EEZ_02,LOC_EEZ_9103
LIM_EEZ_02,LOC_EEZ_9104
LIM_EEZ_02,LOC_EEZ_9105
LIM_EEZ_02,LOC_EEZ_9106
LIM_EEZ_02,LOC_EEZ_9107
LIM_EEZ_02,LOC_EEZ_9108
LIM_EEZ_02,LOC_EEZ_9109
LIM_EEZ_02,LOC_EEZ_9110
LIM_EEZ_02,LOC_EEZ_9111
LIM_EEZ_02,LOC_EEZ_9112
LIM_EEZ_02,LOC_EEZ_9113
LIM_EEZ_02,LOC_EEZ_9114
LIM_EEZ_02,LOC_EEZ_9115
LIM_EEZ_02,LOC_EEZ_9116
LIM_EEZ_02,LOC_EEZ_9117
LIM_EEZ_02,LOC_EEZ_9118
LIM_EEZ_02,LOC_EEZ_9119
LIM_EEZ_02,LOC_EEZ_9120
LIM_EEZ_02,LOC_EEZ_9121
LIM_EEZ_02,LOC_EEZ_9122
LIM_EEZ_02,LOC_EEZ_9123
LIM_EEZ_02,LOC_EEZ_9124
LIM_EEZ_02,LOC_EEZ_9125
LIM_EEZ_02,LOC_EEZ_9126
LIM_EEZ_02,LOC_EEZ_9127
LIM_EEZ_02,LOC_EEZ_9128
LIM_EEZ_02,LOC_EEZ_9129
LIM_EEZ_02,LOC_EEZ_9130
LIM_EEZ_02,LOC_EEZ_9131
LIM_EEZ_02,LOC_EEZ_9132
LIM_EEZ_02,LOC_EEZ_9133
LIM_EEZ_02,LOC_EEZ_9134
LIM_EEZ_02,LOC_EEZ_9135
LIM_EEZ_02,LOC_EEZ_9136
LIM_EEZ_02,LOC_EEZ_9137
LIM_EEZ_02,LOC_EEZ_9138
LIM_EEZ_02,LOC_EEZ_9139
LIM_EEZ_02,LOC_EEZ_9140
LIM_EEZ_02,LOC_EEZ_9141
LIM_EEZ_02,LOC_EEZ_9142
LIM_EEZ_02,LOC_EEZ_9143
LIM_EEZ_02,LOC_EEZ_9144
LIM_EEZ_02,LOC_EEZ_9145
LIM_EEZ_02,LOC_EEZ_9146
LIM_EEZ_02,LOC_EEZ_9147
LIM_EEZ_02,LOC_EEZ_9148
LIM_EEZ_02,LOC_EEZ_9149
LIM_EEZ_02,LOC_EEZ_9150
LIM_EEZ_02,LOC_EEZ_9151
LIM_EEZ_02,LOC_EEZ_9152
LIM_EEZ_02,LOC_EEZ_9153
LIM_EEZ_02,LOC_EEZ_9154
LIM_EEZ_02,LOC_EEZ_9155
LIM_EEZ_02,LOC_EEZ_9156
LIM_EEZ_02,LOC_EEZ_9157
LIM_EEZ_02,LOC_EEZ_9158
LIM_EEZ_02,LOC_EEZ_9159
LIM_EEZ_02,LOC_EEZ_9160
LIM_EEZ_02,LOC_EEZ_9161
LIM_EEZ_02,LOC_EEZ_9162
LIM_EEZ_02,LOC_EEZ_9163
LIM_EEZ_02,LOC_EEZ_9164
LIM_EEZ_02,LOC_EEZ_9165
LIM_EEZ_02,LOC_EEZ_9166
LIM_EEZ_02,LOC_EEZ_9167
LIM_EEZ_02,LOC_EEZ_9168
LIM_EEZ_02,LOC_EEZ_9169
LIM_EEZ_02,LOC_EEZ_9170
LIM_EEZ_02,LOC_EEZ_9171
LIM_EEZ_02,LOC_EEZ_9172
LIM_EEZ_02,LOC_EEZ_9173
LIM_EEZ_02,LOC_EEZ_9174
LIM_EEZ_02,LOC_EEZ_9175
LIM_EEZ_02,LOC_EEZ_9176
LIM_EEZ_02,LOC_EEZ_9177
LIM_EEZ_02,LOC_EEZ_9178
LIM_EEZ_02,LOC_EEZ_9179
LIM_EEZ_02,LOC_EEZ_9180
LIM_EEZ_02,LOC_EEZ_9181
LIM_EEZ_02,LOC_EEZ_9182
LIM_EEZ_02,LOC_EEZ_9183
LIM_EEZ_02,LOC_EEZ_9184
LIM_EEZ_02,LOC_EEZ_9185
LIM_EEZ_02,LOC_EEZ_9186
LIM_EEZ_02,LOC_EEZ_9187
LIM_EEZ_02,LOC_EEZ_9188
LIM_EEZ_02,LOC_EEZ_9189
LIM_EEZ_02,LOC_EEZ_9190
LIM_EEZ_02,LOC_EEZ_9191
LIM_EEZ_02,LOC_EEZ_9192
LIM_EEZ_02,LOC_EEZ_9193
LIM_EEZ_02,LOC_EEZ_9194
LIM_EEZ_02,LOC_EEZ_9195
LIM_EEZ_02,LOC_EEZ_9196
LIM_EEZ_02,LOC_EEZ_9197
LIM_EEZ_02,LOC_EEZ_9198
LIM_EEZ_02,LOC_EEZ_9199
LIM_EEZ_02,LOC_EEZ_9200
LIM_EEZ_02,LOC_EEZ_9201
LIM_EEZ_02,LOC_EEZ_9202
LIM_EEZ_02,LOC_EEZ_9203
LIM_EEZ_02,LOC_EEZ_9204
LIM_EEZ_02,LOC_EEZ_9205
LIM_EEZ_02,LOC_EEZ_9206
LIM_EEZ_02,LOC_EEZ_9207
LIM_EEZ_02,LOC_EEZ_9208
LIM_EEZ_02,LOC_EEZ_9209
LIM_EEZ_02,LOC_EEZ_9210
LIM_EEZ_02,LOC_EEZ_9211
LIM_EEZ_02,LOC_EEZ_9212
LIM_EEZ_02,LOC_EEZ_9213
LIM_EEZ_02,LOC_EEZ_9214
LIM_EEZ_02,LOC_EEZ_9215
LIM_EEZ_02,LOC_EEZ_9216
LIM_EEZ_02,LOC_EEZ_9217
LIM_EEZ_02,LOC_EEZ_9218
LIM_EEZ_02,LOC_EEZ_9219
LIM_EEZ_02,LOC_EEZ_9220
LIM_EEZ_02,LOC_EEZ_9221
LIM_EEZ_02,LOC_EEZ_9222
LIM_EEZ_02,LOC_EEZ_9223
LIM_EEZ_02,LOC_EEZ_9224
LIM_EEZ_02,LOC_EEZ_9225
LIM_EEZ_02,LOC_EEZ_9226
LIM_EEZ_02,LOC_EEZ_9227
LIM_EEZ_02,LOC_EEZ_9228
LIM_EEZ_02,LOC_EEZ_9229
LIM_EEZ_02,LOC_EEZ_9230
LIM_EEZ_02,LOC_EEZ_9231
LIM_EEZ_02,LOC_EEZ_9232
LIM_EEZ_02,LOC_EEZ_9233
LIM_EEZ_02,LOC_EEZ_9234
LIM_EEZ_02,LOC_EEZ_9235
LIM_EEZ_02,LOC_EEZ_9236
LIM_EEZ_02,LOC_EEZ_9237
LIM_EEZ_02,LOC_EEZ_9238
LIM_EEZ_02,LOC_EEZ_9239
LIM_EEZ_02,LOC_EEZ_9240
LIM_EEZ_02,LOC_EEZ_9241
LIM_EEZ_02,LOC_EEZ_9242
LIM_EEZ_02,LOC_EEZ_9243
LIM_EEZ_02,LOC_EEZ_9244
LIM_EEZ_02,LOC_EEZ_9245
LIM_EEZ_02,LOC_EEZ_9246
LIM_EEZ_02,LOC_EEZ_9247
LIM_EEZ_02,LOC_EEZ_9248
LIM_EEZ_02,LOC_EEZ_9249
LIM_EEZ_02,LOC_EEZ_9250
LIM_EEZ_02,LOC_EEZ_9251
LIM_EEZ_02,LOC_EEZ_9252
LIM_EEZ_02,LOC_EEZ_9253
LIM_EEZ_02,LOC_EEZ_9254
LIM_EEZ_02,LOC_EEZ_9255
LIM_EEZ_02,LOC_EEZ_9256
LIM_EEZ_02,LOC_EEZ_9257
LIM_EEZ_02,LOC_EEZ_9258
LIM_EEZ_02,LOC_EEZ_9259
LIM_EEZ_02,LOC_EEZ_9260
LIM_EEZ_02,LOC_EEZ_9261
LIM_EEZ_02,LOC_EEZ_9262
LIM_EEZ_02,LOC_EEZ_9263
LIM_EEZ_02,LOC_EEZ_9264
LIM_EEZ_02,LOC_EEZ_9265
LIM_EEZ_02,LOC_EEZ_9266
LIM_EEZ_02,LOC_EEZ_9267
LIM_EEZ_02,LOC_EEZ_9268
LIM_EEZ_02,LOC_EEZ_9269
LIM_EEZ_02,LOC_EEZ_9270
LIM_EEZ_02,LOC_EEZ_9271
LIM_EEZ_02,LOC_EEZ_9272
LIM_EEZ_02,LOC_EEZ_9273
LIM_EEZ_02,LOC_EEZ_9274
LIM_EEZ_02,LOC_EEZ_9275
LIM_EEZ_02,LOC_EEZ_9276
LIM_EEZ_02,LOC_EEZ_9277
LIM_EEZ_02,LOC_EEZ_9278
LIM_EEZ_02,LOC_EEZ_9279
LIM_EEZ_02,LOC_EEZ_9280
LIM_EEZ_02,LOC_EEZ_9281
LIM_EEZ_02,LOC_EEZ_9282
LIM_EEZ_02,LOC_EEZ_9283
LIM_EEZ_02,LOC_EEZ_9284
LIM_EEZ_02,LOC_EEZ_9285
LIM_EEZ_02,LOC_EEZ_9286
LIM_EEZ_02,LOC_EEZ_9287
LIM_EEZ_02,LOC_EEZ_9288
LIM_EEZ_02,LOC_EEZ_9289
LIM_EEZ_02,LOC_EEZ_9290
LIM_EEZ_02,LOC_EEZ_9291
LIM_EEZ_02,LOC_EEZ_9292
LIM_EEZ_02,LOC_EEZ_9293
LIM_EEZ_02,LOC_EEZ_9294
LIM_EEZ_02,LOC_EEZ_9295
LIM_EEZ_02,LOC_EEZ_9296
LIM_EEZ_02,LOC_EEZ_9297
LIM_EEZ_02,LOC_EEZ_9298
LIM_EEZ_02,LOC_EEZ_9299
LIM_EEZ_02,LOC_EEZ_9300
LIM_EEZ_02,LOC_EEZ_9301
LIM_EEZ_02,LOC_EEZ_9302
LIM_EEZ_02,LOC_EEZ_9303
LIM_EEZ_02,LOC_EEZ_9304
LIM_EEZ_02,LOC_EEZ_9305
LIM_EEZ_02,LOC_EEZ_9306
LIM_EEZ_02,LOC_EEZ_9307
LIM_EEZ_02,LOC_EEZ_9308
LIM_EEZ_02,LOC_EEZ_9309
LIM_EEZ_02,LOC_EEZ_9310
LIM_EEZ_02,LOC_EEZ_9311
LIM_EEZ_02,LOC_EEZ_9312
LIM_EEZ_02,LOC_EEZ_9313
LIM_EEZ_02,LOC_EEZ_9314
LIM_EEZ_02,LOC_EEZ_9315
LIM_EEZ_02,LOC_EEZ_9316
LIM_EEZ_02,LOC_EEZ_9317
LIM_EEZ_02,LOC_EEZ_9318
LIM_EEZ_02,LOC_EEZ_9319
LIM_EEZ_02,LOC_EEZ_9320
LIM_EEZ_02,LOC_EEZ_9321
LIM_EEZ_02,LOC_EEZ_9322
LIM_EEZ_02,LOC_EEZ_9323
LIM_EEZ_02,LOC_EEZ_9324
LIM_EEZ_02,LOC_EEZ_9325
LIM_EEZ_02,LOC_EEZ_9326
LIM_EEZ_02,LOC_EEZ_9327
LIM_EEZ_02,LOC_EEZ_9328
LIM_EEZ_02,LOC_EEZ_9329
LIM_EEZ_02,LOC_EEZ_9330
LIM_EEZ_02,LOC_EEZ_9331
LIM_EEZ_02,LOC_EEZ_9332
LIM_EEZ_02,LOC_EEZ_9333
LIM_EEZ_02,LOC_EEZ_9334
LIM_EEZ_02,LOC_EEZ_9335
LIM_EEZ_02,LOC_EEZ_9336
LIM_EEZ_02,LOC_EEZ_9337
LIM_EEZ_02,LOC_EEZ_9338
LIM_EEZ_02,LOC_EEZ_9339
LIM_EEZ_02,LOC_EEZ_9340
LIM_EEZ_02,LOC_EEZ_9341
LIM_EEZ_02,LOC_EEZ_9342
LIM_EEZ_02,LOC_EEZ_9343
LIM_EEZ_02,LOC_EEZ_9344
LIM_EEZ_02,LOC_EEZ_9345
LIM_EEZ_02,LOC_EEZ_9346
LIM_EEZ_02,LOC_EEZ_9347
LIM_EEZ_02,LOC_EEZ_9348
LIM_EEZ_02,LOC_EEZ_9349
LIM_EEZ_02,LOC_EEZ_9350
LIM_EEZ_02,LOC_EEZ_9351
LIM_EEZ_02,LOC_EEZ_9352
LIM_EEZ_02,LOC_EEZ_9353
LIM_EEZ_02,LOC_EEZ_9354
LIM_EEZ_02,LOC_EEZ_9355
LIM_EEZ_02,LOC_EEZ_9356
LIM_EEZ_02,LOC_EEZ_9357
LIM_EEZ_02,LOC_EEZ_9358
LIM_EEZ_02,LOC_EEZ_9359
LIM_EEZ_02,LOC_EEZ_9360
LIM_EEZ_02,LOC_EEZ_9361
LIM_EEZ_02,LOC_EEZ_9362
LIM_EEZ_02,LOC_EEZ_9363
LIM_EEZ_02,LOC_EEZ_9364
LIM_EEZ_02,LOC_EEZ_9365
LIM_EEZ_02,LOC_EEZ_9366
LIM_EEZ_02,LOC_EEZ_9367
LIM_EEZ_02,LOC_EEZ_9368
LIM_EEZ_02,LOC_EEZ_9369
LIM_EEZ_02,LOC_EEZ_9370
LIM_EEZ_02,LOC_EEZ_9371
LIM_EEZ_02,LOC_EEZ_9372
LIM_EEZ_02,LOC_EEZ_9373
LIM_EEZ_02,LOC_EEZ_9374
LIM_EEZ_02,LOC_EEZ_9375
LIM_EEZ_02,LOC_EEZ_9376
LIM_EEZ_02,LOC_EEZ_9377
LIM_EEZ_02,LOC_EEZ_9378
LIM_EEZ_02,LOC_EEZ_9379
LIM_EEZ_02,P_B_CS/EEZ_C1_AUS_1997
LIM_EEZ_02,P_B_CS/EEZ_C1_AUS_1997
LIM_EEZ_05,P_B_CS/EEZ_C2_AUS_1997
LIM_EEZ_05,P_B_CS/EEZ_C3_AUS_1997
LIM_EEZ_05,P_B_CS/EEZ_C3_AUS_1997
LIM_EEZ_02,LOC_EEZ_9381
LIM_EEZ_02,LOC_EEZ_6632
LIM_EEZ_02,LOC_EEZ_6633
LIM_EEZ_02,LOC_EEZ_6634
LIM_EEZ_02,LOC_EEZ_6635
LIM_EEZ_02,LOC_EEZ_6636
LIM_EEZ_02,LOC_EEZ_6637
LIM_EEZ_02,LOC_EEZ_6638
LIM_EEZ_02,LOC_EEZ_6639
LIM_EEZ_02,LOC_EEZ_6640
LIM_EEZ_02,LOC_EEZ_6641
LIM_EEZ_02,LOC_EEZ_6642
LIM_EEZ_02,LOC_EEZ_6643
LIM_EEZ_02,LOC_EEZ_6644
LIM_EEZ_02,LOC_EEZ_6645
LIM_EEZ_02,LOC_EEZ_6646
LIM_EEZ_02,LOC_EEZ_6647
LIM_EEZ_02,LOC_EEZ_6648
LIM_EEZ_02,LOC_EEZ_6649
LIM_EEZ_02,LOC_EEZ_6650
LIM_EEZ_02,LOC_EEZ_6651
LIM_EEZ_02,LOC_EEZ_6652
LIM_EEZ_02,LOC_EEZ_6653
LIM_EEZ_02,LOC_EEZ_6654
LIM_EEZ_02,LOC_EEZ_6655
LIM_EEZ_02,LOC_EEZ_6656
LIM_EEZ_02,LOC_EEZ_6657
LIM_EEZ_02,LOC_EEZ_6658
LIM_EEZ_02,LOC_EEZ_6659
LIM_EEZ_02,LOC_EEZ_6660
LIM_EEZ_02,LOC_EEZ_6661
LIM_EEZ_02,LOC_EEZ_6662
LIM_EEZ_02,LOC_EEZ_6663
LIM_EEZ_02,LOC_EEZ_6664
LIM_EEZ_02,LOC_EEZ_6665
LIM_EEZ_02,LOC_EEZ_6666
LIM_EEZ_02,LOC_EEZ_6667
LIM_EEZ_02,LOC_EEZ_6668
LIM_EEZ_02,LOC_EEZ_6669
LIM_EEZ_02,LOC_EEZ_6670
LIM_EEZ_02,LOC_EEZ_6671
LIM_EEZ_02,LOC_EEZ_6672
LIM_EEZ_02,LOC_EEZ_6673
LIM_EEZ_02,LOC_EEZ_6674
LIM_EEZ_02,LOC_EEZ_6675
LIM_EEZ_02,LOC_EEZ_6676
LIM_EEZ_02,LOC_EEZ_6677
LIM_EEZ_02,LOC_EEZ_6678
LIM_EEZ_02,LOC_EEZ_6679
LIM_EEZ_02,LOC_EEZ_6680
LIM_EEZ_02,LOC_EEZ_6681
LIM_EEZ_02,LOC_EEZ_6682
LIM_EEZ_02,LOC_EEZ_6683
LIM_EEZ_02,LOC_EEZ_6684
LIM_EEZ_02,LOC_EEZ_6685
LIM_EEZ_02,LOC_EEZ_6686
LIM_EEZ_02,LOC_EEZ_6687
LIM_EEZ_02,LOC_EEZ_6688
LIM_EEZ_02,LOC_EEZ_6689
LIM_EEZ_02,LOC_EEZ_6690
LIM_EEZ_02,LOC_EEZ_6691
LIM_EEZ_02,LOC_EEZ_6692
LIM_EEZ_02,LOC_EEZ_6693
LIM_EEZ_02,LOC_EEZ_6694
LIM_EEZ_02,LOC_EEZ_6695
LIM_EEZ_02,LOC_EEZ_6696
LIM_EEZ_02,LOC_EEZ_6697
LIM_EEZ_02,LOC_EEZ_6698
LIM_EEZ_02,LOC_EEZ_6699
LIM_EEZ_02,LOC_EEZ_6700
LIM_EEZ_02,LOC_EEZ_6701
LIM_EEZ_02,LOC_EEZ_6702
LIM_EEZ_02,LOC_EEZ_6703
LIM_EEZ_02,LOC_EEZ_6704
LIM_EEZ_02,LOC_EEZ_6705
LIM_EEZ_02,LOC_EEZ_6706
LIM_EEZ_02,LOC_EEZ_6707
LIM_EEZ_02,LOC_EEZ_6708
LIM_EEZ_02,LOC_EEZ_6709
LIM_EEZ_02,LOC_EEZ_6710
LIM_EEZ_02,LOC_EEZ_6711
LIM_EEZ_02,LOC_EEZ_6712
LIM_EEZ_02,LOC_EEZ_6713
LIM_EEZ_02,LOC_EEZ_6714
LIM_EEZ_02,LOC_EEZ_6715
LIM_EEZ_02,LOC_EEZ_6716
LIM_EEZ_02,LOC_EEZ_6717
LIM_EEZ_02,LOC_EEZ_6718
LIM_EEZ_02,LOC_EEZ_6719
LIM_EEZ_02,LOC_EEZ_6720
LIM_EEZ_02,LOC_EEZ_6721
LIM_EEZ_02,LOC_EEZ_6722
LIM_EEZ_02,LOC_EEZ_6723
LIM_EEZ_02,LOC_EEZ_6724
LIM_EEZ_02,LOC_EEZ_6725
LIM_EEZ_02,LOC_EEZ_6726
LIM_EEZ_02,LOC_EEZ_6727
LIM_EEZ_02,LOC_EEZ_6728
LIM_EEZ_02,LOC_EEZ_6729
LIM_EEZ_02,LOC_EEZ_6730
LIM_EEZ_02,LOC_EEZ_6731
LIM_EEZ_02,LOC_EEZ_6732
LIM_EEZ_02,LOC_EEZ_6733
LIM_EEZ_02,LOC_EEZ_6734
LIM_EEZ_02,LOC_EEZ_6735
LIM_EEZ_02,LOC_EEZ_6736
LIM_EEZ_02,LOC_EEZ_6737
LIM_EEZ_02,LOC_EEZ_6738
LIM_EEZ_02,LOC_EEZ_6739
LIM_EEZ_02,LOC_EEZ_6740
LIM_EEZ_02,LOC_EEZ_6741
LIM_EEZ_02,LOC_EEZ_6742
LIM_EEZ_02,LOC_EEZ_6743
LIM_EEZ_02,LOC_EEZ_6744
LIM_EEZ_02,LOC_EEZ_6745
LIM_EEZ_02,LOC_EEZ_6746
LIM_EEZ_02,LOC_EEZ_6747
LIM_EEZ_02,LOC_EEZ_6748
LIM_EEZ_02,LOC_EEZ_6749
LIM_EEZ_02,LOC_EEZ_6750
LIM_EEZ_02,LOC_EEZ_6751
LIM_EEZ_02,LOC_EEZ_6752
LIM_EEZ_02,LOC_EEZ_6753
LIM_EEZ_02,LOC_EEZ_6754
LIM_EEZ_02,LOC_EEZ_6755
LIM_EEZ_02,LOC_EEZ_6756
LIM_EEZ_02,LOC_EEZ_6757
LIM_EEZ_02,LOC_EEZ_6758
LIM_EEZ_02,LOC_EEZ_6759
LIM_EEZ_02,LOC_EEZ_6760
LIM_EEZ_02,LOC_EEZ_6761
LIM_EEZ_02,LOC_EEZ_6762
LIM_EEZ_02,LOC_EEZ_6763
LIM_EEZ_02,LOC_EEZ_6764
LIM_EEZ_02,LOC_EEZ_6765
LIM_EEZ_02,LOC_EEZ_6766
LIM_EEZ_02,LOC_EEZ_6767
LIM_EEZ_02,LOC_EEZ_6768
LIM_EEZ_02,LOC_EEZ_6769
LIM_EEZ_02,LOC_EEZ_6770
LIM_EEZ_02,LOC_EEZ_6771
LIM_EEZ_02,LOC_EEZ_6772
LIM_EEZ_02,LOC_EEZ_6773
LIM_EEZ_02,LOC_EEZ_6774
LIM_EEZ_02,LOC_EEZ_6775
LIM_EEZ_02,LOC_EEZ_6776
LIM_EEZ_02,LOC_EEZ_6777
LIM_EEZ_02,LOC_EEZ_6778
LIM_EEZ_02,LOC_EEZ_6779
LIM_EEZ_02,LOC_EEZ_6780
LIM_EEZ_02,LOC_EEZ_6781
LIM_EEZ_02,LOC_EEZ_6782
LIM_EEZ_02,LOC_EEZ_6783
LIM_EEZ_02,LOC_EEZ_6784
LIM_EEZ_02,LOC_EEZ_6785
LIM_EEZ_02,LOC_EEZ_6786
LIM_EEZ_02,LOC_EEZ_6787
LIM_EEZ_02,LOC_EEZ_6788
LIM_EEZ_02,LOC_EEZ_6789
LIM_EEZ_02,LOC_EEZ_6790
LIM_EEZ_02,LOC_EEZ_6791
LIM_EEZ_02,LOC_EEZ_6792
LIM_EEZ_02,LOC_EEZ_6793
LIM_EEZ_02,LOC_EEZ_6794
LIM_EEZ_02,LOC_EEZ_6795
LIM_EEZ_02,LOC_EEZ_6796
LIM_EEZ_02,LOC_EEZ_6797
LIM_EEZ_02,LOC_EEZ_6798
LIM_EEZ_02,LOC_EEZ_6799
LIM_EEZ_02,LOC_EEZ_6800
LIM_EEZ_02,LOC_EEZ_6801
LIM_EEZ_02,LOC_EEZ_6802
LIM_EEZ_02,LOC_EEZ_6803
LIM_EEZ_02,LOC_EEZ_6804
LIM_EEZ_02,LOC_EEZ_6805
LIM_EEZ_02,LOC_EEZ_6806
LIM_EEZ_02,LOC_EEZ_6807
LIM_EEZ_02,LOC_EEZ_6808
LIM_EEZ_02,LOC_EEZ_6809
LIM_EEZ_02,LOC_EEZ_6810
LIM_EEZ_02,LOC_EEZ_6811
LIM_EEZ_02,LOC_EEZ_6812
LIM_EEZ_02,LOC_EEZ_6813
LIM_EEZ_02,LOC_EEZ_6814
LIM_EEZ_02,LOC_EEZ_6815
LIM_EEZ_02,LOC_EEZ_6816
LIM_EEZ_02,LOC_EEZ_6817
LIM_EEZ_02,LOC_EEZ_6818
LIM_EEZ_02,LOC_EEZ_6819
LIM_EEZ_02,LOC_EEZ_6820
LIM_EEZ_02,LOC_EEZ_6821
LIM_EEZ_02,LOC_EEZ_6822
LIM_EEZ_02,LOC_EEZ_6823
LIM_EEZ_02,LOC_EEZ_6824
LIM_EEZ_02,LOC_EEZ_6825
LIM_EEZ_02,LOC_EEZ_6826
LIM_EEZ_02,LOC_EEZ_6827
LIM_EEZ_02,LOC_EEZ_6828
LIM_EEZ_02,LOC_EEZ_6829
LIM_EEZ_02,LOC_EEZ_6830
LIM_EEZ_02,LOC_EEZ_6831
LIM_EEZ_02,LOC_EEZ_6832
LIM_EEZ_02,LOC_EEZ_6833
LIM_EEZ_02,LOC_EEZ_6834
LIM_EEZ_02,LOC_EEZ_6835
LIM_EEZ_02,LOC_EEZ_6836
LIM_EEZ_02,LOC_EEZ_6837
LIM_EEZ_02,LOC_EEZ_6838
LIM_EEZ_02,LOC_EEZ_6839
LIM_EEZ_02,LOC_EEZ_6840
LIM_EEZ_02,LOC_EEZ_6841
LIM_EEZ_02,LOC_EEZ_6842
LIM_EEZ_02,LOC_EEZ_6843
LIM_EEZ_02,LOC_EEZ_6844
LIM_EEZ_02,LOC_EEZ_6845
LIM_EEZ_02,LOC_EEZ_6846
LIM_EEZ_02,LOC_EEZ_6847
LIM_EEZ_02,LOC_EEZ_6848
LIM_EEZ_02,LOC_EEZ_6849
LIM_EEZ_02,LOC_EEZ_6850
LIM_EEZ_02,LOC_EEZ_6851
LIM_EEZ_02,LOC_EEZ_6852
LIM_EEZ_02,LOC_EEZ_6853
LIM_EEZ_02,LOC_EEZ_6854
LIM_EEZ_02,LOC_EEZ_6855
LIM_EEZ_02,LOC_EEZ_6856
LIM_EEZ_02,LOC_EEZ_6857
LIM_EEZ_02,LOC_EEZ_6858
LIM_EEZ_02,LOC_EEZ_6859
LIM_EEZ_02,LOC_EEZ_6860
LIM_EEZ_02,LOC_EEZ_6861
LIM_EEZ_02,LOC_EEZ_6862
LIM_EEZ_02,LOC_EEZ_6863
LIM_EEZ_02,LOC_EEZ_6864
LIM_EEZ_02,LOC_EEZ_6865
LIM_EEZ_02,LOC_EEZ_6866
LIM_EEZ_02,LOC_EEZ_6867
LIM_EEZ_02,LOC_EEZ_6868
LIM_EEZ_02,LOC_EEZ_6869
LIM_EEZ_02,LOC_EEZ_6870
LIM_EEZ_02,LOC_EEZ_6871
LIM_EEZ_02,LOC_EEZ_6872
LIM_EEZ_02,LOC_EEZ_6873
LIM_EEZ_02,LOC_EEZ_6874
LIM_EEZ_02,LOC_EEZ_6875
LIM_EEZ_02,LOC_EEZ_6876
LIM_EEZ_02,LOC_EEZ_6877
LIM_EEZ_02,LOC_EEZ_6878
LIM_EEZ_02,LOC_EEZ_6879
LIM_EEZ_02,LOC_EEZ_6880
LIM_EEZ_02,LOC_EEZ_6881
LIM_EEZ_02,LOC_EEZ_6882
LIM_EEZ_02,LOC_EEZ_6883
LIM_EEZ_02,LOC_EEZ_6884
LIM_EEZ_02,LOC_EEZ_6885
LIM_EEZ_02,LOC_EEZ_6886
LIM_EEZ_02,LOC_EEZ_6887
LIM_EEZ_02,LOC_EEZ_6888
LIM_EEZ_02,LOC_EEZ_6889
LIM_EEZ_02,LOC_EEZ_6890
LIM_EEZ_02,LOC_EEZ_6891
LIM_EEZ_02,LOC_EEZ_6892
LIM_EEZ_02,LOC_EEZ_6893
LIM_EEZ_02,LOC_EEZ_6894
LIM_EEZ_02,LOC_EEZ_6895
LIM_EEZ_02,LOC_EEZ_6896
LIM_EEZ_02,LOC_EEZ_6897
LIM_EEZ_02,LOC_EEZ_6898
LIM_EEZ_02,LOC_EEZ_6899
LIM_EEZ_02,LOC_EEZ_6900
LIM_EEZ_02,LOC_EEZ_6901
LIM_EEZ_02,LOC_EEZ_6902
LIM_EEZ_02,LOC_EEZ_6903
LIM_EEZ_02,LOC_EEZ_6904
LIM_EEZ_02,LOC_EEZ_6905
LIM_EEZ_02,LOC_EEZ_6906
LIM_EEZ_02,LOC_EEZ_6907
LIM_EEZ_02,LOC_EEZ_6908
LIM_EEZ_02,LOC_EEZ_6909
LIM_EEZ_02,LOC_EEZ_6910
LIM_EEZ_02,LOC_EEZ_6911
LIM_EEZ_02,LOC_EEZ_6912
LIM_EEZ_02,LOC_EEZ_6913
LIM_EEZ_02,LOC_EEZ_6914
LIM_EEZ_02,LOC_EEZ_6915
LIM_EEZ_02,LOC_EEZ_6916
LIM_EEZ_02,LOC_EEZ_6917
LIM_EEZ_02,LOC_EEZ_6918
LIM_EEZ_02,LOC_EEZ_6919
LIM_EEZ_02,LOC_EEZ_6920
LIM_EEZ_02,LOC_EEZ_6921
LIM_EEZ_02,LOC_EEZ_6922
LIM_EEZ_02,LOC_EEZ_6923
LIM_EEZ_02,LOC_EEZ_6924
LIM_EEZ_02,LOC_EEZ_6925
LIM_EEZ_02,LOC_EEZ_6926
LIM_EEZ_02,LOC_EEZ_6927
LIM_EEZ_02,LOC_EEZ_6928
LIM_EEZ_02,LOC_EEZ_6929
LIM_EEZ_02,LOC_EEZ_6930
LIM_EEZ_02,LOC_EEZ_6931
LIM_EEZ_02,LOC_EEZ_6932
LIM_EEZ_02,LOC_EEZ_6933
LIM_EEZ_02,LOC_EEZ_6934
LIM_EEZ_02,LOC_EEZ_6935
LIM_EEZ_02,LOC_EEZ_6936
LIM_EEZ_02,LOC_EEZ_6937
LIM_EEZ_02,LOC_EEZ_6938
LIM_EEZ_02,LOC_EEZ_6939
LIM_EEZ_02,LOC_EEZ_6940
LIM_EEZ_02,LOC_EEZ_6941
LIM_EEZ_02,LOC_EEZ_6942
LIM_EEZ_02,LOC_EEZ_6943
LIM_EEZ_02,LOC_EEZ_6944
LIM_EEZ_02,LOC_EEZ_6945
LIM_EEZ_02,LOC_EEZ_6946
LIM_EEZ_02,LOC_EEZ_6947
LIM_EEZ_02,LOC_EEZ_6948
LIM_EEZ_02,LOC_EEZ_6949
LIM_EEZ_02,LOC_EEZ_6950
LIM_EEZ_02,LOC_EEZ_6951
LIM_EEZ_02,LOC_EEZ_6952
LIM_EEZ_02,LOC_EEZ_6953
LIM_EEZ_02,LOC_EEZ_6954
LIM_EEZ_02,LOC_EEZ_6955
LIM_EEZ_02,LOC_EEZ_6956
LIM_EEZ_02,LOC_EEZ_6957
LIM_EEZ_02,LOC_EEZ_6958
LIM_EEZ_02,LOC_EEZ_6959
LIM_EEZ_02,LOC_EEZ_6960
LIM_EEZ_02,LOC_EEZ_6961
LIM_EEZ_02,LOC_EEZ_6962
LIM_EEZ_02,LOC_EEZ_6963
LIM_EEZ_02,LOC_EEZ_6964
LIM_EEZ_02,LOC_EEZ_6965
LIM_EEZ_02,LOC_EEZ_6966
LIM_EEZ_02,LOC_EEZ_6967
LIM_EEZ_02,LOC_EEZ_6968
LIM_EEZ_02,LOC_EEZ_6969
LIM_EEZ_02,LOC_EEZ_6970
LIM_EEZ_02,LOC_EEZ_6971
LIM_EEZ_02,LOC_EEZ_6972
LIM_EEZ_02,LOC_EEZ_6973
LIM_EEZ_02,LOC_EEZ_6974
LIM_EEZ_02,LOC_EEZ_6975
LIM_EEZ_02,LOC_EEZ_6976
LIM_EEZ_02,LOC_EEZ_6977
LIM_EEZ_02,LOC_EEZ_6978
LIM_EEZ_02,LOC_EEZ_6979
LIM_EEZ_02,LOC_EEZ_6980
LIM_EEZ_02,LOC_EEZ_6981
LIM_EEZ_02,LOC_EEZ_6982
LIM_EEZ_02,LOC_EEZ_6983
LIM_EEZ_02,LOC_EEZ_6984
LIM_EEZ_02,LOC_EEZ_6985
LIM_EEZ_02,LOC_EEZ_6986
LIM_EEZ_02,LOC_EEZ_6987
LIM_EEZ_02,LOC_EEZ_6988
LIM_EEZ_02,LOC_EEZ_6989
LIM_EEZ_02,LOC_EEZ_6990
LIM_EEZ_02,LOC_EEZ_6991
LIM_EEZ_02,LOC_EEZ_6992
LIM_EEZ_02,LOC_EEZ_6993
LIM_EEZ_02,LOC_EEZ_6994
LIM_EEZ_02,LOC_EEZ_6995
LIM_EEZ_02,LOC_EEZ_6996
LIM_EEZ_02,LOC_EEZ_6997
LIM_EEZ_02,LOC_EEZ_6998
LIM_EEZ_02,LOC_EEZ_6999
LIM_EEZ_02,LOC_EEZ_7000
LIM_EEZ_02,LOC_EEZ_7001
LIM_EEZ_02,LOC_EEZ_7002
LIM_EEZ_02,LOC_EEZ_7003
LIM_EEZ_02,LOC_EEZ_7004
LIM_EEZ_02,LOC_EEZ_7005
LIM_EEZ_02,LOC_EEZ_7006
LIM_EEZ_02,LOC_EEZ_7007
LIM_EEZ_02,LOC_EEZ_7008
LIM_EEZ_02,LOC_EEZ_7009
LIM_EEZ_02,LOC_EEZ_7010
LIM_EEZ_02,LOC_EEZ_7011
LIM_EEZ_02,LOC_EEZ_7012
LIM_EEZ_02,LOC_EEZ_7013
LIM_EEZ_02,LOC_EEZ_7014
LIM_EEZ_02,LOC_EEZ_7015
LIM_EEZ_02,LOC_EEZ_7016
LIM_EEZ_02,LOC_EEZ_7017
LIM_EEZ_02,LOC_EEZ_7018
LIM_EEZ_02,LOC_EEZ_7019
LIM_EEZ_02,LOC_EEZ_7020
LIM_EEZ_02,LOC_EEZ_7021
LIM_EEZ_02,LOC_EEZ_7022
LIM_EEZ_02,LOC_EEZ_7023
LIM_EEZ_02,LOC_EEZ_7024
LIM_EEZ_02,LOC_EEZ_7025
LIM_EEZ_02,LOC_EEZ_7026
LIM_EEZ_02,LOC_EEZ_7027
LIM_EEZ_02,LOC_EEZ_7028
LIM_EEZ_02,LOC_EEZ_7029
LIM_EEZ_02,LOC_EEZ_7030
LIM_EEZ_02,LOC_EEZ_7031
LIM_EEZ_02,LOC_EEZ_7032
LIM_EEZ_02,LOC_EEZ_7033
LIM_EEZ_02,LOC_EEZ_7034
LIM_EEZ_02,LOC_EEZ_7035
LIM_EEZ_02,LOC_EEZ_7036
LIM_EEZ_02,LOC_EEZ_7037
LIM_EEZ_02,LOC_EEZ_7038
LIM_EEZ_02,LOC_EEZ_7039
LIM_EEZ_02,LOC_EEZ_7040
LIM_EEZ_02,LOC_EEZ_7041
LIM_EEZ_02,LOC_EEZ_7042
LIM_EEZ_02,LOC_EEZ_7043
LIM_EEZ_02,LOC_EEZ_7044
LIM_EEZ_02,LOC_EEZ_7045
LIM_EEZ_02,LOC_EEZ_7046
LIM_EEZ_02,LOC_EEZ_7047
LIM_EEZ_02,LOC_EEZ_7048
LIM_EEZ_02,LOC_EEZ_7049
LIM_EEZ_02,LOC_EEZ_7050
LIM_EEZ_02,LOC_EEZ_7051
LIM_EEZ_02,LOC_EEZ_7052
LIM_EEZ_02,LOC_EEZ_7053
LIM_EEZ_02,LOC_EEZ_7054
LIM_EEZ_02,LOC_EEZ_7055
LIM_EEZ_02,LOC_EEZ_7056
LIM_EEZ_02,LOC_EEZ_7057
LIM_EEZ_02,LOC_EEZ_7058
LIM_EEZ_02,LOC_EEZ_7059
LIM_EEZ_02,LOC_EEZ_7060
LIM_EEZ_02,LOC_EEZ_7061
LIM_EEZ_02,LOC_EEZ_7062
LIM_EEZ_02,LOC_EEZ_7063
LIM_EEZ_02,LOC_EEZ_7064
LIM_EEZ_02,LOC_EEZ_7065
LIM_EEZ_02,LOC_EEZ_7066
LIM_EEZ_02,LOC_EEZ_7067
LIM_EEZ_02,LOC_EEZ_7068
LIM_EEZ_02,LOC_EEZ_7069
LIM_EEZ_02,LOC_EEZ_7070
LIM_EEZ_02,LOC_EEZ_7071
LIM_EEZ_02,LOC_EEZ_7072
LIM_EEZ_02,LOC_EEZ_7073
LIM_EEZ_02,LOC_EEZ_7074
LIM_EEZ_02,LOC_EEZ_7075
LIM_EEZ_02,LOC_EEZ_7076
LIM_EEZ_02,LOC_EEZ_7077
LIM_EEZ_02,LOC_EEZ_7078
LIM_EEZ_02,LOC_EEZ_7079
LIM_EEZ_02,LOC_EEZ_7080
LIM_EEZ_02,LOC_EEZ_7081
LIM_EEZ_02,LOC_EEZ_7082
LIM_EEZ_02,LOC_EEZ_7083
LIM_EEZ_02,LOC_EEZ_7084
LIM_EEZ_02,LOC_EEZ_7085
LIM_EEZ_02,LOC_EEZ_7086
LIM_EEZ_02,LOC_EEZ_7087
LIM_EEZ_02,LOC_EEZ_7088
LIM_EEZ_02,LOC_EEZ_7089
LIM_EEZ_02,LOC_EEZ_7090
LIM_EEZ_02,LOC_EEZ_7091
LIM_EEZ_02,LOC_EEZ_7092
LIM_EEZ_02,LOC_EEZ_7093
LIM_EEZ_02,LOC_EEZ_7094
LIM_EEZ_02,LOC_EEZ_7095
LIM_EEZ_02,LOC_EEZ_7096
LIM_EEZ_02,LOC_EEZ_7097
LIM_EEZ_02,LOC_EEZ_7098
LIM_EEZ_02,LOC_EEZ_7099
LIM_EEZ_02,LOC_EEZ_7100
LIM_EEZ_02,LOC_EEZ_7101
LIM_EEZ_02,LOC_EEZ_7102
LIM_EEZ_02,LOC_EEZ_7103
LIM_EEZ_02,LOC_EEZ_7104
LIM_EEZ_02,LOC_EEZ_7105
LIM_EEZ_02,LOC_EEZ_7106
LIM_EEZ_02,LOC_EEZ_7107
LIM_EEZ_02,LOC_EEZ_7108
LIM_EEZ_02,LOC_EEZ_7109
LIM_EEZ_02,LOC_EEZ_7110
LIM_EEZ_02,LOC_EEZ_7111
LIM_EEZ_02,LOC_EEZ_7112
LIM_EEZ_02,LOC_EEZ_7113
LIM_EEZ_02,LOC_EEZ_7114
LIM_EEZ_02,LOC_EEZ_7115
LIM_EEZ_02,LOC_EEZ_7116
LIM_EEZ_02,LOC_EEZ_7117
LIM_EEZ_02,LOC_EEZ_7118
LIM_EEZ_02,LOC_EEZ_7119
LIM_EEZ_02,LOC_EEZ_7120
LIM_EEZ_02,LOC_EEZ_7121
LIM_EEZ_02,LOC_EEZ_7122
LIM_EEZ_02,LOC_EEZ_7123
LIM_EEZ_02,LOC_EEZ_7124
LIM_EEZ_02,LOC_EEZ_7125
LIM_EEZ_02,LOC_EEZ_7126
LIM_EEZ_02,LOC_EEZ_7127
LIM_EEZ_02,LOC_EEZ_7128
LIM_EEZ_02,LOC_EEZ_7129
LIM_EEZ_02,LOC_EEZ_7130
LIM_EEZ_02,LOC_EEZ_7131
LIM_EEZ_02,LOC_EEZ_7132
LIM_EEZ_02,LOC_EEZ_7133
LIM_EEZ_02,LOC_EEZ_7134
LIM_EEZ_02,LOC_EEZ_7135
LIM_EEZ_02,LOC_EEZ_7136
LIM_EEZ_02,LOC_EEZ_7137
LIM_EEZ_02,LOC_EEZ_7138
LIM_EEZ_02,LOC_EEZ_7139
LIM_EEZ_02,LOC_EEZ_7140
LIM_EEZ_02,LOC_EEZ_7141
LIM_EEZ_02,LOC_EEZ_7142
LIM_EEZ_02,LOC_EEZ_7143
LIM_EEZ_02,LOC_EEZ_7144
LIM_EEZ_02,LOC_EEZ_7145
LIM_EEZ_02,LOC_EEZ_7146
LIM_EEZ_02,LOC_EEZ_7147
LIM_EEZ_02,LOC_EEZ_7148
LIM_EEZ_02,LOC_EEZ_7149
LIM_EEZ_02,LOC_EEZ_7150
LIM_EEZ_02,LOC_EEZ_7151
LIM_EEZ_02,LOC_EEZ_7152
LIM_EEZ_02,LOC_EEZ_7153
LIM_EEZ_02,LOC_EEZ_7154
LIM_EEZ_02,LOC_EEZ_7155
LIM_EEZ_02,LOC_EEZ_7156
LIM_EEZ_02,LOC_EEZ_7157
LIM_EEZ_02,LOC_EEZ_7158
LIM_EEZ_02,LOC_EEZ_7159
LIM_EEZ_02,LOC_EEZ_7160
LIM_EEZ_02,LOC_EEZ_7161
LIM_EEZ_02,LOC_EEZ_7162
LIM_EEZ_02,LOC_EEZ_7163
LIM_EEZ_02,LOC_EEZ_7164
LIM_EEZ_02,LOC_EEZ_7165
LIM_EEZ_02,LOC_EEZ_7166
LIM_EEZ_02,LOC_EEZ_7167
LIM_EEZ_02,LOC_EEZ_7168
LIM_EEZ_02,LOC_EEZ_7169
LIM_EEZ_02,LOC_EEZ_7170
LIM_EEZ_02,LOC_EEZ_7171
LIM_EEZ_02,LOC_EEZ_7172
LIM_EEZ_02,LOC_EEZ_7173
LIM_EEZ_02,LOC_EEZ_7174
LIM_EEZ_02,LOC_EEZ_7175
LIM_EEZ_02,LOC_EEZ_7176
LIM_EEZ_02,LOC_EEZ_7177
LIM_EEZ_02,LOC_EEZ_7178
LIM_EEZ_02,LOC_EEZ_7179
LIM_EEZ_02,LOC_EEZ_7180
LIM_EEZ_02,LOC_EEZ_7181
LIM_EEZ_02,LOC_EEZ_7182
LIM_EEZ_02,LOC_EEZ_7183
LIM_EEZ_02,LOC_EEZ_7184
LIM_EEZ_02,LOC_EEZ_7185
LIM_EEZ_02,LOC_EEZ_7186
LIM_EEZ_02,LOC_EEZ_7187
LIM_EEZ_02,LOC_EEZ_7188
LIM_EEZ_02,LOC_EEZ_7189
LIM_EEZ_02,LOC_EEZ_7190
LIM_EEZ_02,LOC_EEZ_7191
LIM_EEZ_02,LOC_EEZ_7192
LIM_EEZ_02,LOC_EEZ_7193
LIM_EEZ_02,LOC_EEZ_7194
LIM_EEZ_02,LOC_EEZ_7195
LIM_EEZ_02,LOC_EEZ_7196
LIM_EEZ_02,LOC_EEZ_7197
LIM_EEZ_02,LOC_EEZ_7198
LIM_EEZ_02,LOC_EEZ_7199
LIM_EEZ_02,LOC_EEZ_7200
LIM_EEZ_02,LOC_EEZ_7201
LIM_EEZ_02,LOC_EEZ_7202
LIM_EEZ_02,LOC_EEZ_7203
LIM_EEZ_02,LOC_EEZ_7204
LIM_EEZ_02,LOC_EEZ_7205
LIM_EEZ_02,LOC_EEZ_7206
LIM_EEZ_02,LOC_EEZ_7207
LIM_EEZ_02,LOC_EEZ_7208
LIM_EEZ_02,LOC_EEZ_7209
LIM_EEZ_02,LOC_EEZ_7210
LIM_EEZ_02,LOC_EEZ_7211
LIM_EEZ_02,LOC_EEZ_7212
LIM_EEZ_02,LOC_EEZ_7213
LIM_EEZ_02,LOC_EEZ_7214
LIM_EEZ_02,LOC_EEZ_7215
LIM_EEZ_02,LOC_EEZ_7216
LIM_EEZ_02,LOC_EEZ_7217
LIM_EEZ_02,LOC_EEZ_7218
LIM_EEZ_02,LOC_EEZ_7219
LIM_EEZ_02,LOC_EEZ_7220
LIM_EEZ_02,LOC_EEZ_7221
LIM_EEZ_02,LOC_EEZ_7222
LIM_EEZ_02,LOC_EEZ_7223
LIM_EEZ_02,LOC_EEZ_7224
LIM_EEZ_02,LOC_EEZ_7225
LIM_EEZ_02,LOC_EEZ_7226
LIM_EEZ_02,LOC_EEZ_7227
LIM_EEZ_02,LOC_EEZ_7228
LIM_EEZ_02,LOC_EEZ_7229
LIM_EEZ_02,LOC_EEZ_7230
LIM_EEZ_02,LOC_EEZ_7231
LIM_EEZ_02,LOC_EEZ_7232
LIM_EEZ_02,LOC_EEZ_7233
LIM_EEZ_02,LOC_EEZ_7234
LIM_EEZ_02,LOC_EEZ_7235
LIM_EEZ_02,LOC_EEZ_7236
LIM_EEZ_02,LOC_EEZ_7237
LIM_EEZ_02,LOC_EEZ_7238
LIM_EEZ_02,LOC_EEZ_7239
LIM_EEZ_02,LOC_EEZ_7240
LIM_EEZ_02,LOC_EEZ_7241
LIM_EEZ_02,LOC_EEZ_7242
LIM_EEZ_02,LOC_EEZ_7243
LIM_EEZ_02,LOC_EEZ_7244
LIM_EEZ_02,LOC_EEZ_7245
LIM_EEZ_02,LOC_EEZ_7246
LIM_EEZ_02,LOC_EEZ_7247
LIM_EEZ_02,LOC_EEZ_7248
LIM_EEZ_02,LOC_EEZ_7249
LIM_EEZ_02,LOC_EEZ_7250
LIM_EEZ_02,LOC_EEZ_7251
LIM_EEZ_02,LOC_EEZ_7252
LIM_EEZ_02,LOC_EEZ_7253
LIM_EEZ_02,LOC_EEZ_7254
LIM_EEZ_02,LOC_EEZ_7255
LIM_EEZ_02,LOC_EEZ_7256
LIM_EEZ_02,LOC_EEZ_7257
LIM_EEZ_02,LOC_EEZ_7258
LIM_EEZ_02,LOC_EEZ_7259
LIM_EEZ_02,LOC_EEZ_7260
LIM_EEZ_02,LOC_EEZ_7261
LIM_EEZ_02,LOC_EEZ_7262
LIM_EEZ_02,LOC_EEZ_7263
LIM_EEZ_02,LOC_EEZ_7264
LIM_EEZ_02,LOC_EEZ_7265
LIM_EEZ_02,LOC_EEZ_7266
LIM_EEZ_02,LOC_EEZ_7267
LIM_EEZ_02,LOC_EEZ_7268
LIM_EEZ_02,LOC_EEZ_7269
LIM_EEZ_02,LOC_EEZ_7270
LIM_EEZ_02,LOC_EEZ_7271
LIM_EEZ_02,LOC_EEZ_7272
LIM_EEZ_02,LOC_EEZ_7273
LIM_EEZ_02,LOC_EEZ_7274
LIM_EEZ_02,LOC_EEZ_7275
LIM_EEZ_02,LOC_EEZ_7276
LIM_EEZ_02,LOC_EEZ_7277
LIM_EEZ_02,LOC_EEZ_7278
LIM_EEZ_02,LOC_EEZ_7279
LIM_EEZ_02,LOC_EEZ_7280
LIM_EEZ_02,LOC_EEZ_7281
LIM_EEZ_02,LOC_EEZ_7282
LIM_EEZ_02,LOC_EEZ_7283
LIM_EEZ_02,LOC_EEZ_7284
LIM_EEZ_02,LOC_EEZ_7285
LIM_EEZ_02,LOC_EEZ_7286
LIM_EEZ_02,LOC_EEZ_7287
LIM_EEZ_02,LOC_EEZ_7288
LIM_EEZ_02,LOC_EEZ_7289
LIM_EEZ_02,LOC_EEZ_7290
LIM_EEZ_02,LOC_EEZ_7291
LIM_EEZ_02,LOC_EEZ_7292
LIM_EEZ_02,LOC_EEZ_7293
LIM_EEZ_02,LOC_EEZ_7294
LIM_EEZ_02,LOC_EEZ_7295
LIM_EEZ_02,LOC_EEZ_7296
LIM_EEZ_02,LOC_EEZ_7297
LIM_EEZ_02,LOC_EEZ_7298
LIM_EEZ_02,LOC_EEZ_7299
LIM_EEZ_02,LOC_EEZ_7300
LIM_EEZ_02,LOC_EEZ_7301
LIM_EEZ_02,LOC_EEZ_7302
LIM_EEZ_02,LOC_EEZ_7303
LIM_EEZ_02,LOC_EEZ_7304
LIM_EEZ_02,LOC_EEZ_7305
LIM_EEZ_02,LOC_EEZ_7306
LIM_EEZ_02,LOC_EEZ_7307
LIM_EEZ_02,LOC_EEZ_7308
LIM_EEZ_02,LOC_EEZ_7309
LIM_EEZ_02,LOC_EEZ_7310
LIM_EEZ_02,LOC_EEZ_7311
LIM_EEZ_02,LOC_EEZ_7312
LIM_EEZ_02,LOC_EEZ_7313
LIM_EEZ_02,LOC_EEZ_7314
LIM_EEZ_02,LOC_EEZ_7315
LIM_EEZ_02,LOC_EEZ_7316
LIM_EEZ_02,LOC_EEZ_7317
LIM_EEZ_02,LOC_EEZ_7318
LIM_EEZ_02,LOC_EEZ_7319
LIM_EEZ_02,LOC_EEZ_7320
LIM_EEZ_02,LOC_EEZ_7321
LIM_EEZ_02,LOC_EEZ_7322
LIM_EEZ_02,LOC_EEZ_7323
LIM_EEZ_02,LOC_EEZ_7324
LIM_EEZ_02,LOC_EEZ_7325
LIM_EEZ_02,LOC_EEZ_7326
LIM_EEZ_02,LOC_EEZ_7327
LIM_EEZ_02,LOC_EEZ_7328
LIM_EEZ_02,LOC_EEZ_7329
LIM_EEZ_02,LOC_EEZ_7330
LIM_EEZ_02,LOC_EEZ_7331
LIM_EEZ_02,LOC_EEZ_7332
LIM_EEZ_02,LOC_EEZ_7333
LIM_EEZ_02,LOC_EEZ_7334
LIM_EEZ_02,LOC_EEZ_7335
LIM_EEZ_02,LOC_EEZ_7336
LIM_EEZ_02,LOC_EEZ_7337
LIM_EEZ_02,LOC_EEZ_7338
LIM_EEZ_02,LOC_EEZ_7339
LIM_EEZ_02,LOC_EEZ_7340
LIM_EEZ_02,LOC_EEZ_7341
LIM_EEZ_02,LOC_EEZ_7342
LIM_EEZ_02,LOC_EEZ_7343
LIM_EEZ_02,LOC_EEZ_7344
LIM_EEZ_02,LOC_EEZ_7345
LIM_EEZ_02,LOC_EEZ_7346
LIM_EEZ_02,LOC_EEZ_7347
LIM_EEZ_02,LOC_EEZ_7348
LIM_EEZ_02,LOC_EEZ_7349
LIM_EEZ_02,LOC_EEZ_7350
LIM_EEZ_02,LOC_EEZ_7351
LIM_EEZ_02,LOC_EEZ_7352
LIM_EEZ_02,LOC_EEZ_7353
LIM_EEZ_02,LOC_EEZ_7354
LIM_EEZ_02,LOC_EEZ_7355
LIM_EEZ_02,LOC_EEZ_7356
LIM_EEZ_02,LOC_EEZ_7357
LIM_EEZ_02,LOC_EEZ_7358
LIM_EEZ_02,LOC_EEZ_7359
LIM_EEZ_02,LOC_EEZ_7360
LIM_EEZ_02,LOC_EEZ_7361
LIM_EEZ_02,LOC_EEZ_7362
LIM_EEZ_02,LOC_EEZ_7363
LIM_EEZ_02,LOC_EEZ_7364
LIM_EEZ_02,LOC_EEZ_7365
LIM_EEZ_02,LOC_EEZ_7366
LIM_EEZ_02,LOC_EEZ_7367
LIM_EEZ_02,LOC_EEZ_7368
LIM_EEZ_02,LOC_EEZ_7369
LIM_EEZ_02,LOC_EEZ_7370
LIM_EEZ_02,LOC_EEZ_7371
LIM_EEZ_02,LOC_EEZ_7372
LIM_EEZ_02,LOC_EEZ_7373
LIM_EEZ_02,LOC_EEZ_7374
LIM_EEZ_02,LOC_EEZ_7375
LIM_EEZ_02,LOC_EEZ_7376
LIM_EEZ_02,LOC_EEZ_7377
LIM_EEZ_02,LOC_EEZ_7378
LIM_EEZ_02,LOC_EEZ_7379
LIM_EEZ_02,LOC_EEZ_7380
LIM_EEZ_02,LOC_EEZ_7381
LIM_EEZ_02,LOC_EEZ_7382
LIM_EEZ_02,LOC_EEZ_7383
LIM_EEZ_02,LOC_EEZ_7384
LIM_EEZ_02,LOC_EEZ_7385
LIM_EEZ_02,LOC_EEZ_7386
LIM_EEZ_02,LOC_EEZ_7387
LIM_EEZ_02,LOC_EEZ_7388
LIM_EEZ_02,LOC_EEZ_7389
LIM_EEZ_02,LOC_EEZ_7390
LIM_EEZ_02,LOC_EEZ_7391
LIM_EEZ_02,LOC_EEZ_7392
LIM_EEZ_02,LOC_EEZ_7393
LIM_EEZ_02,LOC_EEZ_7394
LIM_EEZ_02,LOC_EEZ_7395
LIM_EEZ_02,LOC_EEZ_7396
LIM_EEZ_02,LOC_EEZ_7397
LIM_EEZ_02,LOC_EEZ_7398
LIM_EEZ_02,LOC_EEZ_7399
LIM_EEZ_02,LOC_EEZ_7400
LIM_EEZ_02,LOC_EEZ_7401
LIM_EEZ_02,LOC_EEZ_7402
LIM_EEZ_02,LOC_EEZ_7403
LIM_EEZ_02,LOC_EEZ_7404
LIM_EEZ_02,LOC_EEZ_7405
LIM_EEZ_02,LOC_EEZ_7406
LIM_EEZ_02,LOC_EEZ_7407
LIM_EEZ_02,LOC_EEZ_7408
LIM_EEZ_02,LOC_EEZ_7409
LIM_EEZ_02,LOC_EEZ_7410
LIM_EEZ_02,LOC_EEZ_7411
LIM_EEZ_02,LOC_EEZ_7412
LIM_EEZ_02,LOC_EEZ_7413
LIM_EEZ_02,LOC_EEZ_7414
LIM_EEZ_02,LOC_EEZ_7415
LIM_EEZ_02,LOC_EEZ_7416
LIM_EEZ_02,LOC_EEZ_7417
LIM_EEZ_02,LOC_EEZ_7418
LIM_EEZ_02,LOC_EEZ_7419
LIM_EEZ_02,LOC_EEZ_7420
LIM_EEZ_02,LOC_EEZ_7421
LIM_EEZ_02,LOC_EEZ_7422
LIM_EEZ_02,LOC_EEZ_7423
LIM_EEZ_02,LOC_EEZ_7424
LIM_EEZ_02,LOC_EEZ_7425
LIM_EEZ_02,LOC_EEZ_7426
LIM_EEZ_02,LOC_EEZ_7427
LIM_EEZ_02,LOC_EEZ_7428
LIM_EEZ_02,LOC_EEZ_7429
LIM_EEZ_02,LOC_EEZ_7430
LIM_EEZ_02,LOC_EEZ_7431
LIM_EEZ_02,LOC_EEZ_7432
LIM_EEZ_02,LOC_EEZ_7433
LIM_EEZ_02,LOC_EEZ_7434
LIM_EEZ_02,LOC_EEZ_7435
LIM_EEZ_02,LOC_EEZ_7436
LIM_EEZ_02,LOC_EEZ_7437
LIM_EEZ_02,LOC_EEZ_7438
LIM_EEZ_02,LOC_EEZ_7439
LIM_EEZ_02,LOC_EEZ_7440
LIM_EEZ_02,LOC_EEZ_7441
LIM_EEZ_02,LOC_EEZ_7442
LIM_EEZ_02,LOC_EEZ_7443
LIM_EEZ_02,LOC_EEZ_7444
LIM_EEZ_02,LOC_EEZ_7445
LIM_EEZ_02,LOC_EEZ_7446
LIM_EEZ_02,LOC_EEZ_7447
LIM_EEZ_02,LOC_EEZ_7448
LIM_EEZ_02,LOC_EEZ_7449
LIM_EEZ_02,LOC_EEZ_7450
LIM_EEZ_02,LOC_EEZ_7451
LIM_EEZ_02,LOC_EEZ_7452
LIM_EEZ_02,LOC_EEZ_7453
LIM_EEZ_02,LOC_EEZ_7454
LIM_EEZ_02,LOC_EEZ_7455
LIM_EEZ_02,LOC_EEZ_7456
LIM_EEZ_02,LOC_EEZ_7457
LIM_EEZ_02,LOC_EEZ_7458
LIM_EEZ_02,LOC_EEZ_7459
LIM_EEZ_02,LOC_EEZ_7460
LIM_EEZ_02,LOC_EEZ_7461
LIM_EEZ_02,LOC_EEZ_7462
LIM_EEZ_02,LOC_EEZ_7463
LIM_EEZ_02,LOC_EEZ_7464
LIM_EEZ_02,LOC_EEZ_7465
LIM_EEZ_02,LOC_EEZ_7466
LIM_EEZ_02,LOC_EEZ_7467
LIM_EEZ_02,LOC_EEZ_7468
LIM_EEZ_02,LOC_EEZ_7469
LIM_EEZ_02,LOC_EEZ_7470
LIM_EEZ_02,LOC_EEZ_7471
LIM_EEZ_02,LOC_EEZ_7472
LIM_EEZ_02,LOC_EEZ_7473
LIM_EEZ_02,LOC_EEZ_7474
LIM_EEZ_02,LOC_EEZ_7475
LIM_EEZ_02,LOC_EEZ_7476
LIM_EEZ_02,LOC_EEZ_7477
LIM_EEZ_02,LOC_EEZ_7478
LIM_EEZ_02,LOC_EEZ_7479
LIM_EEZ_02,LOC_EEZ_7480
LIM_EEZ_02,LOC_EEZ_7481
LIM_EEZ_02,LOC_EEZ_7482
LIM_EEZ_02,LOC_EEZ_7483
LIM_EEZ_02,LOC_EEZ_7484
LIM_EEZ_02,LOC_EEZ_7485
LIM_EEZ_02,LOC_EEZ_7486
LIM_EEZ_02,LOC_EEZ_7487
LIM_EEZ_02,LOC_EEZ_7488
LIM_EEZ_02,LOC_EEZ_7489
LIM_EEZ_02,LOC_EEZ_7490
LIM_EEZ_02,LOC_EEZ_7491
LIM_EEZ_02,LOC_EEZ_7492
LIM_EEZ_02,LOC_EEZ_7493
LIM_EEZ_02,LOC_EEZ_7494
LIM_EEZ_02,LOC_EEZ_7495
LIM_EEZ_02,LOC_EEZ_7496
LIM_EEZ_02,LOC_EEZ_7497
LIM_EEZ_02,LOC_EEZ_7498
LIM_EEZ_02,LOC_EEZ_7499
LIM_EEZ_02,LOC_EEZ_7500
LIM_EEZ_02,LOC_EEZ_7501
LIM_EEZ_02,LOC_EEZ_7502
LIM_EEZ_02,LOC_EEZ_7503
LIM_EEZ_02,LOC_EEZ_7504
LIM_EEZ_02,LOC_EEZ_7505
LIM_EEZ_02,LOC_EEZ_7506
LIM_EEZ_02,LOC_EEZ_7507
LIM_EEZ_02,LOC_EEZ_7508
LIM_EEZ_02,LOC_EEZ_7509
LIM_EEZ_02,LOC_EEZ_7510
LIM_EEZ_02,LOC_EEZ_7511
LIM_EEZ_02,LOC_EEZ_7512
LIM_EEZ_02,LOC_EEZ_7513
LIM_EEZ_02,LOC_EEZ_7514
LIM_EEZ_02,LOC_EEZ_7515
LIM_EEZ_02,LOC_EEZ_7516
LIM_EEZ_02,LOC_EEZ_7517
LIM_EEZ_02,LOC_EEZ_7518
LIM_EEZ_02,LOC_EEZ_7519
LIM_EEZ_02,LOC_EEZ_7520
LIM_EEZ_02,LOC_EEZ_7521
LIM_EEZ_02,LOC_EEZ_7522
LIM_EEZ_02,LOC_EEZ_7523
LIM_EEZ_02,LOC_EEZ_7524
LIM_EEZ_02,LOC_EEZ_7525
LIM_EEZ_02,LOC_EEZ_7526
LIM_EEZ_02,LOC_EEZ_7527
LIM_EEZ_02,LOC_EEZ_7528
LIM_EEZ_02,LOC_EEZ_7529
LIM_EEZ_02,LOC_EEZ_7530
LIM_EEZ_02,LOC_EEZ_7531
LIM_EEZ_02,LOC_EEZ_7532
LIM_EEZ_02,LOC_EEZ_7533
LIM_EEZ_02,LOC_EEZ_7534
LIM_EEZ_02,LOC_EEZ_7535
LIM_EEZ_02,LOC_EEZ_7536
LIM_EEZ_02,LOC_EEZ_7537
LIM_EEZ_02,LOC_EEZ_7538
LIM_EEZ_02,LOC_EEZ_7539
LIM_EEZ_02,LOC_EEZ_7540
LIM_EEZ_02,LOC_EEZ_7541
LIM_EEZ_02,LOC_EEZ_7542
LIM_EEZ_02,LOC_EEZ_7543
LIM_EEZ_02,LOC_EEZ_7544
LIM_EEZ_02,LOC_EEZ_7545
LIM_EEZ_02,LOC_EEZ_7546
LIM_EEZ_02,LOC_EEZ_7547
LIM_EEZ_02,LOC_EEZ_7548
LIM_EEZ_02,LOC_EEZ_7549
LIM_EEZ_02,LOC_EEZ_7550
LIM_EEZ_02,LOC_EEZ_7551
LIM_EEZ_02,LOC_EEZ_7552
LIM_EEZ_02,LOC_EEZ_7553
LIM_EEZ_02,LOC_EEZ_7554
LIM_EEZ_02,LOC_EEZ_7555
LIM_EEZ_02,LOC_EEZ_7556
LIM_EEZ_02,LOC_EEZ_7557
LIM_EEZ_02,LOC_EEZ_7558
LIM_EEZ_02,LOC_EEZ_7559
LIM_EEZ_02,LOC_EEZ_7560
LIM_EEZ_02,LOC_EEZ_7561
LIM_EEZ_02,LOC_EEZ_7562
LIM_EEZ_02,LOC_EEZ_7563
LIM_EEZ_02,LOC_EEZ_7564
LIM_EEZ_02,LOC_EEZ_7565
LIM_EEZ_02,LOC_EEZ_7566
LIM_EEZ_02,LOC_EEZ_7567
LIM_EEZ_02,LOC_EEZ_7568
LIM_EEZ_02,LOC_EEZ_7569
LIM_EEZ_02,LOC_EEZ_7570
LIM_EEZ_02,LOC_EEZ_7571
LIM_EEZ_02,LOC_EEZ_7572
LIM_EEZ_02,LOC_EEZ_7573
LIM_EEZ_02,LOC_EEZ_7574
LIM_EEZ_02,LOC_EEZ_7575
LIM_EEZ_02,LOC_EEZ_7576
LIM_EEZ_02,LOC_EEZ_7577
LIM_EEZ_02,LOC_EEZ_7578
LIM_EEZ_02,LOC_EEZ_7579
LIM_EEZ_02,LOC_EEZ_7580
LIM_EEZ_02,LOC_EEZ_7581
LIM_EEZ_02,LOC_EEZ_7582
LIM_EEZ_02,LOC_EEZ_7583
LIM_EEZ_02,LOC_EEZ_7584
LIM_EEZ_02,LOC_EEZ_7585
LIM_EEZ_02,LOC_EEZ_7586
LIM_EEZ_02,LOC_EEZ_7587
LIM_EEZ_02,LOC_EEZ_7588
LIM_EEZ_02,LOC_EEZ_7589
LIM_EEZ_02,LOC_EEZ_7590
LIM_EEZ_02,LOC_EEZ_7591
LIM_EEZ_02,LOC_EEZ_7592
LIM_EEZ_02,LOC_EEZ_7593
LIM_EEZ_02,LOC_EEZ_7594
LIM_EEZ_02,LOC_EEZ_7595
LIM_EEZ_02,LOC_EEZ_7596
LIM_EEZ_02,LOC_EEZ_7597
LIM_EEZ_02,LOC_EEZ_7598
LIM_EEZ_02,LOC_EEZ_7599
LIM_EEZ_02,LOC_EEZ_7600
LIM_EEZ_02,LOC_EEZ_7601
LIM_EEZ_02,LOC_EEZ_7602
LIM_EEZ_02,LOC_EEZ_7603
LIM_EEZ_02,LOC_EEZ_7604
LIM_EEZ_02,LOC_EEZ_7605
LIM_EEZ_02,LOC_EEZ_7606
LIM_EEZ_02,LOC_EEZ_7607
LIM_EEZ_02,LOC_EEZ_7608
LIM_EEZ_02,LOC_EEZ_7609
LIM_EEZ_02,LOC_EEZ_7610
LIM_EEZ_02,LOC_EEZ_7611
LIM_EEZ_02,LOC_EEZ_7612
LIM_EEZ_02,LOC_EEZ_7613
LIM_EEZ_02,LOC_EEZ_7614
LIM_EEZ_02,LOC_EEZ_7615
LIM_EEZ_02,LOC_EEZ_7616
LIM_EEZ_02,LOC_EEZ_7617
LIM_EEZ_02,LOC_EEZ_7618
LIM_EEZ_02,LOC_EEZ_7619
LIM_EEZ_02,LOC_EEZ_7620
LIM_EEZ_02,LOC_EEZ_7621
LIM_EEZ_02,LOC_EEZ_7622
LIM_EEZ_02,LOC_EEZ_7623
LIM_EEZ_02,LOC_EEZ_7624
LIM_EEZ_02,LOC_EEZ_7625
LIM_EEZ_02,LOC_EEZ_7626
LIM_EEZ_02,LOC_EEZ_7627
LIM_EEZ_02,LOC_EEZ_7628
LIM_EEZ_02,LOC_EEZ_7629
LIM_EEZ_02,LOC_EEZ_7630
LIM_EEZ_02,LOC_EEZ_7631
LIM_EEZ_02,LOC_EEZ_7632
LIM_EEZ_02,LOC_EEZ_7633
LIM_EEZ_02,LOC_EEZ_7634
LIM_EEZ_02,LOC_EEZ_7635
LIM_EEZ_02,LOC_EEZ_7636
LIM_EEZ_02,LOC_EEZ_7637
LIM_EEZ_02,LOC_EEZ_7638
LIM_EEZ_02,LOC_EEZ_7639
LIM_EEZ_02,LOC_EEZ_7640
LIM_EEZ_02,LOC_EEZ_7641
LIM_EEZ_02,LOC_EEZ_7642
LIM_EEZ_02,LOC_EEZ_7643
LIM_EEZ_02,LOC_EEZ_7644
LIM_EEZ_02,LOC_EEZ_7645
LIM_EEZ_02,LOC_EEZ_7646
LIM_EEZ_02,LOC_EEZ_7647
LIM_EEZ_02,LOC_EEZ_7648
LIM_EEZ_02,LOC_EEZ_7649
LIM_EEZ_02,LOC_EEZ_7650
LIM_EEZ_02,LOC_EEZ_7651
LIM_EEZ_02,LOC_EEZ_7652
LIM_EEZ_02,LOC_EEZ_7653
LIM_EEZ_02,LOC_EEZ_7654
LIM_EEZ_02,LOC_EEZ_7655
LIM_EEZ_02,LOC_EEZ_7656
LIM_EEZ_02,LOC_EEZ_7657
LIM_EEZ_02,LOC_EEZ_7658
LIM_EEZ_02,LOC_EEZ_7659
LIM_EEZ_02,LOC_EEZ_7660
LIM_EEZ_02,LOC_EEZ_7661
LIM_EEZ_02,LOC_EEZ_7662
LIM_EEZ_02,LOC_EEZ_7663
LIM_EEZ_02,LOC_EEZ_7664
LIM_EEZ_02,LOC_EEZ_7665
LIM_EEZ_02,LOC_EEZ_7666
LIM_EEZ_02,LOC_EEZ_7667
LIM_EEZ_02,LOC_EEZ_7668
LIM_EEZ_02,LOC_EEZ_7669
LIM_EEZ_02,LOC_EEZ_7670
LIM_EEZ_02,LOC_EEZ_7671
LIM_EEZ_02,LOC_EEZ_7672
LIM_EEZ_02,LOC_EEZ_7673
LIM_EEZ_02,LOC_EEZ_7674
LIM_EEZ_02,LOC_EEZ_7675
LIM_EEZ_02,LOC_EEZ_7676
LIM_EEZ_02,LOC_EEZ_7677
LIM_EEZ_02,LOC_EEZ_7678
LIM_EEZ_02,LOC_EEZ_7679
LIM_EEZ_02,LOC_EEZ_7680
LIM_EEZ_02,LOC_EEZ_7681
LIM_EEZ_02,LOC_EEZ_7682
LIM_EEZ_02,LOC_EEZ_7683
LIM_EEZ_02,LOC_EEZ_7684
LIM_EEZ_02,LOC_EEZ_7685
LIM_EEZ_02,LOC_EEZ_7686
LIM_EEZ_02,LOC_EEZ_7687
LIM_EEZ_02,LOC_EEZ_7688
LIM_EEZ_02,LOC_EEZ_7689
LIM_EEZ_02,LOC_EEZ_7690
LIM_EEZ_02,LOC_EEZ_7691
LIM_EEZ_02,LOC_EEZ_7692
LIM_EEZ_02,LOC_EEZ_7693
LIM_EEZ_02,LOC_EEZ_7694
LIM_EEZ_02,LOC_EEZ_7695
LIM_EEZ_02,LOC_EEZ_7696
LIM_EEZ_02,LOC_EEZ_7697
LIM_EEZ_02,LOC_EEZ_7698
LIM_EEZ_02,LOC_EEZ_7699
LIM_EEZ_02,LOC_EEZ_7700
LIM_EEZ_02,LOC_EEZ_7701
LIM_EEZ_02,LOC_EEZ_7702
LIM_EEZ_02,LOC_EEZ_7703
LIM_EEZ_02,LOC_EEZ_7704
LIM_EEZ_02,LOC_EEZ_7705
LIM_EEZ_02,LOC_EEZ_7706
LIM_EEZ_02,LOC_EEZ_7707
LIM_EEZ_02,LOC_EEZ_7708
LIM_EEZ_02,LOC_EEZ_7709
LIM_EEZ_02,LOC_EEZ_7710
LIM_EEZ_02,LOC_EEZ_7711
LIM_EEZ_02,LOC_EEZ_7712
LIM_EEZ_02,LOC_EEZ_7713
LIM_EEZ_02,LOC_EEZ_7714
LIM_EEZ_02,LOC_EEZ_7715
LIM_EEZ_02,LOC_EEZ_7716
LIM_EEZ_02,LOC_EEZ_7717
LIM_EEZ_02,LOC_EEZ_7718
LIM_EEZ_02,LOC_EEZ_7719
LIM_EEZ_02,LOC_EEZ_7720
LIM_EEZ_02,LOC_EEZ_7721
LIM_EEZ_02,LOC_EEZ_7722
LIM_EEZ_02,LOC_EEZ_7723
LIM_EEZ_02,LOC_EEZ_7724
LIM_EEZ_02,LOC_EEZ_7725
LIM_EEZ_02,LOC_EEZ_7726
LIM_EEZ_02,LOC_EEZ_7727
LIM_EEZ_02,LOC_EEZ_7728
LIM_EEZ_02,LOC_EEZ_7729
LIM_EEZ_02,LOC_EEZ_7730
LIM_EEZ_02,LOC_EEZ_7731
LIM_EEZ_02,LOC_EEZ_7732
LIM_EEZ_02,LOC_EEZ_7733
LIM_EEZ_02,LOC_EEZ_7734
LIM_EEZ_02,LOC_EEZ_7735
LIM_EEZ_02,LOC_EEZ_7736
LIM_EEZ_02,LOC_EEZ_7737
LIM_EEZ_02,LOC_EEZ_7738
LIM_EEZ_02,LOC_EEZ_7739
LIM_EEZ_02,LOC_EEZ_7740
LIM_EEZ_02,LOC_EEZ_7741
LIM_EEZ_02,LOC_EEZ_7742
LIM_EEZ_02,LOC_EEZ_7743
LIM_EEZ_02,LOC_EEZ_7744
LIM_EEZ_02,LOC_EEZ_7745
LIM_EEZ_02,LOC_EEZ_7746
LIM_EEZ_02,LOC_EEZ_7747
LIM_EEZ_02,LOC_EEZ_7748
LIM_EEZ_02,LOC_EEZ_7749
LIM_EEZ_02,LOC_EEZ_7750
LIM_EEZ_02,LOC_EEZ_7751
LIM_EEZ_02,LOC_EEZ_7752
LIM_EEZ_02,LOC_EEZ_7753
LIM_EEZ_02,LOC_EEZ_7754
LIM_EEZ_02,LOC_EEZ_7755
LIM_EEZ_02,LOC_EEZ_7756
LIM_EEZ_02,LOC_EEZ_7757
LIM_EEZ_02,LOC_EEZ_7758
LIM_EEZ_02,LOC_EEZ_7759
LIM_EEZ_02,LOC_EEZ_7760
LIM_EEZ_02,LOC_EEZ_7761
LIM_EEZ_02,LOC_EEZ_7762
LIM_EEZ_02,LOC_EEZ_7763
LIM_EEZ_02,LOC_EEZ_7764
LIM_EEZ_02,LOC_EEZ_7765
LIM_EEZ_02,LOC_EEZ_7766
LIM_EEZ_02,LOC_EEZ_7767
LIM_EEZ_02,LOC_EEZ_7768
LIM_EEZ_02,LOC_EEZ_7769
LIM_EEZ_02,LOC_EEZ_7770
LIM_EEZ_02,LOC_EEZ_7771
LIM_EEZ_02,LOC_EEZ_7772
LIM_EEZ_02,LOC_EEZ_7773
LIM_EEZ_02,LOC_EEZ_7774
LIM_EEZ_02,LOC_EEZ_7775
LIM_EEZ_02,LOC_EEZ_7776
LIM_EEZ_02,LOC_EEZ_7777
LIM_EEZ_02,LOC_EEZ_7778
LIM_EEZ_02,LOC_EEZ_7779
LIM_EEZ_02,LOC_EEZ_7780
LIM_EEZ_02,LOC_EEZ_7781
LIM_EEZ_02,LOC_EEZ_7782
LIM_EEZ_02,LOC_EEZ_7783
LIM_EEZ_02,LOC_EEZ_7784
LIM_EEZ_02,LOC_EEZ_7785
LIM_EEZ_02,LOC_EEZ_7786
LIM_EEZ_02,LOC_EEZ_7787
LIM_EEZ_02,LOC_EEZ_7788
LIM_EEZ_02,LOC_EEZ_7789
LIM_EEZ_02,LOC_EEZ_7790
LIM_EEZ_02,LOC_EEZ_7791
LIM_EEZ_02,LOC_EEZ_7792
LIM_EEZ_02,LOC_EEZ_7793
LIM_EEZ_02,LOC_EEZ_7794
LIM_EEZ_02,LOC_EEZ_7795
LIM_EEZ_02,LOC_EEZ_7796
LIM_EEZ_02,LOC_EEZ_7797
LIM_EEZ_02,LOC_EEZ_7798
LIM_EEZ_02,LOC_EEZ_7799
LIM_EEZ_02,LOC_EEZ_7800
LIM_EEZ_02,LOC_EEZ_7801
LIM_EEZ_02,LOC_EEZ_7802
LIM_EEZ_02,LOC_EEZ_7803
LIM_EEZ_02,LOC_EEZ_7804
LIM_EEZ_02,LOC_EEZ_7805
LIM_EEZ_02,LOC_EEZ_7806
LIM_EEZ_02,LOC_EEZ_7807
LIM_EEZ_02,LOC_EEZ_7808
LIM_EEZ_02,LOC_EEZ_7809
LIM_EEZ_02,LOC_EEZ_7810
LIM_EEZ_02,LOC_EEZ_7811
LIM_EEZ_02,LOC_EEZ_7812
LIM_EEZ_02,LOC_EEZ_7813
LIM_EEZ_02,LOC_EEZ_7814
LIM_EEZ_02,LOC_EEZ_7815
LIM_EEZ_02,LOC_EEZ_7816
LIM_EEZ_02,LOC_EEZ_7817
LIM_EEZ_02,LOC_EEZ_7818
LIM_EEZ_02,LOC_EEZ_7819
LIM_EEZ_02,LOC_EEZ_7820
LIM_EEZ_02,LOC_EEZ_7821
LIM_EEZ_02,LOC_EEZ_7822
LIM_EEZ_02,LOC_EEZ_7823
LIM_EEZ_02,LOC_EEZ_7824
LIM_EEZ_02,LOC_EEZ_7825
LIM_EEZ_02,LOC_EEZ_7826
LIM_EEZ_02,LOC_EEZ_7827
LIM_EEZ_02,LOC_EEZ_7828
LIM_EEZ_02,LOC_EEZ_7829
LIM_EEZ_02,LOC_EEZ_7830
LIM_EEZ_02,LOC_EEZ_7831
LIM_EEZ_02,LOC_EEZ_7832
LIM_EEZ_02,LOC_EEZ_7833
LIM_EEZ_02,LOC_EEZ_7834
LIM_EEZ_02,LOC_EEZ_7835
LIM_EEZ_02,LOC_EEZ_7836
LIM_EEZ_02,LOC_EEZ_7837
LIM_EEZ_02,LOC_EEZ_7838
LIM_EEZ_02,LOC_EEZ_7839
LIM_EEZ_02,LOC_EEZ_7840
LIM_EEZ_02,LOC_EEZ_7841
LIM_EEZ_02,LOC_EEZ_7842
LIM_EEZ_02,LOC_EEZ_7843
LIM_EEZ_02,LOC_EEZ_7844
LIM_EEZ_02,LOC_EEZ_7845
LIM_EEZ_02,LOC_EEZ_7846
LIM_EEZ_02,LOC_EEZ_7847
LIM_EEZ_02,LOC_EEZ_7848
LIM_EEZ_02,LOC_EEZ_7849
LIM_EEZ_02,LOC_EEZ_7850
LIM_EEZ_02,LOC_EEZ_7851
LIM_EEZ_02,LOC_EEZ_7852
LIM_EEZ_02,LOC_EEZ_7853
LIM_EEZ_02,LOC_EEZ_7854
LIM_EEZ_02,LOC_EEZ_7855
LIM_EEZ_02,LOC_EEZ_7856
LIM_EEZ_02,LOC_EEZ_7857
LIM_EEZ_02,LOC_EEZ_7858
LIM_EEZ_02,LOC_EEZ_7859
LIM_EEZ_02,LOC_EEZ_7860
LIM_EEZ_02,LOC_EEZ_7861
LIM_EEZ_02,LOC_EEZ_7862
LIM_EEZ_02,LOC_EEZ_7863
LIM_EEZ_02,LOC_EEZ_7864
LIM_EEZ_02,LOC_EEZ_7865
LIM_EEZ_02,LOC_EEZ_7866
LIM_EEZ_02,LOC_EEZ_7867
LIM_EEZ_02,LOC_EEZ_7868
LIM_EEZ_02,LOC_EEZ_7869
LIM_EEZ_02,LOC_EEZ_7870
LIM_EEZ_02,LOC_EEZ_7871
LIM_EEZ_02,LOC_EEZ_7872
LIM_EEZ_02,LOC_EEZ_7873
LIM_EEZ_02,LOC_EEZ_7874
LIM_EEZ_02,LOC_EEZ_7875
LIM_EEZ_02,LOC_EEZ_7876
LIM_EEZ_02,LOC_EEZ_7877
LIM_EEZ_02,LOC_EEZ_7878
LIM_EEZ_02,LOC_EEZ_7879
LIM_EEZ_02,LOC_EEZ_7880
LIM_EEZ_02,LOC_EEZ_7881
LIM_EEZ_02,LOC_EEZ_7882
LIM_EEZ_02,LOC_EEZ_7883
LIM_EEZ_02,LOC_EEZ_7884
LIM_EEZ_02,LOC_EEZ_7885
LIM_EEZ_02,LOC_EEZ_7886
LIM_EEZ_02,LOC_EEZ_7887
LIM_EEZ_02,LOC_EEZ_7888
LIM_EEZ_02,LOC_EEZ_7889
LIM_EEZ_02,LOC_EEZ_7890
LIM_EEZ_02,LOC_EEZ_7891
LIM_EEZ_02,LOC_EEZ_7892
LIM_EEZ_02,LOC_EEZ_7893
LIM_EEZ_02,LOC_EEZ_7894
LIM_EEZ_02,LOC_EEZ_7895
LIM_EEZ_02,LOC_EEZ_7896
LIM_EEZ_02,LOC_EEZ_7897
LIM_EEZ_02,LOC_EEZ_7898
LIM_EEZ_02,LOC_EEZ_7899
LIM_EEZ_02,LOC_EEZ_7900
LIM_EEZ_02,LOC_EEZ_7901
LIM_EEZ_02,LOC_EEZ_7902
LIM_EEZ_02,LOC_EEZ_7903
LIM_EEZ_02,LOC_EEZ_7904
LIM_EEZ_02,LOC_EEZ_7905
LIM_EEZ_02,LOC_EEZ_7906
LIM_EEZ_02,LOC_EEZ_7907
LIM_EEZ_02,LOC_EEZ_7908
LIM_EEZ_02,LOC_EEZ_7909
LIM_EEZ_02,LOC_EEZ_7910
LIM_EEZ_02,LOC_EEZ_7911
LIM_EEZ_02,LOC_EEZ_7912
LIM_EEZ_02,LOC_EEZ_7913
LIM_EEZ_02,LOC_EEZ_7914
LIM_EEZ_02,LOC_EEZ_7915
LIM_EEZ_02,LOC_EEZ_7916
LIM_EEZ_02,LOC_EEZ_7917
LIM_EEZ_02,LOC_EEZ_7918
LIM_EEZ_02,LOC_EEZ_7919
LIM_EEZ_02,LOC_EEZ_7920
LIM_EEZ_02,LOC_EEZ_7921
LIM_EEZ_02,LOC_EEZ_7922
LIM_EEZ_02,LOC_EEZ_7923
LIM_EEZ_02,LOC_EEZ_7924
LIM_EEZ_02,LOC_EEZ_7925
LIM_EEZ_02,LOC_EEZ_7926
LIM_EEZ_02,LOC_EEZ_7927
LIM_EEZ_02,LOC_EEZ_7928
LIM_EEZ_02,LOC_EEZ_7929
LIM_EEZ_02,LOC_EEZ_7930
LIM_EEZ_02,LOC_EEZ_7931
LIM_EEZ_02,LOC_EEZ_7932
LIM_EEZ_02,LOC_EEZ_7933
LIM_EEZ_02,LOC_EEZ_7934
LIM_EEZ_02,LOC_EEZ_7935
LIM_EEZ_02,LOC_EEZ_7936
LIM_EEZ_02,LOC_EEZ_7937
LIM_EEZ_02,LOC_EEZ_7938
LIM_EEZ_02,LOC_EEZ_7939
LIM_EEZ_02,LOC_EEZ_7940
LIM_EEZ_02,LOC_EEZ_7941
LIM_EEZ_02,LOC_EEZ_7942
LIM_EEZ_02,LOC_EEZ_7943
LIM_EEZ_02,LOC_EEZ_7944
LIM_EEZ_02,LOC_EEZ_7945
LIM_EEZ_02,LOC_EEZ_7946
LIM_EEZ_02,LOC_EEZ_7947
LIM_EEZ_02,LOC_EEZ_7948
LIM_EEZ_02,LOC_EEZ_7949
LIM_EEZ_02,LOC_EEZ_7950
LIM_EEZ_02,LOC_EEZ_7951
LIM_EEZ_02,LOC_EEZ_7952
LIM_EEZ_02,LOC_EEZ_7953
LIM_EEZ_02,LOC_EEZ_7954
LIM_EEZ_02,LOC_EEZ_7955
LIM_EEZ_02,LOC_EEZ_7956
LIM_EEZ_02,LOC_EEZ_7957
LIM_EEZ_02,LOC_EEZ_7958
LIM_EEZ_02,LOC_EEZ_7959
LIM_EEZ_02,LOC_EEZ_7960
LIM_EEZ_02,LOC_EEZ_7961
LIM_EEZ_02,LOC_EEZ_7962
LIM_EEZ_02,LOC_EEZ_7963
LIM_EEZ_02,LOC_EEZ_7964
LIM_EEZ_02,LOC_EEZ_7965
LIM_EEZ_02,LOC_EEZ_7966
LIM_EEZ_02,LOC_EEZ_7967
LIM_EEZ_02,LOC_EEZ_7968
LIM_EEZ_02,LOC_EEZ_7969
LIM_EEZ_02,LOC_EEZ_7970
LIM_EEZ_02,LOC_EEZ_7971
LIM_EEZ_02,LOC_EEZ_7972
LIM_EEZ_02,LOC_EEZ_7973
LIM_EEZ_02,LOC_EEZ_7974
LIM_EEZ_02,LOC_EEZ_7975
LIM_EEZ_02,LOC_EEZ_7976
LIM_EEZ_02,LOC_EEZ_7977
LIM_EEZ_02,LOC_EEZ_7978
LIM_EEZ_02,LOC_EEZ_7979
LIM_EEZ_02,LOC_EEZ_7980
LIM_EEZ_02,LOC_EEZ_7981
LIM_EEZ_02,LOC_EEZ_7982
LIM_EEZ_02,LOC_EEZ_7983
LIM_EEZ_02,LOC_EEZ_7984
LIM_EEZ_02,LOC_EEZ_7985
LIM_EEZ_02,LOC_EEZ_7986
LIM_EEZ_02,LOC_EEZ_7987
LIM_EEZ_02,LOC_EEZ_7988
LIM_EEZ_02,LOC_EEZ_7989
LIM_EEZ_02,LOC_EEZ_7990
LIM_EEZ_02,LOC_EEZ_7991
LIM_EEZ_02,LOC_EEZ_7992
LIM_EEZ_02,LOC_EEZ_7993
LIM_EEZ_02,LOC_EEZ_7994
LIM_EEZ_02,LOC_EEZ_7995
LIM_EEZ_02,LOC_EEZ_7996
LIM_EEZ_02,LOC_EEZ_7997
LIM_EEZ_02,LOC_EEZ_7998
LIM_EEZ_02,LOC_EEZ_7999
LIM_EEZ_02,LOC_EEZ_8000
LIM_EEZ_02,LOC_EEZ_8001
LIM_EEZ_02,LOC_EEZ_8002
LIM_EEZ_02,LOC_EEZ_8003
LIM_EEZ_02,LOC_EEZ_8004
LIM_EEZ_02,LOC_EEZ_8005
LIM_EEZ_02,LOC_EEZ_8006
LIM_EEZ_02,LOC_EEZ_8007
LIM_EEZ_02,LOC_EEZ_8008
LIM_EEZ_02,LOC_EEZ_8009
LIM_EEZ_02,LOC_EEZ_8010
LIM_EEZ_02,LOC_EEZ_8011
LIM_EEZ_02,LOC_EEZ_8012
LIM_EEZ_02,LOC_EEZ_8013
LIM_EEZ_02,LOC_EEZ_8014
LIM_EEZ_02,LOC_EEZ_8015
LIM_EEZ_02,LOC_EEZ_8016
LIM_EEZ_02,LOC_EEZ_8017
LIM_EEZ_02,LOC_EEZ_8018
LIM_EEZ_02,LOC_EEZ_8019
LIM_EEZ_02,LOC_EEZ_8020
LIM_EEZ_02,LOC_EEZ_8021
LIM_EEZ_02,LOC_EEZ_8022
LIM_EEZ_02,LOC_EEZ_8023
LIM_EEZ_02,LOC_EEZ_8024
LIM_EEZ_02,LOC_EEZ_8025
LIM_EEZ_02,LOC_EEZ_8026
LIM_EEZ_02,LOC_EEZ_8027
LIM_EEZ_02,LOC_EEZ_8028
LIM_EEZ_02,LOC_EEZ_8029
LIM_EEZ_02,LOC_EEZ_8030
LIM_EEZ_02,LOC_EEZ_8031
LIM_EEZ_02,LOC_EEZ_8032
LIM_EEZ_02,LOC_EEZ_8033
LIM_EEZ_02,LOC_EEZ_8034
LIM_EEZ_02,LOC_EEZ_8035
LIM_EEZ_02,LOC_EEZ_8036
LIM_EEZ_02,LOC_EEZ_8037
LIM_EEZ_02,LOC_EEZ_8038
LIM_EEZ_02,LOC_EEZ_8039
LIM_EEZ_02,LOC_EEZ_8040
LIM_EEZ_02,LOC_EEZ_8041
LIM_EEZ_02,LOC_EEZ_8042
LIM_EEZ_02,LOC_EEZ_8043
LIM_EEZ_02,LOC_EEZ_8044
LIM_EEZ_02,LOC_EEZ_8045
LIM_EEZ_02,LOC_EEZ_8046
LIM_EEZ_02,LOC_EEZ_8047
LIM_EEZ_02,LOC_EEZ_8048
LIM_EEZ_02,LOC_EEZ_8049
LIM_EEZ_02,LOC_EEZ_8050
LIM_EEZ_02,LOC_EEZ_8051
LIM_EEZ_02,LOC_EEZ_8052
LIM_EEZ_02,LOC_EEZ_8053
LIM_EEZ_02,LOC_EEZ_8054
LIM_EEZ_02,LOC_EEZ_8055
LIM_EEZ_02,LOC_EEZ_8056
LIM_EEZ_02,LOC_EEZ_8057
LIM_EEZ_02,LOC_EEZ_8058
LIM_EEZ_02,LOC_EEZ_8059
LIM_EEZ_02,LOC_EEZ_8060
LIM_EEZ_02,LOC_EEZ_8061
LIM_EEZ_02,LOC_EEZ_8062
LIM_EEZ_02,LOC_EEZ_8063
LIM_EEZ_02,LOC_EEZ_8064
LIM_EEZ_02,LOC_EEZ_8065
LIM_EEZ_02,LOC_EEZ_8066
LIM_EEZ_02,LOC_EEZ_8067
LIM_EEZ_02,LOC_EEZ_8068
LIM_EEZ_02,LOC_EEZ_8069
LIM_EEZ_02,LOC_EEZ_8070
LIM_EEZ_02,LOC_EEZ_8071
LIM_EEZ_02,LOC_EEZ_8072
LIM_EEZ_02,LOC_EEZ_8073
LIM_EEZ_02,LOC_EEZ_8074
LIM_EEZ_02,LOC_EEZ_8075
LIM_EEZ_02,LOC_EEZ_8076
LIM_EEZ_02,LOC_EEZ_8077
LIM_EEZ_02,LOC_EEZ_8078
LIM_EEZ_02,LOC_EEZ_8079
LIM_EEZ_02,LOC_EEZ_8080
LIM_EEZ_02,LOC_EEZ_8081
LIM_EEZ_02,LOC_EEZ_8082
LIM_EEZ_02,LOC_EEZ_8083
LIM_EEZ_02,LOC_EEZ_8084
LIM_EEZ_02,LOC_EEZ_8085
LIM_EEZ_02,LOC_EEZ_8086
LIM_EEZ_02,LOC_EEZ_8087
LIM_EEZ_02,LOC_EEZ_8088
LIM_EEZ_02,LOC_EEZ_8089
LIM_EEZ_02,LOC_EEZ_8090
LIM_EEZ_02,LOC_EEZ_8091
LIM_EEZ_02,LOC_EEZ_8092
LIM_EEZ_02,LOC_EEZ_8093
LIM_EEZ_02,LOC_EEZ_8094
LIM_EEZ_02,LOC_EEZ_8095
LIM_EEZ_02,LOC_EEZ_8096
LIM_EEZ_02,LOC_EEZ_8097
LIM_EEZ_02,LOC_EEZ_8098
LIM_EEZ_02,LOC_EEZ_8099
LIM_EEZ_02,LOC_EEZ_8100
LIM_EEZ_02,LOC_EEZ_8101
LIM_EEZ_02,LOC_EEZ_8102
LIM_EEZ_02,LOC_EEZ_8103
LIM_EEZ_02,LOC_EEZ_8104
LIM_EEZ_02,LOC_EEZ_8105
LIM_EEZ_02,LOC_EEZ_8106
LIM_EEZ_02,LOC_EEZ_8107
LIM_EEZ_02,LOC_EEZ_8108
LIM_EEZ_02,LOC_EEZ_8109
LIM_EEZ_02,LOC_EEZ_8110
LIM_EEZ_02,LOC_EEZ_8111
LIM_EEZ_02,LOC_EEZ_8112
LIM_EEZ_02,LOC_EEZ_8113
LIM_EEZ_02,LOC_EEZ_8114
LIM_EEZ_02,LOC_EEZ_8115
LIM_EEZ_02,LOC_EEZ_8116
LIM_EEZ_02,LOC_EEZ_8117
LIM_EEZ_02,LOC_EEZ_8118
LIM_EEZ_02,LOC_EEZ_8119
LIM_EEZ_02,LOC_EEZ_8120
LIM_EEZ_02,LOC_EEZ_8121
LIM_EEZ_02,LOC_EEZ_8122
LIM_EEZ_02,LOC_EEZ_8123
LIM_EEZ_02,LOC_EEZ_8124
LIM_EEZ_02,LOC_EEZ_8125
LIM_EEZ_02,LOC_EEZ_8126
LIM_EEZ_02,LOC_EEZ_8127
LIM_EEZ_02,LOC_EEZ_8128
LIM_EEZ_02,LOC_EEZ_8129
LIM_EEZ_02,LOC_EEZ_8130
LIM_EEZ_02,LOC_EEZ_8131
LIM_EEZ_02,LOC_EEZ_8132
LIM_EEZ_02,LOC_EEZ_8133
LIM_EEZ_02,LOC_EEZ_8134
LIM_EEZ_02,LOC_EEZ_8135
LIM_EEZ_02,LOC_EEZ_8136
LIM_EEZ_02,LOC_EEZ_8137
LIM_EEZ_02,LOC_EEZ_8138
LIM_EEZ_02,LOC_EEZ_8139
LIM_EEZ_02,LOC_EEZ_8140
LIM_EEZ_02,LOC_EEZ_8141
LIM_EEZ_02,LOC_EEZ_8142
LIM_EEZ_02,LOC_EEZ_8143
LIM_EEZ_02,LOC_EEZ_8144
LIM_EEZ_02,LOC_EEZ_8145
LIM_EEZ_02,LOC_EEZ_8146
LIM_EEZ_02,LOC_EEZ_8147
LIM_EEZ_02,LOC_EEZ_8148
LIM_EEZ_02,LOC_EEZ_8149
LIM_EEZ_02,LOC_EEZ_8150
LIM_EEZ_02,LOC_EEZ_8151
LIM_EEZ_02,LOC_EEZ_8152
LIM_EEZ_02,LOC_EEZ_8153
LIM_EEZ_02,LOC_EEZ_8154
LIM_EEZ_02,LOC_EEZ_8155
LIM_EEZ_02,LOC_EEZ_8156
LIM_EEZ_02,LOC_EEZ_8157
LIM_EEZ_02,LOC_EEZ_8158
LIM_EEZ_02,LOC_EEZ_8159
LIM_EEZ_02,LOC_EEZ_8160
LIM_EEZ_02,LOC_EEZ_8161
LIM_EEZ_02,LOC_EEZ_8162
LIM_EEZ_02,LOC_EEZ_8163
LIM_EEZ_02,LOC_EEZ_8164
LIM_EEZ_02,LOC_EEZ_8165
LIM_EEZ_02,LOC_EEZ_8166
LIM_EEZ_02,LOC_EEZ_8167
LIM_EEZ_02,LOC_EEZ_8168
LIM_EEZ_02,LOC_EEZ_8169
LIM_EEZ_02,LOC_EEZ_8170
LIM_EEZ_02,LOC_EEZ_8171
LIM_EEZ_02,LOC_EEZ_8172
LIM_EEZ_02,LOC_EEZ_8173
LIM_EEZ_02,LOC_EEZ_8174
LIM_EEZ_02,LOC_EEZ_8175
LIM_EEZ_02,LOC_EEZ_8176
LIM_EEZ_02,LOC_EEZ_8177
LIM_EEZ_02,LOC_EEZ_8178
LIM_EEZ_02,LOC_EEZ_8179
LIM_EEZ_02,LOC_EEZ_8180
LIM_EEZ_02,LOC_EEZ_8181
LIM_EEZ_02,LOC_EEZ_8182
LIM_EEZ_02,LOC_EEZ_8183
LIM_EEZ_02,LOC_EEZ_8184
LIM_EEZ_02,LOC_EEZ_8185
LIM_EEZ_02,LOC_EEZ_8186
LIM_EEZ_02,LOC_EEZ_8187
LIM_EEZ_02,LOC_EEZ_8188
LIM_EEZ_02,LOC_EEZ_8189
LIM_EEZ_02,LOC_EEZ_8190
LIM_EEZ_02,LOC_EEZ_8191
LIM_EEZ_02,LOC_EEZ_8192
LIM_EEZ_02,LOC_EEZ_8193
LIM_EEZ_02,LOC_EEZ_8194
LIM_EEZ_02,LOC_EEZ_8195
LIM_EEZ_02,LOC_EEZ_8196
LIM_EEZ_02,LOC_EEZ_8197
LIM_EEZ_02,LOC_EEZ_8198
LIM_EEZ_02,LOC_EEZ_8199
LIM_EEZ_02,LOC_EEZ_8200
LIM_EEZ_02,LOC_EEZ_8201
LIM_EEZ_02,LOC_EEZ_8202
LIM_EEZ_02,LOC_EEZ_8203
LIM_EEZ_02,LOC_EEZ_8204
LIM_EEZ_02,LOC_EEZ_8205
LIM_EEZ_02,LOC_EEZ_8206
LIM_EEZ_02,LOC_EEZ_8207
LIM_EEZ_02,LOC_EEZ_8208
LIM_EEZ_02,LOC_EEZ_8209
LIM_EEZ_02,LOC_EEZ_8210
LIM_EEZ_02,LOC_EEZ_8211
LIM_EEZ_02,LOC_EEZ_8212
LIM_EEZ_02,LOC_EEZ_8213
LIM_EEZ_02,LOC_EEZ_8214
LIM_EEZ_02,LOC_EEZ_8215
LIM_EEZ_02,LOC_EEZ_8216
LIM_EEZ_02,LOC_EEZ_8217
LIM_EEZ_02,LOC_EEZ_8218
LIM_EEZ_02,LOC_EEZ_8219
LIM_EEZ_02,LOC_EEZ_8220
LIM_EEZ_02,LOC_EEZ_8221
LIM_EEZ_02,LOC_EEZ_8222
LIM_EEZ_02,LOC_EEZ_8223
LIM_EEZ_02,LOC_EEZ_8224
LIM_EEZ_02,LOC_EEZ_8225
LIM_EEZ_02,LOC_EEZ_8226
LIM_EEZ_02,LOC_EEZ_8227
LIM_EEZ_02,LOC_EEZ_8228
LIM_EEZ_02,LOC_EEZ_8229
LIM_EEZ_02,LOC_EEZ_8230
LIM_EEZ_02,LOC_EEZ_8231
LIM_EEZ_02,LOC_EEZ_8232
LIM_EEZ_02,LOC_EEZ_8233
LIM_EEZ_02,LOC_EEZ_8234
LIM_EEZ_02,LOC_EEZ_8235
LIM_EEZ_02,LOC_EEZ_8236
LIM_EEZ_02,LOC_EEZ_8237
LIM_EEZ_02,LOC_EEZ_8238
LIM_EEZ_02,LOC_EEZ_8239
LIM_EEZ_02,LOC_EEZ_8240
LIM_EEZ_02,LOC_EEZ_8241
LIM_EEZ_02,LOC_EEZ_8242
LIM_EEZ_02,LOC_EEZ_8243
LIM_EEZ_02,LOC_EEZ_8244
LIM_EEZ_02,LOC_EEZ_8245
LIM_EEZ_02,LOC_EEZ_8246
LIM_EEZ_02,LOC_EEZ_8247
LIM_EEZ_02,LOC_EEZ_8248
LIM_EEZ_02,LOC_EEZ_8249
LIM_EEZ_02,LOC_EEZ_8250
LIM_EEZ_02,LOC_EEZ_8251
LIM_EEZ_02,LOC_EEZ_8252
LIM_EEZ_02,LOC_EEZ_8253
LIM_EEZ_02,LOC_EEZ_8254
LIM_EEZ_02,LOC_EEZ_8255
LIM_EEZ_02,LOC_EEZ_8256
LIM_EEZ_02,LOC_EEZ_8257
LIM_EEZ_02,LOC_EEZ_8258
LIM_EEZ_02,LOC_EEZ_8259
LIM_EEZ_02,LOC_EEZ_8260
LIM_EEZ_02,LOC_EEZ_8261
LIM_EEZ_02,LOC_EEZ_8262
LIM_EEZ_02,LOC_EEZ_8263
LIM_EEZ_02,LOC_EEZ_8264
LIM_EEZ_02,LOC_EEZ_8265
LIM_EEZ_02,LOC_EEZ_8266
LIM_EEZ_02,LOC_EEZ_8267
LIM_EEZ_02,LOC_EEZ_8268
LIM_EEZ_02,LOC_EEZ_8269
LIM_EEZ_02,LOC_EEZ_8270
LIM_EEZ_02,LOC_EEZ_8271
LIM_EEZ_02,LOC_EEZ_8272
LIM_EEZ_02,LOC_EEZ_8273
LIM_EEZ_02,LOC_EEZ_8274
LIM_EEZ_02,LOC_EEZ_8275
LIM_EEZ_02,LOC_EEZ_8276
LIM_EEZ_02,LOC_EEZ_8277
LIM_EEZ_02,LOC_EEZ_8278
LIM_EEZ_02,LOC_EEZ_8279
LIM_EEZ_02,LOC_EEZ_8280
LIM_EEZ_02,LOC_EEZ_8281
LIM_EEZ_02,LOC_EEZ_8282
LIM_EEZ_02,LOC_EEZ_8283
LIM_EEZ_02,LOC_EEZ_8284
LIM_EEZ_02,LOC_EEZ_8285
LIM_EEZ_02,LOC_EEZ_8286
LIM_EEZ_02,LOC_EEZ_8287
LIM_EEZ_02,LOC_EEZ_8288
LIM_EEZ_02,LOC_EEZ_8289
LIM_EEZ_02,LOC_EEZ_8290
LIM_EEZ_02,LOC_EEZ_8291
LIM_EEZ_02,LOC_EEZ_8292
LIM_EEZ_02,LOC_EEZ_8293
LIM_EEZ_02,LOC_EEZ_8294
LIM_EEZ_02,LOC_EEZ_8295
LIM_EEZ_02,LOC_EEZ_8296
LIM_EEZ_02,LOC_EEZ_8297
LIM_EEZ_02,LOC_EEZ_8298
LIM_EEZ_02,LOC_EEZ_8299
LIM_EEZ_02,LOC_EEZ_8300
LIM_EEZ_02,LOC_EEZ_8301
LIM_EEZ_02,LOC_EEZ_8302
LIM_EEZ_02,LOC_EEZ_8303
LIM_EEZ_02,LOC_EEZ_8304
LIM_EEZ_02,LOC_EEZ_8305
LIM_EEZ_02,LOC_EEZ_8306
LIM_EEZ_02,LOC_EEZ_8307
LIM_EEZ_02,LOC_EEZ_8308
LIM_EEZ_02,LOC_EEZ_8309
LIM_EEZ_02,LOC_EEZ_8310
LIM_EEZ_02,LOC_EEZ_8311
LIM_EEZ_02,LOC_EEZ_8312
LIM_EEZ_02,LOC_EEZ_8313
LIM_EEZ_02,LOC_EEZ_8314
LIM_EEZ_02,LOC_EEZ_8315
LIM_EEZ_02,LOC_EEZ_8316
LIM_EEZ_02,LOC_EEZ_8317
LIM_EEZ_02,LOC_EEZ_8318
LIM_EEZ_02,LOC_EEZ_8319
LIM_EEZ_02,LOC_EEZ_8320
LIM_EEZ_02,LOC_EEZ_8321
LIM_EEZ_02,LOC_EEZ_8322
LIM_EEZ_02,LOC_EEZ_8323
LIM_EEZ_02,LOC_EEZ_8324
LIM_EEZ_02,LOC_EEZ_8325
LIM_EEZ_02,LOC_EEZ_8326
LIM_EEZ_02,LOC_EEZ_8327
LIM_EEZ_02,LOC_EEZ_8328
LIM_EEZ_02,LOC_EEZ_8329
LIM_EEZ_02,LOC_EEZ_8330
LIM_EEZ_02,LOC_EEZ_8331
LIM_EEZ_02,LOC_EEZ_8332
LIM_EEZ_02,LOC_EEZ_8333
LIM_EEZ_02,LOC_EEZ_8334
LIM_EEZ_02,LOC_EEZ_8335
LIM_EEZ_02,LOC_EEZ_8336
LIM_EEZ_02,LOC_EEZ_8337
LIM_EEZ_02,LOC_EEZ_8338
LIM_EEZ_02,LOC_EEZ_8339
LIM_EEZ_02,LOC_EEZ_8340
LIM_EEZ_02,LOC_EEZ_8341
LIM_EEZ_02,LOC_EEZ_8342
LIM_EEZ_02,LOC_EEZ_8343
LIM_EEZ_02,LOC_EEZ_8344
LIM_EEZ_02,LOC_EEZ_8345
LIM_EEZ_02,LOC_EEZ_8346
LIM_EEZ_02,LOC_EEZ_8347
LIM_EEZ_02,LOC_EEZ_8348
LIM_EEZ_02,LOC_EEZ_8349
LIM_EEZ_02,LOC_EEZ_8350
LIM_EEZ_02,LOC_EEZ_8351
LIM_EEZ_02,LOC_EEZ_8352
LIM_EEZ_02,LOC_EEZ_8353
LIM_EEZ_02,LOC_EEZ_8354
LIM_EEZ_02,LOC_EEZ_8355
LIM_EEZ_02,LOC_EEZ_8356
LIM_EEZ_02,LOC_EEZ_8357
LIM_EEZ_02,LOC_EEZ_8358
LIM_EEZ_02,LOC_EEZ_8359
LIM_EEZ_02,LOC_EEZ_8360
LIM_EEZ_02,LOC_EEZ_8361
LIM_EEZ_02,LOC_EEZ_8362
LIM_EEZ_02,LOC_EEZ_8363
LIM_EEZ_02,LOC_EEZ_8364
LIM_EEZ_02,LOC_EEZ_8365
LIM_EEZ_02,LOC_EEZ_8366
LIM_EEZ_02,LOC_EEZ_8367
LIM_EEZ_02,LOC_EEZ_8368
LIM_EEZ_02,LOC_EEZ_8369
LIM_EEZ_02,LOC_EEZ_8370
LIM_EEZ_02,LOC_EEZ_8371
LIM_EEZ_02,LOC_EEZ_8372
LIM_EEZ_02,LOC_EEZ_8373
LIM_EEZ_02,LOC_EEZ_8374
LIM_EEZ_02,LOC_EEZ_8375
LIM_EEZ_02,LOC_EEZ_8376
LIM_EEZ_02,LOC_EEZ_8377
LIM_EEZ_02,LOC_EEZ_8378
LIM_EEZ_02,LOC_EEZ_8379
LIM_EEZ_02,LOC_EEZ_8380
LIM_EEZ_02,LOC_EEZ_8381
LIM_EEZ_02,LOC_EEZ_8382
LIM_EEZ_02,LOC_EEZ_8383
LIM_EEZ_02,LOC_EEZ_8384
LIM_EEZ_02,LOC_EEZ_8385
LIM_EEZ_02,LOC_EEZ_8386
LIM_EEZ_02,LOC_EEZ_8387
LIM_EEZ_02,LOC_EEZ_8388
LIM_EEZ_02,LOC_EEZ_8389
LIM_EEZ_02,LOC_EEZ_8390
LIM_EEZ_02,LOC_EEZ_8391
LIM_EEZ_02,LOC_EEZ_8392
LIM_EEZ_02,LOC_EEZ_8393
LIM_EEZ_02,LOC_EEZ_8394
LIM_EEZ_02,LOC_EEZ_8395
LIM_EEZ_02,LOC_EEZ_8396
LIM_EEZ_02,LOC_EEZ_8397
LIM_EEZ_02,LOC_EEZ_8398
LIM_EEZ_02,LOC_EEZ_8399
LIM_EEZ_02,LOC_EEZ_8400
LIM_EEZ_02,LOC_EEZ_8401
LIM_EEZ_02,LOC_EEZ_8402
LIM_EEZ_02,LOC_EEZ_8403
LIM_EEZ_02,LOC_EEZ_8404
LIM_EEZ_02,LOC_EEZ_8405
LIM_EEZ_02,LOC_EEZ_8406
LIM_EEZ_02,LOC_EEZ_8407
LIM_EEZ_02,LOC_EEZ_8408
LIM_EEZ_02,LOC_EEZ_8409
LIM_EEZ_02,LOC_EEZ_8410
LIM_EEZ_02,LOC_EEZ_8411
LIM_EEZ_02,LOC_EEZ_8412
LIM_EEZ_02,LOC_EEZ_8413
LIM_EEZ_02,LOC_EEZ_8414
LIM_EEZ_02,LOC_EEZ_8415
LIM_EEZ_02,LOC_EEZ_8416
LIM_EEZ_02,LOC_EEZ_8417
LIM_EEZ_02,LOC_EEZ_8418
LIM_EEZ_02,LOC_EEZ_8419
LIM_EEZ_02,LOC_EEZ_8420
LIM_EEZ_02,LOC_EEZ_8421
LIM_EEZ_02,LOC_EEZ_8422
LIM_EEZ_02,LOC_EEZ_8423
LIM_EEZ_02,LOC_EEZ_8424
LIM_EEZ_02,LOC_EEZ_8425
LIM_EEZ_02,LOC_EEZ_8426
LIM_EEZ_02,LOC_EEZ_8427
LIM_EEZ_02,LOC_EEZ_8428
LIM_EEZ_02,LOC_EEZ_8429
LIM_EEZ_02,LOC_EEZ_8430
LIM_EEZ_02,LOC_EEZ_8431
LIM_EEZ_02,LOC_EEZ_8432
LIM_EEZ_02,LOC_EEZ_8433
LIM_EEZ_02,LOC_EEZ_8434
LIM_EEZ_02,LOC_EEZ_8435
LIM_EEZ_02,LOC_EEZ_8436
LIM_EEZ_02,LOC_EEZ_8437
LIM_EEZ_02,LOC_EEZ_8438
LIM_EEZ_02,LOC_EEZ_8439
LIM_EEZ_02,LOC_EEZ_8440
LIM_EEZ_02,LOC_EEZ_8441
LIM_EEZ_02,LOC_EEZ_8442
LIM_EEZ_02,LOC_EEZ_8443
LIM_EEZ_02,LOC_EEZ_8444
LIM_EEZ_02,LOC_EEZ_8445
LIM_EEZ_02,LOC_EEZ_8446
LIM_EEZ_02,LOC_EEZ_8447
LIM_EEZ_02,LOC_EEZ_8448
LIM_EEZ_02,LOC_EEZ_8449
LIM_EEZ_02,LOC_EEZ_8450
LIM_EEZ_02,LOC_EEZ_8451
LIM_EEZ_02,LOC_EEZ_8452
LIM_EEZ_02,LOC_EEZ_8453
LIM_EEZ_02,LOC_EEZ_8454
LIM_EEZ_02,LOC_EEZ_8455
LIM_EEZ_02,LOC_EEZ_8456
LIM_EEZ_02,LOC_EEZ_8457
LIM_EEZ_02,LOC_EEZ_8458
LIM_EEZ_02,LOC_EEZ_8459
LIM_EEZ_02,LOC_EEZ_8460
LIM_EEZ_02,LOC_EEZ_8461
LIM_EEZ_02,LOC_EEZ_8462
LIM_EEZ_02,LOC_EEZ_8463
LIM_EEZ_02,LOC_EEZ_8464
LIM_EEZ_02,LOC_EEZ_8465
LIM_EEZ_02,LOC_EEZ_8466
LIM_EEZ_02,LOC_EEZ_8467
LIM_EEZ_02,LOC_EEZ_8468
LIM_EEZ_02,LOC_EEZ_8469
LIM_EEZ_02,LOC_EEZ_8470
LIM_EEZ_02,LOC_EEZ_8471
LIM_EEZ_02,LOC_EEZ_8471
LIM_EEZ_02,LOC_EEZ_8472
LIM_EEZ_02,LOC_EEZ_8473
LIM_EEZ_02,LOC_EEZ_8474
LIM_EEZ_02,LOC_EEZ_8475
LIM_EEZ_02,LOC_EEZ_8476
LIM_EEZ_02,LOC_EEZ_8477
LIM_EEZ_02,LOC_EEZ_8478
LIM_EEZ_02,LOC_EEZ_8479
LIM_EEZ_02,LOC_EEZ_8480
LIM_EEZ_02,LOC_EEZ_8481
LIM_EEZ_02,LOC_EEZ_8482
LIM_EEZ_02,LOC_EEZ_8483
LIM_EEZ_02,LOC_EEZ_8484
LIM_EEZ_02,LOC_EEZ_8485
LIM_EEZ_02,LOC_EEZ_8486
LIM_EEZ_02,LOC_EEZ_8487
LIM_EEZ_02,LOC_EEZ_8488
LIM_EEZ_02,LOC_EEZ_8489
LIM_EEZ_02,LOC_EEZ_8490
LIM_EEZ_02,LOC_EEZ_8491
LIM_EEZ_02,LOC_EEZ_8492
LIM_EEZ_02,LOC_EEZ_8493
LIM_EEZ_02,LOC_EEZ_8494
LIM_EEZ_02,LOC_EEZ_8495
LIM_EEZ_02,LOC_EEZ_8496
LIM_EEZ_02,LOC_EEZ_8497
LIM_EEZ_02,LOC_EEZ_8498
LIM_EEZ_02,LOC_EEZ_8499
LIM_EEZ_02,LOC_EEZ_8500
LIM_EEZ_02,LOC_EEZ_8501
LIM_EEZ_02,LOC_EEZ_8502
LIM_EEZ_02,LOC_EEZ_8503
LIM_EEZ_02,LOC_EEZ_8504
LIM_EEZ_02,LOC_EEZ_8505
LIM_EEZ_02,LOC_EEZ_8506
LIM_EEZ_02,LOC_EEZ_8507
LIM_EEZ_02,LOC_EEZ_8508
LIM_EEZ_02,LOC_EEZ_8509
LIM_EEZ_02,LOC_EEZ_8510
LIM_EEZ_02,LOC_EEZ_8511
LIM_EEZ_02,LOC_EEZ_8512
LIM_EEZ_02,LOC_EEZ_8513
LIM_EEZ_02,LOC_EEZ_8514
LIM_EEZ_02,LOC_EEZ_8515
LIM_EEZ_02,LOC_EEZ_8516
LIM_EEZ_02,LOC_EEZ_8517
LIM_EEZ_02,LOC_EEZ_8518
LIM_EEZ_02,LOC_EEZ_8519
LIM_EEZ_02,LOC_EEZ_8520
LIM_EEZ_02,LOC_EEZ_8521
LIM_EEZ_02,LOC_EEZ_8522
LIM_EEZ_02,LOC_EEZ_8523
LIM_EEZ_02,LOC_EEZ_8524
LIM_EEZ_02,LOC_EEZ_8525
LIM_EEZ_02,LOC_EEZ_8526
LIM_EEZ_02,LOC_EEZ_8527
LIM_EEZ_02,LOC_EEZ_8528
LIM_EEZ_02,LOC_EEZ_8529
LIM_EEZ_02,LOC_EEZ_8530
LIM_EEZ_02,LOC_EEZ_8531
LIM_EEZ_02,LOC_EEZ_8532
LIM_EEZ_02,LOC_EEZ_8533
LIM_EEZ_02,LOC_EEZ_8534
LIM_EEZ_02,LOC_EEZ_8535
LIM_EEZ_02,LOC_EEZ_8536
LIM_EEZ_02,LOC_EEZ_8537
LIM_EEZ_02,LOC_EEZ_8538
LIM_EEZ_02,LOC_EEZ_8539
LIM_EEZ_02,LOC_EEZ_8540
LIM_EEZ_02,LOC_EEZ_8541
LIM_EEZ_02,LOC_EEZ_8542
LIM_EEZ_02,LOC_EEZ_8543
LIM_EEZ_02,LOC_EEZ_8544
LIM_EEZ_02,LOC_EEZ_8545
LIM_EEZ_02,LOC_EEZ_8546
LIM_EEZ_02,LOC_EEZ_8547
LIM_EEZ_02,LOC_EEZ_8548
LIM_EEZ_02,LOC_EEZ_8549
LIM_EEZ_02,LOC_EEZ_8550
LIM_EEZ_02,LOC_EEZ_8551
LIM_EEZ_02,LOC_EEZ_8552
LIM_EEZ_02,LOC_EEZ_8553
LIM_EEZ_02,LOC_EEZ_8554
LIM_EEZ_02,LOC_EEZ_8555
LIM_EEZ_02,LOC_EEZ_8556
LIM_EEZ_02,LOC_EEZ_8557
LIM_EEZ_02,LOC_EEZ_8558
LIM_EEZ_02,LOC_EEZ_8559
LIM_EEZ_02,LOC_EEZ_8560
LIM_EEZ_02,LOC_EEZ_8561
LIM_EEZ_02,LOC_EEZ_8562
LIM_EEZ_02,LOC_EEZ_8563
LIM_EEZ_02,LOC_EEZ_8564
LIM_EEZ_02,LOC_EEZ_8565
LIM_EEZ_02,LOC_EEZ_8566
LIM_EEZ_02,LOC_EEZ_8567
LIM_EEZ_02,LOC_EEZ_8568
LIM_EEZ_02,LOC_EEZ_8569
LIM_EEZ_02,LOC_EEZ_8570
LIM_EEZ_02,LOC_EEZ_8571
LIM_EEZ_02,LOC_EEZ_8572
LIM_EEZ_02,LOC_EEZ_8573
LIM_EEZ_02,LOC_EEZ_8574
LIM_EEZ_02,LOC_EEZ_8575
LIM_EEZ_02,LOC_EEZ_8576
LIM_EEZ_02,LOC_EEZ_8577
LIM_EEZ_02,LOC_EEZ_8578
LIM_EEZ_02,LOC_EEZ_8579
LIM_EEZ_02,LOC_EEZ_8580
LIM_EEZ_02,LOC_EEZ_8581
LIM_EEZ_02,LOC_EEZ_8582
LIM_EEZ_02,LOC_EEZ_8583
LIM_EEZ_02,LOC_EEZ_8584
LIM_EEZ_02,LOC_EEZ_8585
LIM_EEZ_02,LOC_EEZ_8586
LIM_EEZ_02,LOC_EEZ_8587
LIM_EEZ_02,LOC_EEZ_8588
LIM_EEZ_02,LOC_EEZ_8589
LIM_EEZ_02,LOC_EEZ_8590
LIM_EEZ_02,LOC_EEZ_8591
LIM_EEZ_02,LOC_EEZ_8592
LIM_EEZ_02,LOC_EEZ_8593
LIM_EEZ_02,LOC_EEZ_8594
LIM_EEZ_02,LOC_EEZ_8595
LIM_EEZ_02,LOC_EEZ_8596
LIM_EEZ_02,LOC_EEZ_8597
LIM_EEZ_02,LOC_EEZ_8598
LIM_EEZ_02,LOC_EEZ_8599
LIM_EEZ_02,LOC_EEZ_8600
LIM_EEZ_02,LOC_EEZ_8601
LIM_EEZ_02,LOC_EEZ_8602
LIM_EEZ_02,LOC_EEZ_8603
LIM_EEZ_02,LOC_EEZ_8604
LIM_EEZ_02,LOC_EEZ_8605
LIM_EEZ_02,LOC_EEZ_8606
LIM_EEZ_02,LOC_EEZ_8607
LIM_EEZ_02,LOC_EEZ_8608
LIM_EEZ_02,LOC_EEZ_8609
LIM_EEZ_02,LOC_EEZ_8610
LIM_EEZ_02,LOC_EEZ_8611
LIM_EEZ_02,LOC_EEZ_8612
LIM_EEZ_02,LOC_EEZ_8613
LIM_EEZ_02,LOC_EEZ_8614
LIM_EEZ_02,LOC_EEZ_8615
LIM_EEZ_02,LOC_EEZ_8616
LIM_EEZ_02,LOC_EEZ_8617
LIM_EEZ_02,LOC_EEZ_8618
LIM_EEZ_02,LOC_EEZ_8619
LIM_EEZ_02,LOC_EEZ_8620
LIM_EEZ_02,LOC_EEZ_8621
LIM_EEZ_02,LOC_EEZ_8622
LIM_EEZ_02,LOC_EEZ_8623
LIM_EEZ_02,LOC_EEZ_8624
LIM_EEZ_02,LOC_EEZ_8625
LIM_EEZ_02,LOC_EEZ_8626
LIM_EEZ_02,LOC_EEZ_8627
LIM_EEZ_02,LOC_EEZ_8628
LIM_EEZ_02,LOC_EEZ_8629
LIM_EEZ_02,LOC_EEZ_8630
LIM_EEZ_02,LOC_EEZ_8631
LIM_EEZ_02,LOC_EEZ_8632
LIM_EEZ_02,LOC_EEZ_8633
LIM_EEZ_02,LOC_EEZ_8634
LIM_EEZ_02,LOC_EEZ_8635
LIM_EEZ_02,LOC_EEZ_8636
LIM_EEZ_02,LOC_EEZ_8637
LIM_EEZ_02,LOC_EEZ_8638
LIM_EEZ_02,LOC_EEZ_8639
LIM_EEZ_02,LOC_EEZ_8640
LIM_EEZ_02,LOC_EEZ_8641
LIM_EEZ_02,LOC_EEZ_8642
LIM_EEZ_02,LOC_EEZ_8643
LIM_EEZ_02,LOC_EEZ_8644
LIM_EEZ_02,LOC_EEZ_8645
LIM_EEZ_02,LOC_EEZ_8646
LIM_EEZ_02,LOC_EEZ_8647
LIM_EEZ_02,LOC_EEZ_8648
LIM_EEZ_02,LOC_EEZ_8649
LIM_EEZ_02,LOC_EEZ_8650
LIM_EEZ_02,LOC_EEZ_8651
LIM_EEZ_02,LOC_EEZ_8652
LIM_EEZ_02,LOC_EEZ_8653
LIM_EEZ_02,LOC_EEZ_8654
LIM_EEZ_02,LOC_EEZ_8655
LIM_EEZ_02,LOC_EEZ_8656
LIM_EEZ_02,LOC_EEZ_8657
LIM_EEZ_02,LOC_EEZ_9382
LIM_EEZ_02,LOC_EEZ_8658
LIM_EEZ_02,LOC_EEZ_8659
LIM_EEZ_02,LOC_EEZ_8659
LIM_EEZ_03B,LOC_EEZ_0054
LIM_EEZ_03B,LOC_EEZ_0055
LIM_EEZ_03B,LOC_EEZ_0056
LIM_EEZ_03B,LOC_EEZ_0057
LIM_EEZ_03B,LOC_EEZ_0058
LIM_EEZ_03B,LOC_EEZ_0059
LIM_EEZ_03B,LOC_EEZ_0060
LIM_EEZ_03B,LOC_EEZ_0060
LIM_EEZ_03D,LOC_EEZ_0051
LIM_EEZ_03D,LOC_EEZ_0052
LIM_EEZ_03D,LOC_EEZ_0053
LIM_EEZ_03D,LOC_EEZ_0053
LIM_EEZ_03A,LOC_EEZ_0014
LIM_EEZ_03A,LOC_EEZ_0015
LIM_EEZ_03A,LOC_EEZ_0016
LIM_EEZ_03A,LOC_EEZ_0017
LIM_EEZ_03A,LOC_EEZ_0018
LIM_EEZ_03A,LOC_EEZ_0019
LIM_EEZ_03A,LOC_EEZ_0020
LIM_EEZ_03A,LOC_EEZ_0021
LIM_EEZ_03A,LOC_EEZ_0022
LIM_EEZ_03A,LOC_EEZ_0023
LIM_EEZ_03A,LOC_EEZ_0024
LIM_EEZ_03A,LOC_EEZ_0025
LIM_EEZ_03A,LOC_EEZ_0026
LIM_EEZ_03A,LOC_EEZ_0027
LIM_EEZ_03A,LOC_EEZ_0028
LIM_EEZ_03A,LOC_EEZ_0029
LIM_EEZ_03A,LOC_EEZ_0030
LIM_EEZ_03A,LOC_EEZ_0031
LIM_EEZ_03A,LOC_EEZ_0032
LIM_EEZ_03A,LOC_EEZ_0033
LIM_EEZ_03A,LOC_EEZ_0034
LIM_EEZ_03A,LOC_EEZ_0035
LIM_EEZ_03A,LOC_EEZ_0036
LIM_EEZ_03A,LOC_EEZ_0037
LIM_EEZ_03A,LOC_EEZ_0038
LIM_EEZ_03A,LOC_EEZ_0039
LIM_EEZ_03A,LOC_EEZ_0040
LIM_EEZ_03A,LOC_EEZ_0041
LIM_EEZ_03A,LOC_EEZ_0069
LIM_EEZ_03A,LOC_TS_2497
LIM_EEZ_07,LOC_TS_2010
LIM_EEZ_07,LOC_TS_2010
LIM_EEZ_03A,LOC_EEZ_0001
LIM_EEZ_03A,LOC_EEZ_0002
LIM_EEZ_03A,LOC_EEZ_0003
LIM_EEZ_03A,LOC_EEZ_0004
LIM_EEZ_03A,LOC_EEZ_0005
LIM_EEZ_03A,LOC_EEZ_0006
LIM_EEZ_03A,LOC_EEZ_0007
LIM_EEZ_03A,LOC_EEZ_0008
LIM_EEZ_03A,LOC_EEZ_0044
LIM_EEZ_03A,LOC_EEZ_0045
LIM_EEZ_03C,LOC_EEZ_0046
LIM_EEZ_03C,LOC_EEZ_0047
LIM_EEZ_03C,LOC_EEZ_0048
LIM_EEZ_03C,LOC_EEZ_0049
LIM_EEZ_03C,LOC_EEZ_0050
LIM_EEZ_03C,LOC_EEZ_0070
LIM_EEZ_01,LOC_EEZ_0071
LIM_EEZ_01,LOC_EEZ_0072
LIM_EEZ_01,LOC_EEZ_0073
LIM_EEZ_01,LOC_EEZ_0074
LIM_EEZ_01,LOC_EEZ_0075
LIM_EEZ_01,LOC_EEZ_0076
LIM_EEZ_01,LOC_EEZ_0077
LIM_EEZ_01,LOC_EEZ_0078
LIM_EEZ_01,LOC_EEZ_0079
LIM_EEZ_01,LOC_EEZ_0080
LIM_EEZ_01,LOC_EEZ_0081
LIM_EEZ_01,LOC_EEZ_0082
LIM_EEZ_01,LOC_EEZ_0083
LIM_EEZ_01,LOC_EEZ_0084
LIM_EEZ_01,LOC_EEZ_0085
LIM_EEZ_01,LOC_EEZ_0086
LIM_EEZ_01,LOC_EEZ_0087
LIM_EEZ_01,LOC_EEZ_0088
LIM_EEZ_01,LOC_EEZ_0089
LIM_EEZ_01,LOC_EEZ_0090
LIM_EEZ_01,LOC_EEZ_0091
LIM_EEZ_01,LOC_EEZ_0092
LIM_EEZ_01,LOC_EEZ_0093
LIM_EEZ_01,LOC_EEZ_0094
LIM_EEZ_01,LOC_EEZ_0095
LIM_EEZ_01,LOC_EEZ_0096
LIM_EEZ_01,LOC_EEZ_0097
LIM_EEZ_01,LOC_EEZ_0098
LIM_EEZ_01,LOC_EEZ_0099
LIM_EEZ_01,LOC_EEZ_0100
LIM_EEZ_01,LOC_EEZ_0101
LIM_EEZ_01,LOC_EEZ_0102
LIM_EEZ_01,LOC_EEZ_0103
LIM_EEZ_01,LOC_EEZ_0104
LIM_EEZ_01,LOC_EEZ_0105
LIM_EEZ_01,LOC_EEZ_0106
LIM_EEZ_01,LOC_EEZ_0107
LIM_EEZ_01,LOC_EEZ_0108
LIM_EEZ_01,LOC_EEZ_0109
LIM_EEZ_01,LOC_EEZ_0110
LIM_EEZ_01,LOC_EEZ_0111
LIM_EEZ_01,LOC_EEZ_0112
LIM_EEZ_01,LOC_EEZ_0113
LIM_EEZ_01,LOC_EEZ_0114
LIM_EEZ_01,LOC_EEZ_0115
LIM_EEZ_01,LOC_EEZ_0116
LIM_EEZ_01,LOC_EEZ_0117
LIM_EEZ_01,LOC_EEZ_0118
LIM_EEZ_01,LOC_EEZ_0119
LIM_EEZ_01,LOC_EEZ_0120
LIM_EEZ_01,LOC_EEZ_0121
LIM_EEZ_01,LOC_EEZ_0122
LIM_EEZ_01,LOC_EEZ_0123
LIM_EEZ_01,LOC_EEZ_0124
LIM_EEZ_01,LOC_EEZ_0125
LIM_EEZ_01,LOC_EEZ_0126
LIM_EEZ_01,LOC_EEZ_0127
LIM_EEZ_01,LOC_EEZ_0128
LIM_EEZ_01,LOC_EEZ_0129
LIM_EEZ_01,LOC_EEZ_0130
LIM_EEZ_01,LOC_EEZ_0131
LIM_EEZ_01,LOC_EEZ_0132
LIM_EEZ_01,LOC_EEZ_0133
LIM_EEZ_01,LOC_EEZ_0134
LIM_EEZ_01,LOC_EEZ_0135
LIM_EEZ_01,LOC_EEZ_0136
LIM_EEZ_01,LOC_EEZ_0137
LIM_EEZ_01,LOC_EEZ_0138
LIM_EEZ_01,LOC_EEZ_0139
LIM_EEZ_01,LOC_EEZ_0140
LIM_EEZ_01,LOC_EEZ_0141
LIM_EEZ_01,LOC_EEZ_0142
LIM_EEZ_01,LOC_EEZ_0143
LIM_EEZ_01,LOC_EEZ_0144
LIM_EEZ_01,LOC_EEZ_0145
LIM_EEZ_01,LOC_EEZ_0146
LIM_EEZ_01,LOC_EEZ_0147
LIM_EEZ_01,LOC_EEZ_0148
LIM_EEZ_01,LOC_EEZ_0149
LIM_EEZ_01,LOC_EEZ_0150
LIM_EEZ_01,LOC_EEZ_0151
LIM_EEZ_01,LOC_EEZ_0152
LIM_EEZ_01,LOC_EEZ_0153
LIM_EEZ_01,LOC_EEZ_0154
LIM_EEZ_01,LOC_EEZ_0155
LIM_EEZ_01,LOC_EEZ_0156
LIM_EEZ_01,LOC_EEZ_0157
LIM_EEZ_01,LOC_EEZ_0158
LIM_EEZ_01,LOC_EEZ_0159
LIM_EEZ_01,LOC_EEZ_0160
LIM_EEZ_01,LOC_EEZ_0161
LIM_EEZ_01,LOC_EEZ_0162
LIM_EEZ_01,LOC_EEZ_0163
LIM_EEZ_01,LOC_EEZ_0164
LIM_EEZ_01,LOC_EEZ_0165
LIM_EEZ_01,LOC_EEZ_0166
LIM_EEZ_01,LOC_EEZ_0167
LIM_EEZ_01,LOC_EEZ_0168
LIM_EEZ_01,LOC_EEZ_0169
LIM_EEZ_01,LOC_EEZ_0170
LIM_EEZ_01,LOC_EEZ_0171
LIM_EEZ_01,LOC_EEZ_0172
LIM_EEZ_01,LOC_EEZ_0173
LIM_EEZ_01,LOC_EEZ_0174
LIM_EEZ_01,LOC_EEZ_0175
LIM_EEZ_01,LOC_EEZ_0176
LIM_EEZ_01,LOC_EEZ_0177
LIM_EEZ_01,LOC_EEZ_0178
LIM_EEZ_01,LOC_EEZ_0179
LIM_EEZ_01,LOC_EEZ_0180
LIM_EEZ_01,LOC_EEZ_0181
LIM_EEZ_01,LOC_EEZ_0182
LIM_EEZ_01,LOC_EEZ_0183
LIM_EEZ_01,LOC_EEZ_0184
LIM_EEZ_01,LOC_EEZ_0185
LIM_EEZ_01,LOC_EEZ_0186
LIM_EEZ_01,LOC_EEZ_0187
LIM_EEZ_01,LOC_EEZ_0188
LIM_EEZ_01,LOC_EEZ_0189
LIM_EEZ_01,LOC_EEZ_0190
LIM_EEZ_01,LOC_EEZ_0191
LIM_EEZ_01,LOC_EEZ_0192
LIM_EEZ_01,LOC_EEZ_0193
LIM_EEZ_01,LOC_EEZ_0194
LIM_EEZ_01,LOC_EEZ_0195
LIM_EEZ_01,LOC_EEZ_0196
LIM_EEZ_01,LOC_EEZ_0197
LIM_EEZ_01,LOC_EEZ_0198
LIM_EEZ_01,LOC_EEZ_0199
LIM_EEZ_01,LOC_EEZ_0200
LIM_EEZ_01,LOC_EEZ_0201
LIM_EEZ_01,LOC_EEZ_0202
LIM_EEZ_01,LOC_EEZ_0203
LIM_EEZ_01,LOC_EEZ_0204
LIM_EEZ_01,LOC_EEZ_0205
LIM_EEZ_01,LOC_EEZ_0206
LIM_EEZ_01,LOC_EEZ_0207
LIM_EEZ_01,LOC_EEZ_0208
LIM_EEZ_01,LOC_EEZ_0209
LIM_EEZ_01,LOC_EEZ_0210
LIM_EEZ_01,LOC_EEZ_0211
LIM_EEZ_01,LOC_EEZ_0212
LIM_EEZ_01,LOC_EEZ_0213
LIM_EEZ_01,LOC_EEZ_0214
LIM_EEZ_01,LOC_EEZ_0215
LIM_EEZ_01,LOC_EEZ_0216
LIM_EEZ_01,LOC_EEZ_0217
LIM_EEZ_01,LOC_EEZ_0218
LIM_EEZ_01,LOC_EEZ_0219
LIM_EEZ_01,LOC_EEZ_0220
LIM_EEZ_01,LOC_EEZ_0221
LIM_EEZ_01,LOC_EEZ_0222
LIM_EEZ_01,LOC_EEZ_0223
LIM_EEZ_01,LOC_EEZ_0224
LIM_EEZ_01,LOC_EEZ_0225
LIM_EEZ_01,LOC_EEZ_0226
LIM_EEZ_01,LOC_EEZ_0227
LIM_EEZ_01,LOC_EEZ_0228
LIM_EEZ_01,LOC_EEZ_0229
LIM_EEZ_01,LOC_EEZ_0230
LIM_EEZ_01,LOC_EEZ_0231
LIM_EEZ_01,LOC_EEZ_0232
LIM_EEZ_01,LOC_EEZ_0233
LIM_EEZ_01,LOC_EEZ_0234
LIM_EEZ_01,LOC_EEZ_0235
LIM_EEZ_01,LOC_EEZ_0236
LIM_EEZ_01,LOC_EEZ_0237
LIM_EEZ_01,LOC_EEZ_0238
LIM_EEZ_01,LOC_EEZ_0239
LIM_EEZ_01,LOC_EEZ_0240
LIM_EEZ_01,LOC_EEZ_0241
LIM_EEZ_01,LOC_EEZ_0242
LIM_EEZ_01,LOC_EEZ_0243
LIM_EEZ_01,LOC_EEZ_0244
LIM_EEZ_01,LOC_EEZ_0245
LIM_EEZ_01,LOC_EEZ_0246
LIM_EEZ_01,LOC_EEZ_0247
LIM_EEZ_01,LOC_EEZ_0248
LIM_EEZ_01,LOC_EEZ_0249
LIM_EEZ_01,LOC_EEZ_0250
LIM_EEZ_01,LOC_EEZ_0251
LIM_EEZ_01,LOC_EEZ_0252
LIM_EEZ_01,LOC_EEZ_0253
LIM_EEZ_01,LOC_EEZ_0254
LIM_EEZ_01,LOC_EEZ_0255
LIM_EEZ_01,LOC_EEZ_0256
LIM_EEZ_01,LOC_EEZ_0257
LIM_EEZ_01,LOC_EEZ_0258
LIM_EEZ_01,LOC_EEZ_0259
LIM_EEZ_01,LOC_EEZ_0260
LIM_EEZ_01,LOC_EEZ_0261
LIM_EEZ_01,LOC_EEZ_0262
LIM_EEZ_01,LOC_EEZ_0263
LIM_EEZ_01,LOC_EEZ_0264
LIM_EEZ_01,LOC_EEZ_0265
LIM_EEZ_01,LOC_EEZ_0266
LIM_EEZ_01,LOC_EEZ_0267
LIM_EEZ_01,LOC_EEZ_0268
LIM_EEZ_01,LOC_EEZ_0269
LIM_EEZ_01,LOC_EEZ_0270
LIM_EEZ_01,LOC_EEZ_0271
LIM_EEZ_01,LOC_EEZ_0272
LIM_EEZ_01,LOC_EEZ_0273
LIM_EEZ_01,LOC_EEZ_0274
LIM_EEZ_01,LOC_EEZ_0275
LIM_EEZ_01,LOC_EEZ_0276
LIM_EEZ_01,LOC_EEZ_0277
LIM_EEZ_01,LOC_EEZ_0278
LIM_EEZ_01,LOC_EEZ_0279
LIM_EEZ_01,LOC_EEZ_0280
LIM_EEZ_01,LOC_EEZ_0281
LIM_EEZ_01,LOC_EEZ_0282
LIM_EEZ_01,LOC_EEZ_0283
LIM_EEZ_01,LOC_EEZ_0284
LIM_EEZ_01,LOC_EEZ_0285
LIM_EEZ_01,LOC_EEZ_0286
LIM_EEZ_01,LOC_EEZ_0287
LIM_EEZ_01,LOC_EEZ_0288
LIM_EEZ_01,LOC_EEZ_0289
LIM_EEZ_01,LOC_EEZ_0290
LIM_EEZ_01,LOC_EEZ_0291
LIM_EEZ_01,LOC_EEZ_0292
LIM_EEZ_01,LOC_EEZ_0293
LIM_EEZ_01,LOC_EEZ_0294
LIM_EEZ_01,LOC_EEZ_0295
LIM_EEZ_01,LOC_EEZ_0296
LIM_EEZ_01,LOC_EEZ_0297
LIM_EEZ_01,LOC_EEZ_0298
LIM_EEZ_01,LOC_EEZ_0299
LIM_EEZ_01,LOC_EEZ_0300
LIM_EEZ_01,LOC_EEZ_0301
LIM_EEZ_01,LOC_EEZ_0302
LIM_EEZ_01,LOC_EEZ_0303
LIM_EEZ_01,LOC_EEZ_0304
LIM_EEZ_01,LOC_EEZ_0305
LIM_EEZ_01,LOC_EEZ_0306
LIM_EEZ_01,LOC_EEZ_0307
LIM_EEZ_01,LOC_EEZ_0308
LIM_EEZ_01,LOC_EEZ_0309
LIM_EEZ_01,LOC_EEZ_0310
LIM_EEZ_01,LOC_EEZ_0311
LIM_EEZ_01,LOC_EEZ_0312
LIM_EEZ_01,LOC_EEZ_0313
LIM_EEZ_01,LOC_EEZ_0314
LIM_EEZ_01,LOC_EEZ_0315
LIM_EEZ_01,LOC_EEZ_0316
LIM_EEZ_01,LOC_EEZ_0317
LIM_EEZ_01,LOC_EEZ_0318
LIM_EEZ_01,LOC_EEZ_0319
LIM_EEZ_01,LOC_EEZ_0320
LIM_EEZ_01,LOC_EEZ_0321
LIM_EEZ_01,LOC_EEZ_0322
LIM_EEZ_01,LOC_EEZ_0323
LIM_EEZ_01,LOC_EEZ_0324
LIM_EEZ_01,LOC_EEZ_0325
LIM_EEZ_01,LOC_EEZ_0326
LIM_EEZ_01,LOC_EEZ_0327
LIM_EEZ_01,LOC_EEZ_0328
LIM_EEZ_01,LOC_EEZ_0329
LIM_EEZ_01,LOC_EEZ_0330
LIM_EEZ_01,LOC_EEZ_0331
LIM_EEZ_01,LOC_EEZ_0332
LIM_EEZ_01,LOC_EEZ_0333
LIM_EEZ_01,LOC_EEZ_0334
LIM_EEZ_01,LOC_EEZ_0335
LIM_EEZ_01,LOC_EEZ_0336
LIM_EEZ_01,LOC_EEZ_0337
LIM_EEZ_01,LOC_EEZ_0338
LIM_EEZ_01,LOC_EEZ_0339
LIM_EEZ_01,LOC_EEZ_0340
LIM_EEZ_01,LOC_EEZ_0341
LIM_EEZ_01,LOC_EEZ_0342
LIM_EEZ_01,LOC_EEZ_0343
LIM_EEZ_01,LOC_EEZ_0344
LIM_EEZ_01,LOC_EEZ_0345
LIM_EEZ_01,LOC_EEZ_0346
LIM_EEZ_01,LOC_EEZ_0347
LIM_EEZ_01,LOC_EEZ_0348
LIM_EEZ_01,LOC_EEZ_0349
LIM_EEZ_01,LOC_EEZ_0350
LIM_EEZ_01,LOC_EEZ_0351
LIM_EEZ_01,LOC_EEZ_0352
LIM_EEZ_01,LOC_EEZ_0353
LIM_EEZ_01,LOC_EEZ_0354
LIM_EEZ_01,LOC_EEZ_0355
LIM_EEZ_01,LOC_EEZ_0356
LIM_EEZ_01,LOC_EEZ_0357
LIM_EEZ_01,LOC_EEZ_0358
LIM_EEZ_01,LOC_EEZ_0359
LIM_EEZ_01,LOC_EEZ_0360
LIM_EEZ_01,LOC_EEZ_0361
LIM_EEZ_01,LOC_EEZ_0362
LIM_EEZ_01,LOC_EEZ_0363
LIM_EEZ_01,LOC_EEZ_0364
LIM_EEZ_01,LOC_EEZ_0365
LIM_EEZ_01,LOC_EEZ_0366
LIM_EEZ_01,LOC_EEZ_0367
LIM_EEZ_01,LOC_EEZ_0368
LIM_EEZ_01,LOC_EEZ_0369
LIM_EEZ_01,LOC_EEZ_0370
LIM_EEZ_01,LOC_EEZ_0371
LIM_EEZ_01,LOC_EEZ_0372
LIM_EEZ_01,LOC_EEZ_0373
LIM_EEZ_01,LOC_EEZ_0374
LIM_EEZ_01,LOC_EEZ_0375
LIM_EEZ_01,LOC_EEZ_0376
LIM_EEZ_01,LOC_EEZ_0377
LIM_EEZ_01,LOC_EEZ_0378
LIM_EEZ_01,LOC_EEZ_0379
LIM_EEZ_01,LOC_EEZ_0380
LIM_EEZ_01,LOC_EEZ_0381
LIM_EEZ_01,LOC_EEZ_0382
LIM_EEZ_01,LOC_EEZ_0383
LIM_EEZ_01,LOC_EEZ_0384
LIM_EEZ_01,LOC_EEZ_0385
LIM_EEZ_01,LOC_EEZ_0386
LIM_EEZ_01,LOC_EEZ_0387
LIM_EEZ_01,LOC_EEZ_0388
LIM_EEZ_01,LOC_EEZ_0389
LIM_EEZ_01,LOC_EEZ_0390
LIM_EEZ_01,LOC_EEZ_0391
LIM_EEZ_01,LOC_EEZ_0392
LIM_EEZ_01,LOC_EEZ_0393
LIM_EEZ_01,LOC_EEZ_0394
LIM_EEZ_01,LOC_EEZ_0395
LIM_EEZ_01,LOC_EEZ_0396
LIM_EEZ_01,LOC_EEZ_0397
LIM_EEZ_01,LOC_EEZ_0398
LIM_EEZ_01,LOC_EEZ_0399
LIM_EEZ_01,LOC_EEZ_0400
LIM_EEZ_01,LOC_EEZ_0401
LIM_EEZ_01,LOC_EEZ_0402
LIM_EEZ_01,LOC_EEZ_0403
LIM_EEZ_01,LOC_EEZ_0404
LIM_EEZ_01,LOC_EEZ_0405
LIM_EEZ_01,LOC_EEZ_0406
LIM_EEZ_01,LOC_EEZ_0407
LIM_EEZ_01,LOC_EEZ_0408
LIM_EEZ_01,LOC_EEZ_0409
LIM_EEZ_01,LOC_EEZ_0410
LIM_EEZ_01,LOC_EEZ_0411
LIM_EEZ_01,LOC_EEZ_0412
LIM_EEZ_01,LOC_EEZ_0413
LIM_EEZ_01,LOC_EEZ_0414
LIM_EEZ_01,LOC_EEZ_0415
LIM_EEZ_01,LOC_EEZ_0416
LIM_EEZ_01,LOC_EEZ_0417
LIM_EEZ_01,LOC_EEZ_0418
LIM_EEZ_01,LOC_EEZ_0419
LIM_EEZ_01,LOC_EEZ_0420
LIM_EEZ_01,LOC_EEZ_0421
LIM_EEZ_01,LOC_EEZ_0422
LIM_EEZ_01,LOC_EEZ_0423
LIM_EEZ_01,LOC_EEZ_0424
LIM_EEZ_01,LOC_EEZ_0425
LIM_EEZ_01,LOC_EEZ_0426
LIM_EEZ_01,LOC_EEZ_0427
LIM_EEZ_01,LOC_EEZ_0428
LIM_EEZ_01,LOC_EEZ_0429
LIM_EEZ_01,LOC_EEZ_0430
LIM_EEZ_01,LOC_EEZ_0431
LIM_EEZ_01,LOC_EEZ_0432
LIM_EEZ_01,LOC_EEZ_0433
LIM_EEZ_01,LOC_EEZ_0434
LIM_EEZ_01,LOC_EEZ_0435
LIM_EEZ_01,LOC_EEZ_0436
LIM_EEZ_01,LOC_EEZ_0437
LIM_EEZ_01,LOC_EEZ_0438
LIM_EEZ_01,LOC_EEZ_0439
LIM_EEZ_01,LOC_EEZ_0440
LIM_EEZ_01,LOC_EEZ_0441
LIM_EEZ_01,LOC_EEZ_0442
LIM_EEZ_01,LOC_EEZ_0443
LIM_EEZ_01,LOC_EEZ_0444
LIM_EEZ_01,LOC_EEZ_0445
LIM_EEZ_01,LOC_EEZ_0446
LIM_EEZ_01,LOC_EEZ_0447
LIM_EEZ_01,LOC_EEZ_0448
LIM_EEZ_01,LOC_EEZ_0449
LIM_EEZ_01,LOC_EEZ_0450
LIM_EEZ_01,LOC_EEZ_0451
LIM_EEZ_01,LOC_EEZ_0452
LIM_EEZ_01,LOC_EEZ_0453
LIM_EEZ_01,LOC_EEZ_0454
LIM_EEZ_01,LOC_EEZ_0455
LIM_EEZ_01,LOC_EEZ_0456
LIM_EEZ_01,LOC_EEZ_0457
LIM_EEZ_01,LOC_EEZ_0458
LIM_EEZ_01,LOC_EEZ_0459
LIM_EEZ_01,LOC_EEZ_0460
LIM_EEZ_01,LOC_EEZ_0461
LIM_EEZ_01,LOC_EEZ_0462
LIM_EEZ_01,LOC_EEZ_0463
LIM_EEZ_01,LOC_EEZ_0464
LIM_EEZ_01,LOC_EEZ_0465
LIM_EEZ_01,LOC_EEZ_0466
LIM_EEZ_01,LOC_EEZ_0467
LIM_EEZ_01,LOC_EEZ_0468
LIM_EEZ_01,LOC_EEZ_0469
LIM_EEZ_01,LOC_EEZ_0470
LIM_EEZ_01,LOC_EEZ_0471
LIM_EEZ_01,LOC_EEZ_0472
LIM_EEZ_01,LOC_EEZ_0473
LIM_EEZ_01,LOC_EEZ_0474
LIM_EEZ_01,LOC_EEZ_0475
LIM_EEZ_01,LOC_EEZ_0476
LIM_EEZ_01,LOC_EEZ_0477
LIM_EEZ_01,LOC_EEZ_0478
LIM_EEZ_01,LOC_EEZ_0479
LIM_EEZ_01,LOC_EEZ_0480
LIM_EEZ_01,LOC_EEZ_0481
LIM_EEZ_01,LOC_EEZ_0482
LIM_EEZ_01,LOC_EEZ_0483
LIM_EEZ_01,LOC_EEZ_0484
LIM_EEZ_01,LOC_EEZ_0485
LIM_EEZ_01,LOC_EEZ_0486
LIM_EEZ_01,LOC_EEZ_0487
LIM_EEZ_01,LOC_EEZ_0488
LIM_EEZ_01,LOC_EEZ_0489
LIM_EEZ_01,LOC_EEZ_0490
LIM_EEZ_01,LOC_EEZ_0491
LIM_EEZ_01,LOC_EEZ_0492
LIM_EEZ_01,LOC_EEZ_0493
LIM_EEZ_01,LOC_EEZ_0494
LIM_EEZ_01,LOC_EEZ_0495
LIM_EEZ_01,LOC_EEZ_0496
LIM_EEZ_01,LOC_EEZ_0497
LIM_EEZ_01,LOC_EEZ_0498
LIM_EEZ_01,LOC_EEZ_0499
LIM_EEZ_01,LOC_EEZ_0500
LIM_EEZ_01,LOC_EEZ_0501
LIM_EEZ_01,LOC_EEZ_0502
LIM_EEZ_01,LOC_EEZ_0503
LIM_EEZ_01,LOC_EEZ_0504
LIM_EEZ_01,LOC_EEZ_0505
LIM_EEZ_01,LOC_EEZ_0506
LIM_EEZ_01,LOC_EEZ_0507
LIM_EEZ_01,LOC_EEZ_0508
LIM_EEZ_01,LOC_EEZ_0509
LIM_EEZ_01,LOC_EEZ_0510
LIM_EEZ_01,LOC_EEZ_0511
LIM_EEZ_01,LOC_EEZ_0512
LIM_EEZ_01,LOC_EEZ_0513
LIM_EEZ_01,LOC_EEZ_0514
LIM_EEZ_01,LOC_EEZ_0515
LIM_EEZ_01,LOC_EEZ_0516
LIM_EEZ_01,LOC_EEZ_0517
LIM_EEZ_01,LOC_EEZ_0518
LIM_EEZ_01,LOC_EEZ_0519
LIM_EEZ_01,LOC_EEZ_0520
LIM_EEZ_01,LOC_EEZ_0521
LIM_EEZ_01,LOC_EEZ_0522
LIM_EEZ_01,LOC_EEZ_0523
LIM_EEZ_01,LOC_EEZ_0524
LIM_EEZ_01,LOC_EEZ_0525
LIM_EEZ_01,LOC_EEZ_0526
LIM_EEZ_01,LOC_EEZ_0527
LIM_EEZ_01,LOC_EEZ_0528
LIM_EEZ_01,LOC_EEZ_0529
LIM_EEZ_01,LOC_EEZ_0530
LIM_EEZ_01,LOC_EEZ_0531
LIM_EEZ_01,LOC_EEZ_0532
LIM_EEZ_01,LOC_EEZ_0533
LIM_EEZ_01,LOC_EEZ_0534
LIM_EEZ_01,LOC_EEZ_0535
LIM_EEZ_01,LOC_EEZ_0536
LIM_EEZ_01,LOC_EEZ_0537
LIM_EEZ_01,LOC_EEZ_0538
LIM_EEZ_01,LOC_EEZ_0539
LIM_EEZ_01,LOC_EEZ_0540
LIM_EEZ_01,LOC_EEZ_0541
LIM_EEZ_01,LOC_EEZ_0542
LIM_EEZ_01,LOC_EEZ_0543
LIM_EEZ_01,LOC_EEZ_0544
LIM_EEZ_01,LOC_EEZ_0545
LIM_EEZ_01,LOC_EEZ_0546
LIM_EEZ_01,LOC_EEZ_0547
LIM_EEZ_01,LOC_EEZ_0548
LIM_EEZ_01,LOC_EEZ_0549
LIM_EEZ_01,LOC_EEZ_0550
LIM_EEZ_01,LOC_EEZ_0551
LIM_EEZ_01,LOC_EEZ_0552
LIM_EEZ_01,LOC_EEZ_0553
LIM_EEZ_01,LOC_EEZ_0043
LIM_EEZ_01,LOC_EEZ_0043
LIM_EEZ_03A,LOC_EEZ_0042
LIM_EEZ_03A,LOC_EEZ_0009
LIM_EEZ_03A,LOC_EEZ_0010
LIM_EEZ_03A,LOC_EEZ_0011
LIM_EEZ_03A,LOC_EEZ_0012
LIM_EEZ_03A,LOC_EEZ_0013
LIM_EEZ_03A,LOC_TS_2473
LIM_EEZ_03A,LOC_TS_2473
LIM_EEZ_07,LOC_TS_2496
LIM_FISH_01,P_B_MOF_01_AUS_1981
LIM_FISH_01,P_B_MOF_02_AUS_1981
LIM_FISH_01,P_B_MOF_03_AUS_1981
LIM_FISH_01,P_B_MOF_04_AUS_1981
LIM_FISH_01,P_B_MOF_05_AUS_1981
LIM_FISH_01,P_B_MOF_06_AUS_1981
LIM_FISH_01,P_B_MOF_07_AUS_1981
LIM_FISH_01,P_B_MOF_08_AUS_1981
LIM_FISH_01,P_B_MOF_09_AUS_1981
LIM_FISH_01,P_B_MOF_10_AUS_1981
LIM_FISH_01,P_B_MOF_11_AUS_1981
LIM_FISH_01,P_B_MOF_12_AUS_1981
LIM_FISH_01,P_B_MOF_13_AUS_1981
LIM_FISH_01,P_B_MOF_14_AUS_1981
LIM_FISH_01,P_B_MOF_15_AUS_1981
LIM_FISH_01,P_B_MOF_16_AUS_1981
LIM_FISH_01,P_B_MOF_17_AUS_1981
LIM_FISH_01,P_B_MOF_18_AUS_1981
LIM_FISH_01,P_B_MOF_19_AUS_1981
LIM_FISH_01,P_B_MOF_20_AUS_1981
LIM_FISH_01,P_B_MOF_21_AUS_1981
LIM_FISH_01,P_B_MOF_22_AUS_1981
LIM_FISH_01,P_B_MOF_23_AUS_1981
LIM_FISH_01,P_B_MOF_24_AUS_1981
LIM_FISH_01,P_B_MOF_25_AUS_1981
LIM_FISH_01,P_B_MOF_26_AUS_1981
LIM_FISH_01,P_B_MOF_27_AUS_1981
LIM_FISH_01,P_B_MOF_33_AUS_1981
LIM_FISH_01,P_B_MOF_34_AUS_1981
LIM_FISH_01,P_B_MOF_35_AUS_1981
LIM_FISH_01,P_B_MOF_36_AUS_1981
LIM_FISH_01,P_B_MOF_37_AUS_1981
LIM_FISH_01,P_B_MOF_38_AUS_1981
LIM_FISH_01,P_B_MOF_39_AUS_1981
LIM_FISH_01,P_B_MOF_40_AUS_1981
LIM_FISH_01,P_B_MOF_42_AUS_1981
LIM_FISH_01,P_B_MOF_43_AUS_1981
LIM_FISH_01,P_B_MOF_44_AUS_1981
LIM_CS_07A,P_B_CS_11_MYS_1969
LIM_CS_07A,LOC_CZ_1964
LIM_CS_06I,LOC_CZ_1964
LIM_CS_06I,P_B_CS_12_MYS_1969
LIM_CS_06I,P_B_CS_13_MYS_1969
LIM_CS_06I,LOC_CS_0038
LIM_CS_06I,LOC_CS_0038
LIM_CS_06I,P_B_CS_14_MYS_1969
LIM_CS_06I,P_B_CS_15_MYS_1969
LIM_CS_06I,P_B_CS_16_MYS_1969
LIM_CS_06I,P_B_CS_17_MYS_1969
LIM_CS_06I,P_B_CS_18_MYS_1969
LIM_CS_06I,P_B_CS_19_MYS_1969
LIM_CS_06I,P_B_CS_20_MYS_1969
LIM_CS_06J,P_B_CS_20_MYS_1969
LIM_CS_06J,P_B_CS_01_VNM_2003
LIM_CS_06J,P_B_CS_02_VNM_2003
LIM_CS_06J,P_B_CS_03_VNM_2003
LIM_CS_06J,P_B_CS_04_VNM_2003
LIM_CS_06J,P_B_CS_25_MYS_1969
LIM_CS_06I,P_B_CS_25_MYS_1969
LIM_CS_06I,P_B_CS_22_MYS_1969
LIM_CS_06I,P_B_CS_23_MYS_1969
LIM_CS_06I,P_B_CS_24_MYS_1969
LIM_CS_06I,LOC_CZ_1964
LIM_CS_07A,LOC_CZ_1964
LIM_CS_07A,P_B_CS_21_MYS_1969
LIM_CS_03A,LOC_TS_1612
LIM_CS_03A,LOC_CS_0003
LIM_CS_03A,LOC_CS_0004
LIM_CS_03A,LOC_CS_0005
LIM_CS_03A,LOC_CS_0006
LIM_CS_03A,LOC_CS_0007
LIM_CS_03A,LOC_CS_0008
LIM_CS_03A,LOC_CS_0009
LIM_CS_03A,LOC_CS_0010
LIM_CS_03A,LOC_CS_0011
LIM_CS_03A,LOC_CS_0012
LIM_CS_03A,LOC_CS_0013
LIM_CS_03A,LOC_CS_0014
LIM_CS_03A,LOC_CS_0015
LIM_CS_03A,LOC_CS_0016
LIM_CS_03A,LOC_CS_0017
LIM_CS_03A,LOC_CS_0018
LIM_CS_03A,LOC_CS_0019
LIM_CS_03A,LOC_CS_0020
LIM_CS_03A,LOC_CS_0021
LIM_CS_03A,LOC_CS_0022
LIM_CS_03A,LOC_CS_0023
LIM_CS_03A,LOC_CS_0024
LIM_CS_03A,LOC_CS_0025
LIM_CS_03A,LOC_CS_0026
LIM_CS_03A,LOC_CS_0027
LIM_CS_03A,LOC_CS_0028
LIM_CS_03A,LOC_CS_0029
LIM_CS_03A,LOC_CS_0030
LIM_CS_03A,P_B_EEZ_01_PHL_2014
LIM_CS_01,LOC_CS_1415
LIM_CS_01,LOC_CS_1416
LIM_CS_01,LOC_CS_1417
LIM_CS_01,LOC_CS_1418
LIM_CS_01,LOC_CS_1419
LIM_CS_01,LOC_CS_1420
LIM_CS_01,LOC_CS_1421
LIM_CS_01,LOC_CS_1422
LIM_CS_01,LOC_CS_1423
LIM_CS_01,LOC_CS_1424
LIM_CS_01,LOC_CS_1425
LIM_CS_01,LOC_CS_1426
LIM_CS_01,LOC_CS_1427
LIM_CS_01,LOC_CS_1428
LIM_CS_01,LOC_CS_1429
LIM_CS_01,LOC_CS_1430
LIM_CS_01,LOC_CS_1431
LIM_CS_01,LOC_CS_1432
LIM_CS_01,LOC_CS_1433
LIM_CS_01,LOC_CS_1434
LIM_CS_01,LOC_CS_1435
LIM_CS_01,LOC_CS_1436
LIM_CS_01,LOC_CS_1437
LIM_CS_01,LOC_CS_1438
LIM_CS_01,LOC_CS_1439
LIM_CS_01,LOC_CS_1440
LIM_CS_01,LOC_CS_1441
LIM_CS_01,LOC_CS_1442
LIM_CS_01,LOC_CS_1443
LIM_CS_01,LOC_CS_1444
LIM_CS_01,LOC_CS_1445
LIM_CS_01,LOC_CS_1446
LIM_CS_01,LOC_CS_1447
LIM_CS_01,LOC_CS_1448
LIM_CS_01,LOC_CS_1449
LIM_CS_01,LOC_CS_1450
LIM_CS_01,LOC_CS_1451
LIM_CS_01,LOC_CS_1452
LIM_CS_01,LOC_CS_1453
LIM_CS_01,LOC_CS_1454
LIM_CS_01,LOC_CS_1455
LIM_CS_01,LOC_CS_1456
LIM_CS_01,LOC_CS_1457
LIM_CS_01,LOC_CS_1458
LIM_CS_01,LOC_CS_1459
LIM_CS_01,LOC_CS_1460
LIM_CS_01,LOC_CS_1461
LIM_CS_01,LOC_CS_1462
LIM_CS_01,LOC_CS_1463
LIM_CS_01,LOC_CS_1464
LIM_CS_01,LOC_CS_1465
LIM_CS_01,LOC_CS_1466
LIM_CS_01,LOC_CS_1467
LIM_CS_01,LOC_CS_1468
LIM_CS_01,LOC_CS_1469
LIM_CS_01,LOC_CS_1470
LIM_CS_01,LOC_CS_1471
LIM_CS_01,LOC_CS_1472
LIM_CS_01,LOC_CS_1473
LIM_CS_01,LOC_CS_1474
LIM_CS_01,LOC_CS_1475
LIM_CS_01,LOC_CS_1476
LIM_CS_01,LOC_CS_1477
LIM_CS_01,LOC_CS_1478
LIM_CS_01,LOC_CS_1479
LIM_CS_01,LOC_CS_1480
LIM_CS_01,LOC_CS_1481
LIM_CS_01,LOC_CS_1482
LIM_CS_01,LOC_CS_1483
LIM_CS_01,LOC_CS_1484
LIM_CS_01,LOC_CS_1485
LIM_CS_01,LOC_CS_1486
LIM_CS_01,LOC_CS_1487
LIM_CS_01,LOC_CS_1488
LIM_CS_01,LOC_CS_1489
LIM_CS_01,LOC_CS_1490
LIM_CS_01,LOC_CS_1491
LIM_CS_01,LOC_CS_1492
LIM_CS_01,LOC_CS_1493
LIM_CS_01,LOC_CS_1494
LIM_CS_01,LOC_CS_1495
LIM_CS_01,LOC_CS_1496
LIM_CS_01,LOC_CS_1497
LIM_CS_01,LOC_CS_1498
LIM_CS_01,LOC_CS_1499
LIM_CS_01,LOC_CS_1500
LIM_CS_01,LOC_CS_1501
LIM_CS_01,LOC_CS_1502
LIM_CS_01,LOC_CS_1503
LIM_CS_01,LOC_CS_1504
LIM_CS_01,LOC_CS_1505
LIM_CS_01,LOC_CS_1506
LIM_CS_01,LOC_CS_1507
LIM_CS_01,LOC_CS_1508
LIM_CS_01,LOC_CS_1509
LIM_CS_01,LOC_CS_1510
LIM_CS_01,LOC_CS_1511
LIM_CS_01,LOC_CS_1512
LIM_CS_01,LOC_CS_1513
LIM_CS_01,LOC_CS_1514
LIM_CS_01,LOC_CS_1515
LIM_CS_01,LOC_CS_1516
LIM_CS_01,LOC_CS_1517
LIM_CS_01,LOC_CS_1518
LIM_CS_01,LOC_CS_1519
LIM_CS_01,LOC_CS_1520
LIM_CS_01,LOC_CS_1521
LIM_CS_01,LOC_CS_1522
LIM_CS_01,LOC_CS_1523
LIM_CS_01,LOC_CS_1524
LIM_CS_01,LOC_CS_1525
LIM_CS_01,LOC_CS_1526
LIM_CS_01,LOC_CS_1527
LIM_CS_01,LOC_CS_1528
LIM_CS_01,LOC_CS_1529
LIM_CS_01,LOC_CS_1530
LIM_CS_01,LOC_CS_1531
LIM_CS_01,LOC_CS_1532
LIM_CS_01,LOC_CS_1533
LIM_CS_01,LOC_CS_1534
LIM_CS_01,LOC_CS_1535
LIM_CS_01,LOC_CS_1536
LIM_CS_01,LOC_CS_1537
LIM_CS_01,LOC_CS_1538
LIM_CS_01,LOC_CS_1539
LIM_CS_01,LOC_CS_1540
LIM_CS_01,LOC_CS_1541
LIM_CS_01,LOC_CS_1542
LIM_CS_01,LOC_CS_1543
LIM_CS_01,LOC_CS_1544
LIM_CS_01,LOC_CS_1545
LIM_CS_01,LOC_CS_1546
LIM_CS_01,LOC_CS_1547
LIM_CS_01,LOC_CS_1548
LIM_CS_01,LOC_CS_1549
LIM_CS_01,LOC_CS_1550
LIM_CS_01,LOC_CS_1551
LIM_CS_01,LOC_CS_1552
LIM_CS_01,LOC_CS_1553
LIM_CS_01,LOC_CS_1554
LIM_CS_01,LOC_CS_1555
LIM_CS_01,LOC_CS_1556
LIM_CS_01,LOC_CS_1557
LIM_CS_01,LOC_CS_1558
LIM_CS_01,LOC_CS_1559
LIM_CS_01,LOC_CS_1560
LIM_CS_01,LOC_CS_1561
LIM_CS_01,LOC_CS_1562
LIM_CS_01,LOC_CS_1563
LIM_CS_01,LOC_CS_1564
LIM_CS_01,LOC_CS_1565
LIM_CS_01,LOC_CS_1566
LIM_CS_01,LOC_CS_1567
LIM_CS_01,LOC_CS_1568
LIM_CS_01,LOC_CS_1569
LIM_CS_01,LOC_CS_1570
LIM_CS_01,LOC_CS_1571
LIM_CS_01,LOC_CS_1572
LIM_CS_01,LOC_CS_1573
LIM_CS_01,LOC_CS_1574
LIM_CS_01,LOC_CS_1575
LIM_CS_01,LOC_CS_1576
LIM_CS_01,LOC_CS_1577
LIM_CS_01,LOC_CS_1578
LIM_CS_01,LOC_CS_1579
LIM_CS_01,LOC_CS_1580
LIM_CS_01,LOC_CS_1581
LIM_CS_01,LOC_CS_1582
LIM_CS_01,LOC_CS_1583
LIM_CS_01,LOC_CS_1584
LIM_CS_01,LOC_CS_1585
LIM_CS_01,LOC_CS_1586
LIM_CS_01,LOC_CS_1587
LIM_CS_01,LOC_CS_1588
LIM_CS_01,LOC_CS_1589
LIM_CS_01,LOC_CS_1590
LIM_CS_01,LOC_CS_1591
LIM_CS_01,LOC_CS_1592
LIM_CS_01,LOC_CS_1593
LIM_CS_01,LOC_CS_1594
LIM_CS_01,LOC_CS_1595
LIM_CS_01,LOC_CS_1596
LIM_CS_01,LOC_CS_1597
LIM_CS_01,LOC_CS_1598
LIM_CS_01,LOC_CS_1599
LIM_CS_01,LOC_CS_1600
LIM_CS_01,LOC_CS_1601
LIM_CS_01,LOC_CS_1602
LIM_CS_01,LOC_CS_1603
LIM_CS_01,LOC_CS_1604
LIM_CS_01,LOC_CS_1605
LIM_CS_01,LOC_CS_1606
LIM_CS_01,LOC_CS_1607
LIM_CS_01,LOC_CS_1608
LIM_CS_01,LOC_CS_1609
LIM_CS_01,LOC_CS_1610
LIM_CS_01,LOC_CS_1611
LIM_CS_01,LOC_CS_1612
LIM_CS_01,LOC_CS_1613
LIM_CS_01,LOC_CS_1614
LIM_CS_01,LOC_CS_1615
LIM_CS_01,LOC_CS_1616
LIM_CS_01,LOC_CS_1617
LIM_CS_01,LOC_CS_1618
LIM_CS_01,LOC_CS_1619
LIM_CS_01,LOC_CS_1620
LIM_CS_01,LOC_CS_1621
LIM_CS_01,LOC_CS_1622
LIM_CS_01,LOC_CS_1623
LIM_CS_01,LOC_CS_1624
LIM_CS_01,LOC_CS_1625
LIM_CS_01,LOC_CS_1626
LIM_CS_01,LOC_CS_1627
LIM_CS_01,LOC_CS_1628
LIM_CS_01,LOC_CS_1629
LIM_CS_01,LOC_CS_1630
LIM_CS_01,LOC_CS_1631
LIM_CS_01,LOC_CS_1632
LIM_CS_01,LOC_CS_1633
LIM_CS_01,LOC_CS_1634
LIM_CS_01,LOC_CS_1635
LIM_CS_01,LOC_CS_1636
LIM_CS_01,LOC_CS_1637
LIM_CS_01,LOC_CS_1638
LIM_CS_01,LOC_CS_1639
LIM_CS_01,LOC_CS_1640
LIM_CS_01,LOC_CS_1641
LIM_CS_01,LOC_CS_1642
LIM_CS_01,LOC_CS_1643
LIM_CS_01,LOC_CS_1644
LIM_CS_01,LOC_CS_1645
LIM_CS_01,LOC_CS_1646
LIM_CS_01,LOC_CS_1647
LIM_CS_01,LOC_CS_1648
LIM_CS_01,LOC_CS_1649
LIM_CS_01,LOC_CS_1650
LIM_CS_01,LOC_CS_1651
LIM_CS_01,LOC_CS_1652
LIM_CS_01,LOC_CS_1653
LIM_CS_01,LOC_CS_1654
LIM_CS_01,LOC_CS_1655
LIM_CS_01,LOC_CS_1656
LIM_CS_01,LOC_CS_1657
LIM_CS_01,LOC_CS_1658
LIM_CS_01,LOC_CS_1659
LIM_CS_01,LOC_CS_1660
LIM_CS_01,LOC_CS_1661
LIM_CS_01,LOC_CS_1662
LIM_CS_01,LOC_CS_1663
LIM_CS_01,LOC_CS_1664
LIM_CS_01,LOC_CS_1665
LIM_CS_01,LOC_CS_1666
LIM_CS_01,LOC_CS_1667
LIM_CS_01,LOC_CS_1668
LIM_CS_01,LOC_CS_1669
LIM_CS_01,LOC_CS_1670
LIM_CS_01,LOC_CS_1671
LIM_CS_01,LOC_CS_1672
LIM_CS_01,LOC_CS_1673
LIM_CS_01,LOC_CS_1674
LIM_CS_01,LOC_CS_1675
LIM_CS_01,LOC_CS_1676
LIM_CS_01,LOC_CS_1677
LIM_CS_01,LOC_CS_1678
LIM_CS_01,LOC_CS_1679
LIM_CS_01,LOC_CS_1680
LIM_CS_01,LOC_CS_1681
LIM_CS_01,LOC_CS_1682
LIM_CS_01,LOC_CS_1683
LIM_CS_01,LOC_CS_1684
LIM_CS_01,LOC_CS_1685
LIM_CS_01,LOC_CS_1686
LIM_CS_01,LOC_CS_1687
LIM_CS_01,LOC_CS_1688
LIM_CS_01,LOC_CS_1689
LIM_CS_01,LOC_CS_1690
LIM_CS_01,LOC_CS_1691
LIM_CS_01,LOC_CS_1692
LIM_CS_01,LOC_CS_1693
LIM_CS_01,LOC_CS_1694
LIM_CS_01,LOC_CS_1695
LIM_CS_01,LOC_CS_1696
LIM_CS_01,LOC_CS_1697
LIM_CS_01,LOC_CS_1698
LIM_CS_01,LOC_CS_1699
LIM_CS_01,LOC_CS_1700
LIM_CS_01,LOC_CS_1701
LIM_CS_01,LOC_CS_1702
LIM_CS_01,LOC_CS_1703
LIM_CS_01,LOC_CS_1704
LIM_CS_01,LOC_CS_1705
LIM_CS_01,LOC_CS_1706
LIM_CS_01,LOC_CS_1707
LIM_CS_01,LOC_CS_1708
LIM_CS_01,LOC_CS_1709
LIM_CS_01,LOC_CS_1710
LIM_CS_01,LOC_CS_1711
LIM_CS_01,LOC_CS_1712
LIM_CS_01,LOC_CS_1713
LIM_CS_01,LOC_CS_1714
LIM_CS_01,LOC_CS_1715
LIM_CS_01,LOC_CS_1716
LIM_CS_01,LOC_CS_1717
LIM_CS_01,LOC_CS_1718
LIM_CS_01,LOC_CS_1719
LIM_CS_01,LOC_CS_1720
LIM_CS_01,LOC_CS_1721
LIM_CS_01,LOC_CS_1722
LIM_CS_01,LOC_CS_1723
LIM_CS_01,LOC_CS_1724
LIM_CS_01,LOC_CS_1725
LIM_CS_01,LOC_CS_1726
LIM_CS_01,LOC_CS_1727
LIM_CS_01,LOC_CS_1728
LIM_CS_01,LOC_CS_1729
LIM_CS_01,LOC_CS_1730
LIM_CS_01,LOC_CS_1731
LIM_CS_01,LOC_CS_1732
LIM_CS_01,LOC_CS_1733
LIM_CS_01,LOC_CS_1734
LIM_CS_01,LOC_CS_1735
LIM_CS_01,LOC_CS_1736
LIM_CS_01,LOC_CS_1737
LIM_CS_01,LOC_CS_1738
LIM_CS_01,LOC_CS_1739
LIM_CS_01,LOC_CS_1740
LIM_CS_01,LOC_CS_1741
LIM_CS_01,LOC_CS_1742
LIM_CS_01,LOC_CS_1743
LIM_CS_01,LOC_CS_1744
LIM_CS_01,LOC_CS_1745
LIM_CS_01,LOC_CS_1746
LIM_CS_01,LOC_CS_1747
LIM_CS_01,LOC_CS_1748
LIM_CS_01,LOC_CS_1749
LIM_CS_01,LOC_CS_1750
LIM_CS_01,LOC_CS_1751
LIM_CS_01,LOC_CS_1752
LIM_CS_01,LOC_CS_1753
LIM_CS_01,LOC_CS_1754
LIM_CS_01,LOC_CS_1755
LIM_CS_01,LOC_CS_1756
LIM_CS_01,LOC_CS_1757
LIM_CS_01,LOC_CS_1758
LIM_CS_01,LOC_CS_1759
LIM_CS_01,LOC_CS_1760
LIM_CS_01,LOC_CS_1761
LIM_CS_01,LOC_CS_1762
LIM_CS_01,LOC_CS_1763
LIM_CS_01,LOC_CS_1764
LIM_CS_01,LOC_CS_1765
LIM_CS_01,LOC_CS_1766
LIM_CS_01,LOC_CS_1767
LIM_CS_01,LOC_CS_1768
LIM_CS_01,LOC_CS_1769
LIM_CS_01,LOC_CS_1770
LIM_CS_01,LOC_CS_1771
LIM_CS_01,LOC_CS_1772
LIM_CS_01,LOC_CS_1773
LIM_CS_01,LOC_CS_1774
LIM_CS_01,LOC_CS_1775
LIM_CS_01,LOC_CS_1776
LIM_CS_01,LOC_CS_1777
LIM_CS_01,LOC_CS_1778
LIM_CS_01,LOC_CS_1779
LIM_CS_01,LOC_CS_1780
LIM_CS_01,LOC_CS_1781
LIM_CS_01,LOC_CS_1782
LIM_CS_01,LOC_CS_1783
LIM_CS_01,LOC_CS_1784
LIM_CS_01,LOC_CS_1785
LIM_CS_01,LOC_CS_1786
LIM_CS_01,LOC_CS_1787
LIM_CS_01,LOC_CS_1788
LIM_CS_01,LOC_CS_1789
LIM_CS_01,LOC_CS_1790
LIM_CS_01,LOC_CS_1791
LIM_CS_01,LOC_CS_1792
LIM_CS_01,LOC_CS_1793
LIM_CS_01,LOC_CS_1794
LIM_CS_01,LOC_CS_1795
LIM_CS_01,LOC_CS_1796
LIM_CS_01,LOC_CS_1797
LIM_CS_01,LOC_CS_1798
LIM_CS_01,LOC_CS_1799
LIM_CS_01,LOC_CS_1800
LIM_CS_01,LOC_CS_1801
LIM_CS_01,LOC_CS_1802
LIM_CS_01,LOC_CS_1803
LIM_CS_01,LOC_CS_1804
LIM_CS_01,LOC_CS_1805
LIM_CS_01,LOC_CS_1806
LIM_CS_01,LOC_CS_1807
LIM_CS_01,LOC_CS_1808
LIM_CS_01,LOC_CS_1809
LIM_CS_01,LOC_CS_1810
LIM_CS_01,LOC_CS_1811
LIM_CS_01,LOC_CS_1812
LIM_CS_01,LOC_CS_1813
LIM_CS_01,LOC_CS_1814
LIM_CS_01,LOC_CS_1815
LIM_CS_01,LOC_CS_1816
LIM_CS_01,LOC_CS_1817
LIM_CS_01,LOC_CS_1818
LIM_CS_01,LOC_CS_1819
LIM_CS_01,LOC_CS_1820
LIM_CS_01,LOC_CS_1821
LIM_CS_01,LOC_CS_1822
LIM_CS_01,LOC_CS_1823
LIM_CS_01,LOC_CS_1824
LIM_CS_01,LOC_CS_1825
LIM_CS_01,LOC_CS_1826
LIM_CS_01,LOC_CS_1827
LIM_CS_01,LOC_CS_1828
LIM_CS_01,LOC_CS_1829
LIM_CS_01,LOC_CS_1830
LIM_CS_01,LOC_CS_1831
LIM_CS_01,LOC_CS_1832
LIM_CS_01,LOC_CS_1833
LIM_CS_01,LOC_CS_1834
LIM_CS_01,LOC_CS_1835
LIM_CS_01,LOC_CS_1836
LIM_CS_01,LOC_CS_1837
LIM_CS_01,LOC_CS_1838
LIM_CS_01,LOC_CS_1839
LIM_CS_01,LOC_CS_1840
LIM_CS_01,LOC_CS_1841
LIM_CS_01,LOC_CS_1842
LIM_CS_01,LOC_CS_1843
LIM_CS_01,LOC_CS_1844
LIM_CS_01,LOC_CS_1845
LIM_CS_01,LOC_CS_1846
LIM_CS_01,LOC_CS_1847
LIM_CS_01,LOC_CS_1848
LIM_CS_01,LOC_CS_1849
LIM_CS_01,LOC_CS_1850
LIM_CS_01,LOC_CS_1851
LIM_CS_01,LOC_CS_1852
LIM_CS_01,LOC_CS_1853
LIM_CS_01,LOC_CS_1854
LIM_CS_01,LOC_CS_1855
LIM_CS_01,LOC_CS_1856
LIM_CS_01,LOC_CS_1857
LIM_CS_01,LOC_CS_1858
LIM_CS_01,LOC_CS_1859
LIM_CS_01,LOC_CS_1860
LIM_CS_01,LOC_CS_1861
LIM_CS_01,LOC_CS_1862
LIM_CS_01,LOC_CS_1863
LIM_CS_01,LOC_CS_1864
LIM_CS_01,LOC_CS_1865
LIM_CS_01,LOC_CS_1866
LIM_CS_01,LOC_CS_1867
LIM_CS_01,LOC_CS_1868
LIM_CS_01,LOC_CS_1869
LIM_CS_01,LOC_CS_1870
LIM_CS_01,LOC_CS_1871
LIM_CS_01,LOC_CS_1872
LIM_CS_01,LOC_CS_1873
LIM_CS_01,LOC_CS_1874
LIM_CS_01,LOC_CS_1875
LIM_CS_01,LOC_CS_1876
LIM_CS_01,LOC_CS_1877
LIM_CS_01,LOC_CS_1878
LIM_CS_01,LOC_CS_1879
LIM_CS_01,LOC_CS_1880
LIM_CS_01,LOC_CS_1881
LIM_CS_01,LOC_CS_1882
LIM_CS_01,LOC_CS_1883
LIM_CS_01,LOC_CS_1884
LIM_CS_01,LOC_CS_1885
LIM_CS_01,LOC_CS_1886
LIM_CS_01,LOC_CS_1887
LIM_CS_01,LOC_CS_1888
LIM_CS_01,LOC_CS_1889
LIM_CS_01,LOC_CS_1890
LIM_CS_01,LOC_CS_1891
LIM_CS_01,LOC_CS_1892
LIM_CS_01,LOC_CS_1893
LIM_CS_01,LOC_CS_1894
LIM_CS_01,LOC_CS_1895
LIM_CS_01,LOC_CS_1896
LIM_CS_01,LOC_CS_1897
LIM_CS_01,LOC_CS_1898
LIM_CS_01,LOC_CS_1899
LIM_CS_01,LOC_CS_1900
LIM_CS_01,LOC_CS_1901
LIM_CS_01,LOC_CS_1902
LIM_CS_01,LOC_CS_1903
LIM_CS_01,LOC_CS_1904
LIM_CS_01,LOC_CS_1905
LIM_CS_01,LOC_CS_1906
LIM_CS_01,LOC_CS_1907
LIM_CS_01,LOC_CS_1908
LIM_CS_01,LOC_CS_1909
LIM_CS_01,LOC_CS_1910
LIM_CS_01,LOC_CS_1911
LIM_CS_01,LOC_CS_1912
LIM_CS_01,LOC_CS_1913
LIM_CS_01,LOC_CS_1914
LIM_CS_01,LOC_CS_1915
LIM_CS_01,LOC_CS_1916
LIM_CS_01,LOC_CS_1917
LIM_CS_01,LOC_CS_1918
LIM_CS_01,LOC_CS_1919
LIM_CS_01,LOC_CS_1920
LIM_CS_01,LOC_CS_1921
LIM_CS_01,LOC_CS_1922
LIM_CS_01,LOC_CS_1923
LIM_CS_01,LOC_CS_1924
LIM_CS_01,LOC_CS_1925
LIM_CS_01,LOC_CS_1926
LIM_CS_01,LOC_CS_1927
LIM_CS_01,LOC_CS_1928
LIM_CS_01,LOC_CS_1929
LIM_CS_01,LOC_CS_1930
LIM_CS_01,LOC_CS_1931
LIM_CS_01,LOC_CS_1932
LIM_CS_01,LOC_CS_1933
LIM_CS_01,LOC_CS_1934
LIM_CS_01,LOC_CS_1935
LIM_CS_01,LOC_CS_1936
LIM_CS_01,LOC_CS_1937
LIM_CS_01,LOC_CS_1938
LIM_CS_01,LOC_CS_1939
LIM_CS_01,LOC_CS_1940
LIM_CS_01,LOC_CS_1941
LIM_CS_01,LOC_CS_1942
LIM_CS_01,LOC_CS_1943
LIM_CS_01,LOC_CS_1944
LIM_CS_01,LOC_CS_1945
LIM_CS_01,LOC_CS_1946
LIM_CS_01,LOC_CS_1947
LIM_CS_01,LOC_CS_1948
LIM_CS_01,LOC_CS_1949
LIM_CS_01,LOC_CS_1950
LIM_CS_01,LOC_CS_1951
LIM_CS_01,LOC_CS_1952
LIM_CS_01,LOC_CS_1953
LIM_CS_01,LOC_CS_1954
LIM_CS_01,LOC_CS_4703
LIM_CS_01,LOC_CS_0039
LIM_CS_01,LOC_CS_0040
LIM_CS_01,LOC_CS_0041
LIM_CS_01,LOC_CS_0042
LIM_CS_01,LOC_CS_0043
LIM_CS_01,LOC_CS_0044
LIM_CS_01,LOC_CS_0045
LIM_CS_01,LOC_CS_0046
LIM_CS_01,LOC_CS_0047
LIM_CS_01,LOC_CS_0048
LIM_CS_01,LOC_CS_0049
LIM_CS_01,LOC_CS_0050
LIM_CS_01,LOC_CS_0051
LIM_CS_01,LOC_CS_0052
LIM_CS_01,LOC_CS_0053
LIM_CS_01,LOC_CS_0054
LIM_CS_01,LOC_CS_0055
LIM_CS_01,LOC_CS_0056
LIM_CS_01,LOC_CS_0057
LIM_CS_01,LOC_CS_0058
LIM_CS_01,LOC_CS_0059
LIM_CS_01,LOC_CS_0060
LIM_CS_01,LOC_CS_0061
LIM_CS_01,LOC_CS_0062
LIM_CS_01,LOC_CS_0063
LIM_CS_01,LOC_CS_0064
LIM_CS_01,LOC_CS_0065
LIM_CS_01,LOC_CS_0066
LIM_CS_01,LOC_CS_0067
LIM_CS_01,LOC_CS_0068
LIM_CS_01,LOC_CS_0069
LIM_CS_01,LOC_CS_0070
LIM_CS_01,LOC_CS_0071
LIM_CS_01,LOC_CS_0072
LIM_CS_01,LOC_CS_0073
LIM_CS_01,LOC_CS_0074
LIM_CS_01,LOC_CS_0075
LIM_CS_01,LOC_CS_0076
LIM_CS_01,LOC_CS_0077
LIM_CS_01,LOC_CS_0078
LIM_CS_01,LOC_CS_0079
LIM_CS_01,LOC_CS_0080
LIM_CS_01,LOC_CS_0081
LIM_CS_01,LOC_CS_0082
LIM_CS_01,LOC_CS_0083
LIM_CS_01,LOC_CS_0084
LIM_CS_01,LOC_CS_0085
LIM_CS_01,LOC_CS_0086
LIM_CS_01,LOC_CS_0087
LIM_CS_01,LOC_CS_0088
LIM_CS_01,LOC_CS_0089
LIM_CS_01,LOC_CS_0090
LIM_CS_01,LOC_CS_0091
LIM_CS_01,LOC_CS_0092
LIM_CS_01,LOC_CS_0093
LIM_CS_01,LOC_CS_0094
LIM_CS_01,LOC_CS_0095
LIM_CS_01,LOC_CS_0096
LIM_CS_01,LOC_CS_0097
LIM_CS_01,LOC_CS_0098
LIM_CS_01,LOC_CS_0099
LIM_CS_01,LOC_CS_0100
LIM_CS_01,LOC_CS_0101
LIM_CS_01,LOC_CS_0102
LIM_CS_01,LOC_CS_0103
LIM_CS_01,LOC_CS_0104
LIM_CS_01,LOC_CS_0105
LIM_CS_01,LOC_CS_0106
LIM_CS_01,LOC_CS_0107
LIM_CS_01,LOC_CS_0108
LIM_CS_01,LOC_CS_0109
LIM_CS_01,LOC_CS_0110
LIM_CS_01,LOC_CS_0111
LIM_CS_01,LOC_CS_0112
LIM_CS_01,LOC_CS_0113
LIM_CS_01,LOC_CS_0114
LIM_CS_01,LOC_CS_0115
LIM_CS_01,LOC_CS_0116
LIM_CS_01,LOC_CS_0117
LIM_CS_01,LOC_CS_0118
LIM_CS_01,LOC_CS_0119
LIM_CS_01,LOC_CS_0120
LIM_CS_01,LOC_CS_0121
LIM_CS_01,LOC_CS_0122
LIM_CS_01,LOC_CS_0123
LIM_CS_01,LOC_CS_0124
LIM_CS_01,LOC_CS_0125
LIM_CS_01,LOC_CS_0126
LIM_CS_01,LOC_CS_0127
LIM_CS_01,LOC_CS_0128
LIM_CS_01,LOC_CS_0129
LIM_CS_01,LOC_CS_0130
LIM_CS_01,LOC_CS_0131
LIM_CS_01,LOC_CS_0132
LIM_CS_01,LOC_CS_0133
LIM_CS_01,LOC_CS_0134
LIM_CS_01,LOC_CS_0135
LIM_CS_01,LOC_CS_0136
LIM_CS_01,LOC_CS_0137
LIM_CS_01,LOC_CS_0138
LIM_CS_01,LOC_CS_0139
LIM_CS_01,LOC_CS_0140
LIM_CS_01,LOC_CS_0141
LIM_CS_01,LOC_CS_0142
LIM_CS_01,LOC_CS_0143
LIM_CS_01,LOC_CS_0144
LIM_CS_01,LOC_CS_0145
LIM_CS_01,LOC_CS_0146
LIM_CS_01,LOC_CS_0147
LIM_CS_01,LOC_CS_0148
LIM_CS_01,LOC_CS_0149
LIM_CS_01,LOC_CS_0150
LIM_CS_01,LOC_CS_0151
LIM_CS_01,LOC_CS_0152
LIM_CS_01,LOC_CS_0153
LIM_CS_01,LOC_CS_0154
LIM_CS_01,LOC_CS_0155
LIM_CS_01,LOC_CS_0156
LIM_CS_01,LOC_CS_0157
LIM_CS_01,LOC_CS_0158
LIM_CS_01,LOC_CS_0159
LIM_CS_01,LOC_CS_0160
LIM_CS_01,LOC_CS_0161
LIM_CS_01,LOC_CS_0162
LIM_CS_01,LOC_CS_0163
LIM_CS_01,LOC_CS_0164
LIM_CS_01,LOC_CS_0165
LIM_CS_01,LOC_CS_0166
LIM_CS_01,LOC_CS_0167
LIM_CS_01,LOC_CS_0168
LIM_CS_01,LOC_CS_0169
LIM_CS_01,LOC_CS_0170
LIM_CS_01,LOC_CS_0171
LIM_CS_01,LOC_CS_0172
LIM_CS_01,LOC_CS_0173
LIM_CS_01,LOC_CS_0174
LIM_CS_01,LOC_CS_0175
LIM_CS_01,LOC_CS_0176
LIM_CS_01,LOC_CS_0177
LIM_CS_01,LOC_CS_0178
LIM_CS_01,LOC_CS_0179
LIM_CS_01,LOC_CS_0180
LIM_CS_01,LOC_CS_0181
LIM_CS_01,LOC_CS_0182
LIM_CS_01,LOC_CS_0183
LIM_CS_01,LOC_CS_0184
LIM_CS_01,LOC_CS_0185
LIM_CS_01,LOC_CS_0186
LIM_CS_01,LOC_CS_0187
LIM_CS_01,LOC_CS_0188
LIM_CS_01,LOC_CS_0189
LIM_CS_01,LOC_CS_0190
LIM_CS_01,LOC_CS_0191
LIM_CS_01,LOC_CS_0192
LIM_CS_01,LOC_CS_0193
LIM_CS_01,LOC_CS_0194
LIM_CS_01,LOC_CS_0195
LIM_CS_01,LOC_CS_0196
LIM_CS_01,LOC_CS_0197
LIM_CS_01,LOC_CS_0198
LIM_CS_01,LOC_CS_0199
LIM_CS_01,LOC_CS_0200
LIM_CS_01,LOC_CS_0201
LIM_CS_01,LOC_CS_0202
LIM_CS_01,LOC_CS_0203
LIM_CS_01,LOC_CS_0204
LIM_CS_01,LOC_CS_0205
LIM_CS_01,LOC_CS_0206
LIM_CS_01,LOC_CS_0207
LIM_CS_01,LOC_CS_0208
LIM_CS_01,LOC_CS_0209
LIM_CS_01,LOC_CS_0210
LIM_CS_01,LOC_CS_0211
LIM_CS_01,LOC_CS_0212
LIM_CS_01,LOC_CS_0213
LIM_CS_01,LOC_CS_0214
LIM_CS_01,LOC_CS_0215
LIM_CS_01,LOC_CS_0216
LIM_CS_01,LOC_CS_0217
LIM_CS_01,LOC_CS_0218
LIM_CS_01,LOC_CS_0219
LIM_CS_01,LOC_CS_0220
LIM_CS_01,LOC_CS_0221
LIM_CS_01,LOC_CS_0222
LIM_CS_01,LOC_CS_0223
LIM_CS_01,LOC_CS_0224
LIM_CS_01,LOC_CS_0225
LIM_CS_01,LOC_CS_0226
LIM_CS_01,LOC_CS_0227
LIM_CS_01,LOC_CS_0228
LIM_CS_01,LOC_CS_0229
LIM_CS_01,LOC_CS_0230
LIM_CS_01,LOC_CS_0231
LIM_CS_01,LOC_CS_0232
LIM_CS_01,LOC_CS_0233
LIM_CS_01,LOC_CS_0234
LIM_CS_01,LOC_CS_0235
LIM_CS_01,LOC_CS_0236
LIM_CS_01,LOC_CS_0237
LIM_CS_01,LOC_CS_0238
LIM_CS_01,LOC_CS_0239
LIM_CS_01,LOC_CS_0240
LIM_CS_01,LOC_CS_0241
LIM_CS_01,LOC_CS_0242
LIM_CS_01,LOC_CS_0243
LIM_CS_01,LOC_CS_0244
LIM_CS_01,LOC_CS_0245
LIM_CS_01,LOC_CS_0246
LIM_CS_01,LOC_CS_0247
LIM_CS_01,LOC_CS_0248
LIM_CS_01,LOC_CS_0249
LIM_CS_01,LOC_CS_0250
LIM_CS_01,LOC_CS_0251
LIM_CS_01,LOC_CS_0252
LIM_CS_01,LOC_CS_0253
LIM_CS_01,LOC_CS_0254
LIM_CS_01,LOC_CS_0255
LIM_CS_01,LOC_CS_0256
LIM_CS_01,LOC_CS_0257
LIM_CS_01,LOC_CS_0258
LIM_CS_01,LOC_CS_0259
LIM_CS_01,LOC_CS_0260
LIM_CS_01,LOC_CS_0261
LIM_CS_01,LOC_CS_0262
LIM_CS_01,LOC_CS_0263
LIM_CS_01,LOC_CS_0264
LIM_CS_01,LOC_CS_0265
LIM_CS_01,LOC_CS_0266
LIM_CS_01,LOC_CS_0267
LIM_CS_01,LOC_CS_0268
LIM_CS_01,LOC_CS_0269
LIM_CS_01,LOC_CS_0270
LIM_CS_01,LOC_CS_0271
LIM_CS_01,LOC_CS_0272
LIM_CS_01,LOC_CS_0273
LIM_CS_01,LOC_CS_0274
LIM_CS_01,LOC_CS_0275
LIM_CS_01,LOC_CS_0276
LIM_CS_01,LOC_CS_0277
LIM_CS_01,LOC_CS_0278
LIM_CS_01,LOC_CS_0279
LIM_CS_01,LOC_CS_0280
LIM_CS_01,LOC_CS_0281
LIM_CS_01,LOC_CS_0282
LIM_CS_01,LOC_CS_0283
LIM_CS_01,LOC_CS_0284
LIM_CS_01,LOC_CS_0285
LIM_CS_01,LOC_CS_0286
LIM_CS_01,LOC_CS_0287
LIM_CS_01,LOC_CS_0288
LIM_CS_01,LOC_CS_0289
LIM_CS_01,LOC_CS_0290
LIM_CS_01,LOC_CS_0291
LIM_CS_01,LOC_CS_0292
LIM_CS_01,LOC_CS_0293
LIM_CS_01,LOC_CS_0294
LIM_CS_01,LOC_CS_0295
LIM_CS_01,LOC_CS_0296
LIM_CS_01,LOC_CS_0297
LIM_CS_01,LOC_CS_0298
LIM_CS_01,LOC_CS_0299
LIM_CS_01,LOC_CS_0300
LIM_CS_01,LOC_CS_0301
LIM_CS_01,LOC_CS_0302
LIM_CS_01,LOC_CS_0303
LIM_CS_01,LOC_CS_0304
LIM_CS_01,LOC_CS_0305
LIM_CS_01,LOC_CS_0306
LIM_CS_01,LOC_CS_0307
LIM_CS_01,LOC_CS_0308
LIM_CS_01,LOC_CS_0309
LIM_CS_01,LOC_CS_0310
LIM_CS_01,LOC_CS_0311
LIM_CS_01,LOC_CS_0312
LIM_CS_01,LOC_CS_0313
LIM_CS_01,LOC_CS_0314
LIM_CS_01,LOC_CS_0315
LIM_CS_01,LOC_CS_0316
LIM_CS_01,LOC_CS_0317
LIM_CS_01,LOC_CS_0318
LIM_CS_01,LOC_CS_0319
LIM_CS_01,LOC_CS_0320
LIM_CS_01,LOC_CS_0321
LIM_CS_01,LOC_CS_0322
LIM_CS_01,LOC_CS_0323
LIM_CS_01,LOC_CS_0324
LIM_CS_01,LOC_CS_0325
LIM_CS_01,LOC_CS_0326
LIM_CS_01,LOC_CS_0327
LIM_CS_01,LOC_CS_0328
LIM_CS_01,LOC_CS_0329
LIM_CS_01,LOC_CS_0330
LIM_CS_01,LOC_CS_0331
LIM_CS_01,LOC_CS_0332
LIM_CS_01,LOC_CS_0333
LIM_CS_01,LOC_CS_0334
LIM_CS_01,LOC_CS_0335
LIM_CS_01,LOC_CS_0336
LIM_CS_01,LOC_CS_0337
LIM_CS_01,LOC_CS_0338
LIM_CS_01,LOC_CS_0339
LIM_CS_01,LOC_CS_0340
LIM_CS_01,LOC_CS_0341
LIM_CS_01,LOC_CS_0342
LIM_CS_01,LOC_CS_0343
LIM_CS_01,LOC_CS_0344
LIM_CS_01,LOC_CS_0345
LIM_CS_01,LOC_CS_0346
LIM_CS_01,LOC_CS_0347
LIM_CS_01,LOC_CS_0348
LIM_CS_01,LOC_CS_0349
LIM_CS_01,LOC_CS_0350
LIM_CS_01,LOC_CS_0351
LIM_CS_01,LOC_CS_0352
LIM_CS_01,LOC_CS_0353
LIM_CS_01,LOC_CS_0354
LIM_CS_01,LOC_CS_0355
LIM_CS_01,LOC_CS_0356
LIM_CS_01,LOC_CS_0357
LIM_CS_01,LOC_CS_0358
LIM_CS_01,LOC_CS_0359
LIM_CS_01,LOC_CS_0360
LIM_CS_01,LOC_CS_0361
LIM_CS_01,LOC_CS_0362
LIM_CS_01,LOC_CS_0363
LIM_CS_01,LOC_CS_0364
LIM_CS_01,LOC_CS_0365
LIM_CS_01,LOC_CS_0366
LIM_CS_01,LOC_CS_0367
LIM_CS_01,LOC_CS_0368
LIM_CS_01,LOC_CS_0369
LIM_CS_01,LOC_CS_0370
LIM_CS_01,LOC_CS_0371
LIM_CS_01,LOC_CS_0372
LIM_CS_01,LOC_CS_0373
LIM_CS_01,LOC_CS_0374
LIM_CS_01,LOC_CS_0375
LIM_CS_01,LOC_CS_0376
LIM_CS_01,LOC_CS_0377
LIM_CS_01,LOC_CS_0378
LIM_CS_01,LOC_CS_0379
LIM_CS_01,LOC_CS_0380
LIM_CS_01,LOC_CS_0381
LIM_CS_01,LOC_CS_0382
LIM_CS_01,LOC_CS_0383
LIM_CS_01,LOC_CS_0384
LIM_CS_01,LOC_CS_0385
LIM_CS_01,LOC_CS_0386
LIM_CS_01,LOC_CS_0387
LIM_CS_01,LOC_CS_0388
LIM_CS_01,LOC_CS_0389
LIM_CS_01,LOC_CS_0390
LIM_CS_01,LOC_CS_0391
LIM_CS_01,LOC_CS_0392
LIM_CS_01,LOC_CS_0393
LIM_CS_01,LOC_CS_0394
LIM_CS_01,LOC_CS_0395
LIM_CS_01,LOC_CS_0396
LIM_CS_01,LOC_CS_0397
LIM_CS_01,LOC_CS_0398
LIM_CS_01,LOC_CS_0399
LIM_CS_01,LOC_CS_0400
LIM_CS_01,LOC_CS_0401
LIM_CS_01,LOC_CS_0402
LIM_CS_01,LOC_CS_0403
LIM_CS_01,LOC_CS_0404
LIM_CS_01,LOC_CS_0405
LIM_CS_01,LOC_CS_0406
LIM_CS_01,LOC_CS_0407
LIM_CS_01,LOC_CS_0408
LIM_CS_01,LOC_CS_0409
LIM_CS_01,LOC_CS_0410
LIM_CS_01,LOC_CS_0411
LIM_CS_01,LOC_CS_0412
LIM_CS_01,LOC_CS_0413
LIM_CS_01,LOC_CS_0414
LIM_CS_01,LOC_CS_0415
LIM_CS_01,LOC_CS_0416
LIM_CS_01,LOC_CS_0417
LIM_CS_01,LOC_CS_0418
LIM_CS_01,LOC_CS_0419
LIM_CS_01,LOC_CS_0420
LIM_CS_01,LOC_CS_0421
LIM_CS_01,LOC_CS_0422
LIM_CS_01,LOC_CS_0423
LIM_CS_01,LOC_CS_0424
LIM_CS_01,LOC_CS_0425
LIM_CS_01,LOC_CS_0426
LIM_CS_01,LOC_CS_0427
LIM_CS_01,LOC_CS_0428
LIM_CS_01,LOC_CS_0429
LIM_CS_01,LOC_CS_0430
LIM_CS_01,LOC_CS_0431
LIM_CS_01,LOC_CS_0432
LIM_CS_01,LOC_CS_0433
LIM_CS_01,LOC_CS_0434
LIM_CS_01,LOC_CS_0435
LIM_CS_01,LOC_CS_0436
LIM_CS_01,LOC_CS_0437
LIM_CS_01,LOC_CS_0438
LIM_CS_01,LOC_CS_0439
LIM_CS_01,LOC_CS_0440
LIM_CS_01,LOC_CS_0441
LIM_CS_01,LOC_CS_0442
LIM_CS_01,LOC_CS_0443
LIM_CS_01,LOC_CS_0444
LIM_CS_01,LOC_CS_0445
LIM_CS_01,LOC_CS_0446
LIM_CS_01,LOC_CS_0447
LIM_CS_01,LOC_CS_0448
LIM_CS_01,LOC_CS_0449
LIM_CS_01,LOC_CS_0450
LIM_CS_01,LOC_CS_0451
LIM_CS_01,LOC_CS_0452
LIM_CS_01,LOC_CS_0453
LIM_CS_01,LOC_CS_0454
LIM_CS_01,LOC_CS_0455
LIM_CS_01,LOC_CS_0456
LIM_CS_01,LOC_CS_0457
LIM_CS_01,LOC_CS_0458
LIM_CS_01,LOC_CS_0459
LIM_CS_01,LOC_CS_0460
LIM_CS_01,LOC_CS_0461
LIM_CS_01,LOC_CS_0462
LIM_CS_01,LOC_CS_0463
LIM_CS_01,LOC_CS_0464
LIM_CS_01,LOC_CS_0465
LIM_CS_01,LOC_CS_0466
LIM_CS_01,LOC_CS_0467
LIM_CS_01,LOC_CS_0468
LIM_CS_01,LOC_CS_0469
LIM_CS_01,LOC_CS_0470
LIM_CS_01,LOC_CS_0471
LIM_CS_01,LOC_CS_0472
LIM_CS_01,LOC_CS_0473
LIM_CS_01,LOC_CS_0474
LIM_CS_01,LOC_CS_0475
LIM_CS_01,LOC_CS_0476
LIM_CS_01,LOC_CS_0477
LIM_CS_01,LOC_CS_0478
LIM_CS_01,LOC_CS_0479
LIM_CS_01,LOC_CS_0480
LIM_CS_01,LOC_CS_0481
LIM_CS_01,LOC_CS_0482
LIM_CS_01,LOC_CS_0483
LIM_CS_01,LOC_CS_0484
LIM_CS_01,LOC_CS_0485
LIM_CS_01,LOC_CS_0486
LIM_CS_01,LOC_CS_0487
LIM_CS_01,LOC_CS_0488
LIM_CS_01,LOC_CS_0489
LIM_CS_01,LOC_CS_0490
LIM_CS_01,LOC_CS_0491
LIM_CS_01,LOC_CS_0492
LIM_CS_01,LOC_CS_0493
LIM_CS_01,LOC_CS_0494
LIM_CS_01,LOC_CS_0495
LIM_CS_01,LOC_CS_0496
LIM_CS_01,LOC_CS_0497
LIM_CS_01,LOC_CS_0498
LIM_CS_01,LOC_CS_0499
LIM_CS_01,LOC_CS_0500
LIM_CS_01,LOC_CS_0501
LIM_CS_01,LOC_CS_0502
LIM_CS_01,LOC_CS_0503
LIM_CS_01,LOC_CS_0504
LIM_CS_01,LOC_CS_0505
LIM_CS_01,LOC_CS_0506
LIM_CS_01,LOC_CS_0507
LIM_CS_01,LOC_CS_0508
LIM_CS_01,LOC_CS_0509
LIM_CS_01,LOC_CS_0510
LIM_CS_01,LOC_CS_0511
LIM_CS_01,LOC_CS_0512
LIM_CS_01,LOC_CS_0513
LIM_CS_01,LOC_CS_0514
LIM_CS_01,LOC_CS_0515
LIM_CS_01,LOC_CS_0516
LIM_CS_01,LOC_CS_0517
LIM_CS_01,LOC_CS_0518
LIM_CS_01,LOC_CS_0519
LIM_CS_01,LOC_CS_0520
LIM_CS_01,LOC_CS_0521
LIM_CS_01,LOC_CS_0522
LIM_CS_01,LOC_CS_0523
LIM_CS_01,LOC_CS_0524
LIM_CS_01,LOC_CS_0525
LIM_CS_01,LOC_CS_0526
LIM_CS_01,LOC_CS_0527
LIM_CS_01,LOC_CS_0528
LIM_CS_01,LOC_CS_0529
LIM_CS_01,LOC_CS_0530
LIM_CS_01,LOC_CS_0531
LIM_CS_01,LOC_CS_0532
LIM_CS_01,LOC_CS_0533
LIM_CS_01,LOC_CS_0534
LIM_CS_01,LOC_CS_0535
LIM_CS_01,LOC_CS_0536
LIM_CS_01,LOC_CS_0537
LIM_CS_01,LOC_CS_0538
LIM_CS_01,LOC_CS_0539
LIM_CS_01,LOC_CS_0540
LIM_CS_01,LOC_CS_0541
LIM_CS_01,LOC_CS_0542
LIM_CS_01,LOC_CS_0543
LIM_CS_01,LOC_CS_0544
LIM_CS_01,LOC_CS_0545
LIM_CS_01,LOC_CS_0546
LIM_CS_01,LOC_CS_0547
LIM_CS_01,LOC_CS_0548
LIM_CS_01,LOC_CS_0549
LIM_CS_01,LOC_CS_0550
LIM_CS_01,LOC_CS_0551
LIM_CS_01,LOC_CS_0552
LIM_CS_01,LOC_CS_0553
LIM_CS_01,LOC_CS_0554
LIM_CS_01,LOC_CS_0555
LIM_CS_01,LOC_CS_0556
LIM_CS_01,LOC_CS_0557
LIM_CS_01,LOC_CS_0558
LIM_CS_01,LOC_CS_0559
LIM_CS_01,LOC_CS_0560
LIM_CS_01,LOC_CS_0561
LIM_CS_01,LOC_CS_0562
LIM_CS_01,LOC_CS_0563
LIM_CS_01,LOC_CS_0564
LIM_CS_01,LOC_CS_0565
LIM_CS_01,LOC_CS_0566
LIM_CS_01,LOC_CS_0567
LIM_CS_01,LOC_CS_0568
LIM_CS_01,LOC_CS_0569
LIM_CS_01,LOC_CS_0570
LIM_CS_01,LOC_CS_0571
LIM_CS_01,LOC_CS_0572
LIM_CS_01,LOC_CS_0573
LIM_CS_01,LOC_CS_0574
LIM_CS_01,LOC_CS_0575
LIM_CS_01,LOC_CS_0576
LIM_CS_01,LOC_CS_0577
LIM_CS_01,LOC_CS_0578
LIM_CS_01,LOC_CS_0579
LIM_CS_01,LOC_CS_0580
LIM_CS_01,LOC_CS_0581
LIM_CS_01,LOC_CS_0582
LIM_CS_01,LOC_CS_0583
LIM_CS_01,LOC_CS_0584
LIM_CS_01,LOC_CS_0585
LIM_CS_01,LOC_CS_0586
LIM_CS_01,LOC_CS_0587
LIM_CS_01,LOC_CS_0588
LIM_CS_01,LOC_CS_0589
LIM_CS_01,LOC_CS_0590
LIM_CS_01,LOC_CS_0591
LIM_CS_01,LOC_CS_0592
LIM_CS_01,LOC_CS_0593
LIM_CS_01,LOC_CS_0594
LIM_CS_01,LOC_CS_0595
LIM_CS_01,LOC_CS_0596
LIM_CS_01,LOC_CS_0597
LIM_CS_01,LOC_CS_0598
LIM_CS_01,LOC_CS_0599
LIM_CS_01,LOC_CS_0600
LIM_CS_01,LOC_CS_0601
LIM_CS_01,LOC_CS_0602
LIM_CS_01,LOC_CS_0603
LIM_CS_01,LOC_CS_0604
LIM_CS_01,LOC_CS_0605
LIM_CS_01,LOC_CS_0606
LIM_CS_01,LOC_CS_0607
LIM_CS_01,LOC_CS_0608
LIM_CS_01,LOC_CS_0609
LIM_CS_01,LOC_CS_0610
LIM_CS_01,LOC_CS_0611
LIM_CS_01,LOC_CS_0612
LIM_CS_01,LOC_CS_0613
LIM_CS_01,LOC_CS_0614
LIM_CS_01,LOC_CS_0615
LIM_CS_01,LOC_CS_0616
LIM_CS_01,LOC_CS_0617
LIM_CS_01,LOC_CS_0618
LIM_CS_01,LOC_CS_0619
LIM_CS_01,LOC_CS_0620
LIM_CS_01,LOC_CS_0621
LIM_CS_01,LOC_CS_0622
LIM_CS_01,LOC_CS_0623
LIM_CS_01,LOC_CS_0624
LIM_CS_01,LOC_CS_0625
LIM_CS_01,LOC_CS_0626
LIM_CS_01,LOC_CS_0627
LIM_CS_01,LOC_CS_0628
LIM_CS_01,LOC_CS_0629
LIM_CS_01,LOC_CS_0630
LIM_CS_01,LOC_CS_0631
LIM_CS_01,LOC_CS_0632
LIM_CS_01,LOC_CS_0633
LIM_CS_01,LOC_CS_0634
LIM_CS_01,LOC_CS_0635
LIM_CS_01,LOC_CS_0636
LIM_CS_01,LOC_CS_0637
LIM_CS_01,LOC_CS_0638
LIM_CS_01,LOC_CS_0639
LIM_CS_01,LOC_CS_0640
LIM_CS_01,LOC_CS_0641
LIM_CS_01,LOC_CS_0642
LIM_CS_01,LOC_CS_0643
LIM_CS_01,LOC_CS_0644
LIM_CS_01,LOC_CS_0645
LIM_CS_01,LOC_CS_0646
LIM_CS_01,LOC_CS_0647
LIM_CS_01,LOC_CS_0648
LIM_CS_01,LOC_CS_0649
LIM_CS_01,LOC_CS_0650
LIM_CS_01,LOC_CS_0651
LIM_CS_01,LOC_CS_0652
LIM_CS_01,LOC_CS_0653
LIM_CS_01,LOC_CS_0654
LIM_CS_01,LOC_CS_0655
LIM_CS_01,LOC_CS_0656
LIM_CS_01,LOC_CS_0657
LIM_CS_01,LOC_CS_0658
LIM_CS_01,LOC_CS_0659
LIM_CS_01,LOC_CS_0660
LIM_CS_01,LOC_CS_0661
LIM_CS_01,LOC_CS_0662
LIM_CS_01,LOC_CS_0663
LIM_CS_01,LOC_CS_0664
LIM_CS_01,LOC_CS_0665
LIM_CS_01,LOC_CS_0666
LIM_CS_01,LOC_CS_0667
LIM_CS_01,LOC_CS_0668
LIM_CS_01,LOC_CS_0669
LIM_CS_01,LOC_CS_0670
LIM_CS_01,LOC_CS_0671
LIM_CS_01,LOC_CS_0672
LIM_CS_01,LOC_CS_0673
LIM_CS_01,LOC_CS_0674
LIM_CS_01,LOC_CS_0675
LIM_CS_01,LOC_CS_0676
LIM_CS_01,LOC_CS_0677
LIM_CS_01,LOC_CS_0678
LIM_CS_01,LOC_CS_0679
LIM_CS_01,LOC_CS_0680
LIM_CS_01,LOC_CS_0681
LIM_CS_01,LOC_CS_0682
LIM_CS_01,LOC_CS_0683
LIM_CS_01,LOC_CS_0684
LIM_CS_01,LOC_CS_0685
LIM_CS_01,LOC_CS_0686
LIM_CS_01,LOC_CS_0687
LIM_CS_01,LOC_CS_0688
LIM_CS_01,LOC_CS_0689
LIM_CS_01,LOC_CS_0690
LIM_CS_01,LOC_CS_0691
LIM_CS_01,LOC_CS_0692
LIM_CS_01,LOC_CS_0693
LIM_CS_01,LOC_CS_0694
LIM_CS_01,LOC_CS_0695
LIM_CS_01,LOC_CS_0696
LIM_CS_01,LOC_CS_0697
LIM_CS_01,LOC_CS_0698
LIM_CS_01,LOC_CS_0699
LIM_CS_01,LOC_CS_0700
LIM_CS_01,LOC_CS_0701
LIM_CS_01,LOC_CS_0702
LIM_CS_01,LOC_CS_0703
LIM_CS_01,LOC_CS_0704
LIM_CS_01,LOC_CS_0705
LIM_CS_01,LOC_CS_0706
LIM_CS_01,LOC_CS_0707
LIM_CS_01,LOC_CS_0708
LIM_CS_01,LOC_CS_0709
LIM_CS_01,LOC_CS_0710
LIM_CS_01,LOC_CS_0711
LIM_CS_01,LOC_CS_0712
LIM_CS_01,LOC_CS_0713
LIM_CS_01,LOC_CS_0714
LIM_CS_01,LOC_CS_0715
LIM_CS_01,LOC_CS_0716
LIM_CS_01,LOC_CS_0717
LIM_CS_01,LOC_CS_0718
LIM_CS_01,LOC_CS_0719
LIM_CS_01,LOC_CS_0720
LIM_CS_01,LOC_CS_0721
LIM_CS_01,LOC_CS_0722
LIM_CS_01,LOC_CS_0723
LIM_CS_01,LOC_CS_0724
LIM_CS_01,LOC_CS_0725
LIM_CS_01,LOC_CS_0726
LIM_CS_01,LOC_CS_0727
LIM_CS_01,LOC_CS_0728
LIM_CS_01,LOC_CS_0729
LIM_CS_01,LOC_CS_0730
LIM_CS_01,LOC_CS_0731
LIM_CS_01,LOC_CS_0732
LIM_CS_01,LOC_CS_0733
LIM_CS_01,LOC_CS_0734
LIM_CS_01,LOC_CS_0735
LIM_CS_01,LOC_CS_0736
LIM_CS_01,LOC_CS_0737
LIM_CS_01,LOC_CS_0738
LIM_CS_01,LOC_CS_0739
LIM_CS_01,LOC_CS_0740
LIM_CS_01,LOC_CS_0741
LIM_CS_01,LOC_CS_0742
LIM_CS_01,LOC_CS_0743
LIM_CS_01,LOC_CS_0744
LIM_CS_01,LOC_CS_0745
LIM_CS_01,LOC_CS_0746
LIM_CS_01,LOC_CS_0747
LIM_CS_01,LOC_CS_0748
LIM_CS_01,LOC_CS_0749
LIM_CS_01,LOC_CS_0750
LIM_CS_01,LOC_CS_0751
LIM_CS_01,LOC_CS_0752
LIM_CS_01,LOC_CS_0753
LIM_CS_01,LOC_CS_0754
LIM_CS_01,LOC_CS_0755
LIM_CS_01,LOC_CS_0756
LIM_CS_01,LOC_CS_0757
LIM_CS_01,LOC_CS_0758
LIM_CS_01,LOC_CS_0759
LIM_CS_01,LOC_CS_0760
LIM_CS_01,LOC_CS_0761
LIM_CS_01,LOC_CS_0762
LIM_CS_01,LOC_CS_0763
LIM_CS_01,LOC_CS_0764
LIM_CS_01,LOC_CS_0765
LIM_CS_01,LOC_CS_0766
LIM_CS_01,LOC_CS_0767
LIM_CS_01,LOC_CS_0768
LIM_CS_01,LOC_CS_0769
LIM_CS_01,LOC_CS_0770
LIM_CS_01,LOC_CS_0771
LIM_CS_01,LOC_CS_0772
LIM_CS_01,LOC_CS_0773
LIM_CS_01,LOC_CS_0774
LIM_CS_01,LOC_CS_0775
LIM_CS_01,LOC_CS_0776
LIM_CS_01,LOC_CS_0777
LIM_CS_01,LOC_CS_0778
LIM_CS_01,LOC_CS_0779
LIM_CS_01,LOC_CS_0780
LIM_CS_01,LOC_CS_0781
LIM_CS_01,LOC_CS_0782
LIM_CS_01,LOC_CS_0783
LIM_CS_01,LOC_CS_0784
LIM_CS_01,LOC_CS_0785
LIM_CS_01,LOC_CS_0786
LIM_CS_01,LOC_CS_0787
LIM_CS_01,LOC_CS_0788
LIM_CS_01,LOC_CS_0789
LIM_CS_01,LOC_CS_0790
LIM_CS_01,LOC_CS_0791
LIM_CS_01,LOC_CS_0792
LIM_CS_01,LOC_CS_0793
LIM_CS_01,LOC_CS_0794
LIM_CS_01,LOC_CS_0795
LIM_CS_01,LOC_CS_0796
LIM_CS_01,LOC_CS_0797
LIM_CS_01,LOC_CS_0798
LIM_CS_01,LOC_CS_0799
LIM_CS_01,LOC_CS_0800
LIM_CS_01,LOC_CS_0801
LIM_CS_01,LOC_CS_0802
LIM_CS_01,LOC_CS_0803
LIM_CS_01,LOC_CS_0804
LIM_CS_01,LOC_CS_0805
LIM_CS_01,LOC_CS_0806
LIM_CS_01,LOC_CS_0807
LIM_CS_01,LOC_CS_0808
LIM_CS_01,LOC_CS_0809
LIM_CS_01,LOC_CS_0810
LIM_CS_01,LOC_CS_0811
LIM_CS_01,LOC_CS_0812
LIM_CS_01,LOC_CS_0813
LIM_CS_01,LOC_CS_0814
LIM_CS_01,LOC_CS_0815
LIM_CS_01,LOC_CS_0816
LIM_CS_01,LOC_CS_0817
LIM_CS_01,LOC_CS_0818
LIM_CS_01,LOC_CS_0819
LIM_CS_01,LOC_CS_0820
LIM_CS_01,LOC_CS_0821
LIM_CS_01,LOC_CS_0822
LIM_CS_01,LOC_CS_0823
LIM_CS_01,LOC_CS_0824
LIM_CS_01,LOC_CS_0825
LIM_CS_01,LOC_CS_0826
LIM_CS_01,LOC_CS_0827
LIM_CS_01,LOC_CS_0828
LIM_CS_01,LOC_CS_0829
LIM_CS_01,LOC_CS_0830
LIM_CS_01,LOC_CS_0831
LIM_CS_01,LOC_CS_0832
LIM_CS_01,LOC_CS_0833
LIM_CS_01,LOC_CS_0834
LIM_CS_01,LOC_CS_0835
LIM_CS_01,LOC_CS_0836
LIM_CS_01,LOC_CS_0837
LIM_CS_01,LOC_CS_0838
LIM_CS_01,LOC_CS_0839
LIM_CS_01,LOC_CS_0840
LIM_CS_01,LOC_CS_0841
LIM_CS_01,LOC_CS_0842
LIM_CS_01,LOC_CS_0843
LIM_CS_01,LOC_CS_0844
LIM_CS_01,LOC_CS_0845
LIM_CS_01,LOC_CS_0846
LIM_CS_01,LOC_CS_0847
LIM_CS_01,LOC_CS_0848
LIM_CS_01,LOC_CS_0849
LIM_CS_01,LOC_CS_0850
LIM_CS_01,LOC_CS_0851
LIM_CS_01,LOC_CS_0852
LIM_CS_01,LOC_CS_0853
LIM_CS_01,LOC_CS_0854
LIM_CS_01,LOC_CS_0855
LIM_CS_01,LOC_CS_0856
LIM_CS_01,LOC_CS_0857
LIM_CS_01,LOC_CS_0858
LIM_CS_01,LOC_CS_0859
LIM_CS_01,LOC_CS_0860
LIM_CS_01,LOC_CS_0861
LIM_CS_01,LOC_CS_0862
LIM_CS_01,LOC_CS_0863
LIM_CS_01,LOC_CS_0864
LIM_CS_01,LOC_CS_0865
LIM_CS_01,LOC_CS_0866
LIM_CS_01,LOC_CS_0867
LIM_CS_01,LOC_CS_0868
LIM_CS_01,LOC_CS_0869
LIM_CS_01,LOC_CS_0870
LIM_CS_01,LOC_CS_0871
LIM_CS_01,LOC_CS_0872
LIM_CS_01,LOC_CS_0873
LIM_CS_01,LOC_CS_0874
LIM_CS_01,LOC_CS_0875
LIM_CS_01,LOC_CS_0876
LIM_CS_01,LOC_CS_0877
LIM_CS_01,LOC_CS_0878
LIM_CS_01,LOC_CS_0879
LIM_CS_01,LOC_CS_0880
LIM_CS_01,LOC_CS_0881
LIM_CS_01,LOC_CS_0882
LIM_CS_01,LOC_CS_0883
LIM_CS_01,LOC_CS_0884
LIM_CS_01,LOC_CS_0885
LIM_CS_01,LOC_CS_0886
LIM_CS_01,LOC_CS_0887
LIM_CS_01,LOC_CS_0888
LIM_CS_01,LOC_CS_0889
LIM_CS_01,LOC_CS_0890
LIM_CS_01,LOC_CS_0891
LIM_CS_01,LOC_CS_0892
LIM_CS_01,LOC_CS_0893
LIM_CS_01,LOC_CS_0894
LIM_CS_01,LOC_CS_0895
LIM_CS_01,LOC_CS_0896
LIM_CS_01,LOC_CS_0897
LIM_CS_01,LOC_CS_0898
LIM_CS_01,LOC_CS_0899
LIM_CS_01,LOC_CS_0900
LIM_CS_01,LOC_CS_0901
LIM_CS_01,LOC_CS_0902
LIM_CS_01,LOC_CS_0903
LIM_CS_01,LOC_CS_0904
LIM_CS_01,LOC_CS_0905
LIM_CS_01,LOC_CS_0906
LIM_CS_01,LOC_CS_0907
LIM_CS_01,LOC_CS_0908
LIM_CS_01,LOC_CS_0909
LIM_CS_01,LOC_CS_0910
LIM_CS_01,LOC_CS_0911
LIM_CS_01,LOC_CS_0912
LIM_CS_01,LOC_CS_0913
LIM_CS_01,LOC_CS_0914
LIM_CS_01,LOC_CS_0915
LIM_CS_01,LOC_CS_0916
LIM_CS_01,LOC_CS_0917
LIM_CS_01,LOC_CS_0918
LIM_CS_01,LOC_CS_0919
LIM_CS_01,LOC_CS_0920
LIM_CS_01,LOC_CS_0921
LIM_CS_01,LOC_CS_0922
LIM_CS_01,LOC_CS_0923
LIM_CS_01,LOC_CS_0924
LIM_CS_01,LOC_CS_0925
LIM_CS_01,LOC_CS_0926
LIM_CS_01,LOC_CS_0927
LIM_CS_01,LOC_CS_0928
LIM_CS_01,LOC_CS_0929
LIM_CS_01,LOC_CS_0930
LIM_CS_01,LOC_CS_0931
LIM_CS_01,LOC_CS_0932
LIM_CS_01,LOC_CS_0933
LIM_CS_01,LOC_CS_0934
LIM_CS_01,LOC_CS_0935
LIM_CS_01,LOC_CS_0936
LIM_CS_01,LOC_CS_0937
LIM_CS_01,LOC_CS_0938
LIM_CS_01,LOC_CS_0939
LIM_CS_01,LOC_CS_0940
LIM_CS_01,LOC_CS_0941
LIM_CS_01,LOC_CS_0942
LIM_CS_01,LOC_CS_0943
LIM_CS_01,LOC_CS_0944
LIM_CS_01,LOC_CS_0945
LIM_CS_01,LOC_CS_0946
LIM_CS_01,LOC_CS_0947
LIM_CS_01,LOC_CS_0948
LIM_CS_01,LOC_CS_0949
LIM_CS_01,LOC_CS_0950
LIM_CS_01,LOC_CS_0951
LIM_CS_01,LOC_CS_0952
LIM_CS_01,LOC_CS_0953
LIM_CS_01,LOC_CS_0954
LIM_CS_01,LOC_CS_0955
LIM_CS_01,LOC_CS_0956
LIM_CS_01,LOC_CS_0957
LIM_CS_01,LOC_CS_0958
LIM_CS_01,LOC_CS_0959
LIM_CS_01,LOC_CS_0960
LIM_CS_01,LOC_CS_0961
LIM_CS_01,LOC_CS_0962
LIM_CS_01,LOC_CS_0963
LIM_CS_01,LOC_CS_0964
LIM_CS_01,LOC_CS_0965
LIM_CS_01,LOC_CS_0966
LIM_CS_01,LOC_CS_0967
LIM_CS_01,LOC_CS_0968
LIM_CS_01,LOC_CS_0969
LIM_CS_01,LOC_CS_0970
LIM_CS_01,LOC_CS_0971
LIM_CS_01,LOC_CS_0972
LIM_CS_01,LOC_CS_0973
LIM_CS_01,LOC_CS_0974
LIM_CS_01,LOC_CS_0975
LIM_CS_01,LOC_CS_0976
LIM_CS_01,LOC_CS_0977
LIM_CS_01,LOC_CS_0978
LIM_CS_01,LOC_CS_0979
LIM_CS_01,LOC_CS_0980
LIM_CS_01,LOC_CS_0981
LIM_CS_01,LOC_CS_0982
LIM_CS_01,LOC_CS_0983
LIM_CS_01,LOC_CS_0984
LIM_CS_01,LOC_CS_0985
LIM_CS_01,LOC_CS_0986
LIM_CS_01,LOC_CS_0987
LIM_CS_01,LOC_CS_0988
LIM_CS_01,LOC_CS_0989
LIM_CS_01,LOC_CS_0990
LIM_CS_01,LOC_CS_0991
LIM_CS_01,LOC_CS_0992
LIM_CS_01,LOC_CS_0993
LIM_CS_01,LOC_CS_0994
LIM_CS_01,LOC_CS_0995
LIM_CS_01,LOC_CS_0996
LIM_CS_01,LOC_CS_0997
LIM_CS_01,LOC_CS_0998
LIM_CS_01,LOC_CS_0999
LIM_CS_01,LOC_CS_1000
LIM_CS_01,LOC_CS_1001
LIM_CS_01,LOC_CS_1002
LIM_CS_01,LOC_CS_1003
LIM_CS_01,LOC_CS_1004
LIM_CS_01,LOC_CS_1005
LIM_CS_01,LOC_CS_1006
LIM_CS_01,LOC_CS_1007
LIM_CS_01,LOC_CS_1008
LIM_CS_01,LOC_CS_1009
LIM_CS_01,LOC_CS_1010
LIM_CS_01,LOC_CS_1011
LIM_CS_01,LOC_CS_1012
LIM_CS_01,LOC_CS_1013
LIM_CS_01,LOC_CS_1014
LIM_CS_01,LOC_CS_1015
LIM_CS_01,LOC_CS_1016
LIM_CS_01,LOC_CS_1017
LIM_CS_01,LOC_CS_1018
LIM_CS_01,LOC_CS_1019
LIM_CS_01,LOC_CS_1020
LIM_CS_01,LOC_CS_1021
LIM_CS_01,LOC_CS_1022
LIM_CS_01,LOC_CS_1023
LIM_CS_01,LOC_CS_1024
LIM_CS_01,LOC_CS_1025
LIM_CS_01,LOC_CS_1026
LIM_CS_01,LOC_CS_1027
LIM_CS_01,LOC_CS_1028
LIM_CS_01,LOC_CS_1029
LIM_CS_01,LOC_CS_1030
LIM_CS_01,LOC_CS_1031
LIM_CS_01,LOC_CS_1032
LIM_CS_01,LOC_CS_1033
LIM_CS_01,LOC_CS_1034
LIM_CS_01,LOC_CS_1035
LIM_CS_01,LOC_CS_1036
LIM_CS_01,LOC_CS_1037
LIM_CS_01,LOC_CS_1038
LIM_CS_01,LOC_CS_1039
LIM_CS_01,LOC_CS_1040
LIM_CS_01,LOC_CS_1041
LIM_CS_01,LOC_CS_1042
LIM_CS_01,LOC_CS_1043
LIM_CS_01,LOC_CS_1044
LIM_CS_01,LOC_CS_1045
LIM_CS_01,LOC_CS_1046
LIM_CS_01,LOC_CS_1047
LIM_CS_01,LOC_CS_1048
LIM_CS_01,LOC_CS_1049
LIM_CS_01,LOC_CS_1050
LIM_CS_01,LOC_CS_1051
LIM_CS_01,LOC_CS_1052
LIM_CS_01,LOC_CS_1053
LIM_CS_01,LOC_CS_1054
LIM_CS_01,LOC_CS_1055
LIM_CS_01,LOC_CS_1056
LIM_CS_01,LOC_CS_1057
LIM_CS_01,LOC_CS_1058
LIM_CS_01,LOC_CS_1059
LIM_CS_01,LOC_CS_1060
LIM_CS_01,LOC_CS_1061
LIM_CS_01,LOC_CS_1062
LIM_CS_01,LOC_CS_1063
LIM_CS_01,LOC_CS_1064
LIM_CS_01,LOC_CS_1065
LIM_CS_01,LOC_CS_1066
LIM_CS_01,LOC_CS_1067
LIM_CS_01,LOC_CS_1068
LIM_CS_01,LOC_CS_1069
LIM_CS_01,LOC_CS_1070
LIM_CS_01,LOC_CS_1071
LIM_CS_01,LOC_CS_1072
LIM_CS_01,LOC_CS_1073
LIM_CS_01,LOC_CS_1074
LIM_CS_01,LOC_CS_1075
LIM_CS_01,LOC_CS_1076
LIM_CS_01,LOC_CS_1077
LIM_CS_01,LOC_CS_1078
LIM_CS_01,LOC_CS_1079
LIM_CS_01,LOC_CS_1080
LIM_CS_01,LOC_CS_1081
LIM_CS_01,LOC_CS_1082
LIM_CS_01,LOC_CS_1083
LIM_CS_01,LOC_CS_1084
LIM_CS_01,LOC_CS_1085
LIM_CS_01,LOC_CS_1086
LIM_CS_01,LOC_CS_1087
LIM_CS_01,LOC_CS_1088
LIM_CS_01,LOC_CS_1089
LIM_CS_01,LOC_CS_1090
LIM_CS_01,LOC_CS_1091
LIM_CS_01,LOC_CS_1092
LIM_CS_01,LOC_CS_1093
LIM_CS_01,LOC_CS_1094
LIM_CS_01,LOC_CS_1095
LIM_CS_01,LOC_CS_1096
LIM_CS_01,LOC_CS_1097
LIM_CS_01,LOC_CS_1098
LIM_CS_01,LOC_CS_1099
LIM_CS_01,LOC_CS_1100
LIM_CS_01,LOC_CS_1101
LIM_CS_01,LOC_CS_1102
LIM_CS_01,LOC_CS_1103
LIM_CS_01,LOC_CS_1104
LIM_CS_01,LOC_CS_1105
LIM_CS_01,LOC_CS_1106
LIM_CS_01,LOC_CS_1107
LIM_CS_01,LOC_CS_1108
LIM_CS_01,LOC_CS_1109
LIM_CS_01,LOC_CS_1110
LIM_CS_01,LOC_CS_1111
LIM_CS_01,LOC_CS_1112
LIM_CS_01,LOC_CS_1113
LIM_CS_01,LOC_CS_1114
LIM_CS_01,LOC_CS_1115
LIM_CS_01,LOC_CS_1116
LIM_CS_01,LOC_CS_1117
LIM_CS_01,LOC_CS_1118
LIM_CS_01,LOC_CS_1119
LIM_CS_01,LOC_CS_1120
LIM_CS_01,LOC_CS_1121
LIM_CS_01,LOC_CS_1122
LIM_CS_01,LOC_CS_1123
LIM_CS_01,LOC_CS_1124
LIM_CS_01,LOC_CS_1125
LIM_CS_01,LOC_CS_1126
LIM_CS_01,LOC_CS_1127
LIM_CS_01,LOC_CS_1128
LIM_CS_01,LOC_CS_1129
LIM_CS_01,LOC_CS_1130
LIM_CS_01,LOC_CS_1131
LIM_CS_01,LOC_CS_1132
LIM_CS_01,LOC_CS_1133
LIM_CS_01,LOC_CS_1134
LIM_CS_01,LOC_CS_1135
LIM_CS_01,LOC_CS_1136
LIM_CS_01,LOC_CS_1137
LIM_CS_01,LOC_CS_1138
LIM_CS_01,LOC_CS_1139
LIM_CS_01,LOC_CS_1140
LIM_CS_01,LOC_CS_1141
LIM_CS_01,LOC_CS_1142
LIM_CS_01,LOC_CS_1143
LIM_CS_01,LOC_CS_1144
LIM_CS_01,LOC_CS_1145
LIM_CS_01,LOC_CS_1146
LIM_CS_01,LOC_CS_1147
LIM_CS_01,LOC_CS_1148
LIM_CS_01,LOC_CS_1149
LIM_CS_01,LOC_CS_1150
LIM_CS_01,LOC_CS_1151
LIM_CS_01,LOC_CS_1152
LIM_CS_01,LOC_CS_1153
LIM_CS_01,LOC_CS_1154
LIM_CS_01,LOC_CS_1155
LIM_CS_01,LOC_CS_1156
LIM_CS_01,LOC_CS_1157
LIM_CS_01,LOC_CS_1158
LIM_CS_01,LOC_CS_1159
LIM_CS_01,LOC_CS_1160
LIM_CS_01,LOC_CS_1161
LIM_CS_01,LOC_CS_1162
LIM_CS_01,LOC_CS_1163
LIM_CS_01,LOC_CS_1164
LIM_CS_01,LOC_CS_1165
LIM_CS_01,LOC_CS_1166
LIM_CS_01,LOC_CS_1167
LIM_CS_01,LOC_CS_1168
LIM_CS_01,LOC_CS_1169
LIM_CS_01,LOC_CS_1170
LIM_CS_01,LOC_CS_1171
LIM_CS_01,LOC_CS_1172
LIM_CS_01,LOC_CS_1173
LIM_CS_01,LOC_CS_1174
LIM_CS_01,LOC_CS_1175
LIM_CS_01,LOC_CS_1176
LIM_CS_01,LOC_CS_1177
LIM_CS_01,LOC_CS_1178
LIM_CS_01,LOC_CS_1179
LIM_CS_01,LOC_CS_1180
LIM_CS_01,LOC_CS_1181
LIM_CS_01,LOC_CS_1182
LIM_CS_01,LOC_CS_1183
LIM_CS_01,LOC_CS_1184
LIM_CS_01,LOC_CS_1185
LIM_CS_01,LOC_CS_1186
LIM_CS_01,LOC_CS_1187
LIM_CS_01,LOC_CS_1188
LIM_CS_01,LOC_CS_1189
LIM_CS_01,LOC_CS_1190
LIM_CS_01,LOC_CS_1191
LIM_CS_01,LOC_CS_1192
LIM_CS_01,LOC_CS_1193
LIM_CS_01,LOC_CS_1194
LIM_CS_01,LOC_CS_1195
LIM_CS_01,LOC_CS_1196
LIM_CS_01,LOC_CS_1197
LIM_CS_01,LOC_CS_1198
LIM_CS_01,LOC_CS_1199
LIM_CS_01,LOC_CS_1200
LIM_CS_01,LOC_CS_1201
LIM_CS_01,LOC_CS_1202
LIM_CS_01,LOC_CS_1203
LIM_CS_01,LOC_CS_1204
LIM_CS_01,LOC_CS_1205
LIM_CS_01,LOC_CS_1206
LIM_CS_01,LOC_CS_1207
LIM_CS_01,LOC_CS_1208
LIM_CS_01,LOC_CS_1209
LIM_CS_01,LOC_CS_1210
LIM_CS_01,LOC_CS_1211
LIM_CS_01,LOC_CS_1212
LIM_CS_01,LOC_CS_1213
LIM_CS_01,LOC_CS_1214
LIM_CS_01,LOC_CS_1215
LIM_CS_01,LOC_CS_1216
LIM_CS_01,LOC_CS_1217
LIM_CS_01,LOC_CS_1218
LIM_CS_01,LOC_CS_1219
LIM_CS_01,LOC_CS_1220
LIM_CS_01,LOC_CS_1221
LIM_CS_01,LOC_CS_1222
LIM_CS_01,LOC_CS_1223
LIM_CS_01,LOC_CS_1224
LIM_CS_01,LOC_CS_1225
LIM_CS_01,LOC_CS_1226
LIM_CS_01,LOC_CS_1227
LIM_CS_01,LOC_CS_1228
LIM_CS_01,LOC_CS_1229
LIM_CS_01,LOC_CS_1230
LIM_CS_01,LOC_CS_1231
LIM_CS_01,LOC_CS_1232
LIM_CS_01,LOC_CS_1233
LIM_CS_01,LOC_CS_1234
LIM_CS_01,LOC_CS_1235
LIM_CS_01,LOC_CS_1236
LIM_CS_01,LOC_CS_1237
LIM_CS_01,LOC_CS_1238
LIM_CS_01,LOC_CS_1239
LIM_CS_01,LOC_CS_1240
LIM_CS_01,LOC_CS_1241
LIM_CS_01,LOC_CS_1242
LIM_CS_01,LOC_CS_1243
LIM_CS_01,LOC_CS_1244
LIM_CS_01,LOC_CS_1245
LIM_CS_01,LOC_CS_1246
LIM_CS_01,LOC_CS_1247
LIM_CS_01,LOC_CS_1248
LIM_CS_01,LOC_CS_1249
LIM_CS_01,LOC_CS_1250
LIM_CS_01,LOC_CS_1251
LIM_CS_01,LOC_CS_1252
LIM_CS_01,LOC_CS_1253
LIM_CS_01,LOC_CS_1254
LIM_CS_01,LOC_CS_1255
LIM_CS_01,LOC_CS_1256
LIM_CS_01,LOC_CS_1257
LIM_CS_01,LOC_CS_1258
LIM_CS_01,LOC_CS_1259
LIM_CS_01,LOC_CS_1260
LIM_CS_01,LOC_CS_1261
LIM_CS_01,LOC_CS_1262
LIM_CS_01,LOC_CS_1263
LIM_CS_01,LOC_CS_1264
LIM_CS_01,LOC_CS_1265
LIM_CS_01,LOC_CS_1266
LIM_CS_01,LOC_CS_1267
LIM_CS_01,LOC_CS_1268
LIM_CS_01,LOC_CS_1269
LIM_CS_01,LOC_CS_1270
LIM_CS_01,LOC_CS_1271
LIM_CS_01,LOC_CS_1272
LIM_CS_01,LOC_CS_1273
LIM_CS_01,LOC_CS_1274
LIM_CS_01,LOC_CS_1275
LIM_CS_01,LOC_CS_1276
LIM_CS_01,LOC_CS_1277
LIM_CS_01,LOC_CS_1278
LIM_CS_01,LOC_CS_1279
LIM_CS_01,LOC_CS_1280
LIM_CS_01,LOC_CS_1281
LIM_CS_01,LOC_CS_1282
LIM_CS_01,LOC_CS_1283
LIM_CS_01,LOC_CS_1284
LIM_CS_01,LOC_CS_1285
LIM_CS_01,LOC_CS_1286
LIM_CS_01,LOC_CS_1287
LIM_CS_01,LOC_CS_1288
LIM_CS_01,LOC_CS_1289
LIM_CS_01,LOC_CS_1290
LIM_CS_01,LOC_CS_1291
LIM_CS_01,LOC_CS_1292
LIM_CS_01,LOC_CS_1293
LIM_CS_01,LOC_CS_1294
LIM_CS_01,LOC_CS_1295
LIM_CS_01,LOC_CS_1296
LIM_CS_01,LOC_CS_1297
LIM_CS_01,LOC_CS_1298
LIM_CS_01,LOC_CS_1299
LIM_CS_01,LOC_CS_1300
LIM_CS_01,LOC_CS_1301
LIM_CS_01,LOC_CS_1302
LIM_CS_01,LOC_CS_1303
LIM_CS_01,LOC_CS_1304
LIM_CS_01,LOC_CS_1305
LIM_CS_01,LOC_CS_1306
LIM_CS_01,LOC_CS_1307
LIM_CS_01,LOC_CS_1308
LIM_CS_01,LOC_CS_1309
LIM_CS_01,LOC_CS_1310
LIM_CS_01,LOC_CS_1311
LIM_CS_01,LOC_CS_1312
LIM_CS_01,LOC_CS_1313
LIM_CS_01,LOC_CS_1314
LIM_CS_01,LOC_CS_1315
LIM_CS_01,LOC_CS_1316
LIM_CS_01,LOC_CS_1317
LIM_CS_01,LOC_CS_1318
LIM_CS_01,LOC_CS_1319
LIM_CS_01,LOC_CS_1320
LIM_CS_01,LOC_CS_1321
LIM_CS_01,LOC_CS_1322
LIM_CS_01,LOC_CS_1323
LIM_CS_01,LOC_CS_1324
LIM_CS_01,LOC_CS_1325
LIM_CS_01,LOC_CS_1326
LIM_CS_01,LOC_CS_1327
LIM_CS_01,LOC_CS_1328
LIM_CS_01,LOC_CS_1329
LIM_CS_01,LOC_CS_1330
LIM_CS_01,LOC_CS_1331
LIM_CS_01,LOC_CS_1332
LIM_CS_01,LOC_CS_1333
LIM_CS_01,LOC_CS_1334
LIM_CS_01,LOC_CS_1335
LIM_CS_01,LOC_CS_1336
LIM_CS_01,LOC_CS_1337
LIM_CS_01,LOC_CS_1338
LIM_CS_01,LOC_CS_1339
LIM_CS_01,LOC_CS_1340
LIM_CS_01,LOC_CS_1341
LIM_CS_01,LOC_CS_1342
LIM_CS_01,LOC_CS_1343
LIM_CS_01,LOC_CS_1344
LIM_CS_01,LOC_CS_1345
LIM_CS_01,LOC_CS_1346
LIM_CS_01,LOC_CS_1347
LIM_CS_01,LOC_CS_1348
LIM_CS_01,LOC_CS_1349
LIM_CS_01,LOC_CS_1350
LIM_CS_01,LOC_CS_1351
LIM_CS_01,LOC_CS_1352
LIM_CS_01,LOC_CS_1353
LIM_CS_01,LOC_CS_1354
LIM_CS_01,LOC_CS_1355
LIM_CS_01,LOC_CS_1356
LIM_CS_01,LOC_CS_1357
LIM_CS_01,LOC_CS_1358
LIM_CS_01,LOC_CS_1359
LIM_CS_01,LOC_CS_1360
LIM_CS_01,LOC_CS_1361
LIM_CS_01,LOC_CS_1362
LIM_CS_01,LOC_CS_1363
LIM_CS_01,LOC_CS_1364
LIM_CS_01,LOC_CS_1365
LIM_CS_01,LOC_CS_1366
LIM_CS_01,LOC_CS_1367
LIM_CS_01,LOC_CS_1368
LIM_CS_01,LOC_CS_1369
LIM_CS_01,LOC_CS_1370
LIM_CS_01,LOC_CS_1371
LIM_CS_01,LOC_CS_1372
LIM_CS_01,LOC_CS_1373
LIM_CS_01,LOC_CS_1374
LIM_CS_01,LOC_CS_1375
LIM_CS_01,LOC_CS_1376
LIM_CS_01,LOC_CS_1377
LIM_CS_01,LOC_CS_1378
LIM_CS_01,LOC_CS_1379
LIM_CS_01,LOC_CS_1380
LIM_CS_01,LOC_CS_1381
LIM_CS_01,LOC_CS_1382
LIM_CS_01,LOC_CS_1383
LIM_CS_01,LOC_CS_1384
LIM_CS_01,LOC_CS_1385
LIM_CS_01,LOC_CS_1386
LIM_CS_01,LOC_CS_1387
LIM_CS_01,LOC_CS_1388
LIM_CS_01,LOC_CS_1389
LIM_CS_01,LOC_CS_1390
LIM_CS_01,LOC_CS_1391
LIM_CS_01,LOC_CS_1392
LIM_CS_01,LOC_CS_1393
LIM_CS_01,LOC_CS_1394
LIM_CS_01,LOC_CS_1395
LIM_CS_01,LOC_CS_1396
LIM_CS_01,LOC_CS_1397
LIM_CS_01,LOC_CS_1398
LIM_CS_01,LOC_CS_1399
LIM_CS_01,LOC_CS_1400
LIM_CS_01,LOC_CS_1401
LIM_CS_01,LOC_CS_1402
LIM_CS_01,LOC_CS_1403
LIM_CS_01,LOC_CS_1404
LIM_CS_01,LOC_CS_1405
LIM_CS_01,LOC_CS_1406
LIM_CS_01,LOC_CS_1407
LIM_CS_01,LOC_CS_1408
LIM_CS_01,LOC_CS_1409
LIM_CS_01,LOC_CS_1410
LIM_CS_01,LOC_CS_1411
LIM_CS_01,LOC_CS_1412
LIM_CS_01,LOC_CS_1413
LIM_CS_01,LOC_CS_1414
LIM_CS_01,P_B_CS_03_PNG_1980
LIM_CS_06K,P_B_CS_02_PNG_1980
LIM_CS_06K,P_B_CS_03_PNG_1980
LIM_CS_06K,P_B_CS_01_PNG_1980
LIM_CS_06K,P_B_CS_02_PNG_1971
LIM_CS_06K,P_B_CS_02_PNG_1971
LIM_CS_06K,LOC_CS_0037
LIM_CS_07B,P_B_CS_02_PNG_1973
LIM_CS_07B,P_B_CS_01_PNG_1973
LIM_CS_07B,LOC_TS_0337
LIM_CS_06L,P_B_CS_A3_AUS_1971
LIM_CS_06L,P_B_CS_A10_AUS_1971
LIM_CS_06L,P_B_CS_A11_AUS_1971
LIM_CS_06L,P_B_CS_A4_AUS_1971
LIM_CS_06L,P_B_CS_A5_AUS_1971
LIM_CS_06L,P_B_CS_A6_AUS_1971
LIM_CS_06L,P_B_CS_A7_AUS_1971
LIM_CS_06L,P_B_CS_A8_AUS_1971
LIM_CS_06L,P_B_CS_A9_AUS_1971
LIM_CS_06L,P_B_CS_A12_AUS_1971
LIM_CS_06L,P_B_CS_A12_AUS_1971
LIM_CS_06L,P_B_CS_A13_AUS_1972
LIM_CS_06L,P_B_CS_A14_AUS_1972
LIM_CS_06L,P_B_CS_A15_AUS_1972
LIM_CS_06L,P_B_CS_A16_AUS_1972
LIM_CS_06L,P_B_CS_A17_AUS_1972
LIM_CS_06L,P_B_CS_A18_AUS_1972
LIM_CS_06L,P_B_CS_A19_AUS_1972
LIM_CS_06L,P_B_CS_A20_AUS_1972
LIM_CS_06L,P_B_CS_A21_AUS_1972
LIM_CS_06L,P_B_CS_A22_AUS_1972
LIM_CS_06L,P_B_CS_A23_AUS_1972
LIM_CS_06L,P_B_CS_A24_AUS_1972
LIM_CS_06L,P_B_CS_A25_AUS_1972
LIM_CS_06L,P_B_CS_A26_AUS_1997
LIM_CS_05,P_B_CS_A26_AUS_1997
LIM_CS_05,P_B_CS_A27_AUS_1997
LIM_CS_05,P_B_CS_A28_AUS_1997
LIM_CS_05,P_B_CS_A29_AUS_1997
LIM_CS_05,P_B_CS_A30_AUS_1997
LIM_CS_05,P_B_CS_A31_AUS_1997
LIM_CS_05,P_B_CS_A32_AUS_1997
LIM_CS_05,P_B_CS_A33_AUS_1997
LIM_CS_05,P_B_CS_A34_AUS_1997
LIM_CS_05,P_B_CS_A35_AUS_1997
LIM_CS_05,P_B_CS_A36_AUS_1997
LIM_CS_05,P_B_CS_A37_AUS_1997
LIM_CS_05,P_B_CS_A38_AUS_1997
LIM_CS_05,P_B_CS_A39_AUS_1997
LIM_CS_05,P_B_CS_A40_AUS_1997
LIM_CS_05,P_B_CS_A41_AUS_1997
LIM_CS_05,P_B_CS_A42_AUS_1997
LIM_CS_05,P_B_CS_A43_AUS_1997
LIM_CS_05,P_B_CS_A44_AUS_1997
LIM_CS_05,P_B_CS_A45_AUS_1997
LIM_CS_05,P_B_CS_A46_AUS_1997
LIM_CS_05,P_B_CS_A47_AUS_1997
LIM_CS_05,P_B_CS_A48_AUS_1997
LIM_CS_05,P_B_CS_A49_AUS_1997
LIM_CS_05,P_B_CS_A49_AUS_1997
LIM_CS_05,P_B_CS_A50_AUS_1997
LIM_CS_05,P_B_CS_A51_AUS_1997
LIM_CS_05,P_B_CS_A52_AUS_1997
LIM_CS_05,P_B_CS_A53_AUS_1997
LIM_CS_05,P_B_CS_A54_AUS_1997
LIM_CS_05,P_B_CS_A55_AUS_1997
LIM_CS_05,P_B_CS_A56_AUS_1997
LIM_CS_05,P_B_CS_A57_AUS_1997
LIM_CS_05,P_B_CS_A58_AUS_1997
LIM_CS_05,P_B_CS_A59_AUS_1997
LIM_CS_05,P_B_CS_A60_AUS_1997
LIM_CS_05,P_B_CS_A61_AUS_1997
LIM_CS_05,P_B_CS_A62_AUS_1997
LIM_CS_05,P_B_CS_A63_AUS_1997
LIM_CS_05,P_B_CS_A64_AUS_1997
LIM_CS_05,P_B_CS_A65_AUS_1997
LIM_CS_05,P_B_CS_A66_AUS_1997
LIM_CS_05,P_B_CS_A67_AUS_1997
LIM_CS_05,P_B_CS_A68_AUS_1997
LIM_CS_05,P_B_CS_A69_AUS_1997
LIM_CS_05,P_B_CS_A70_AUS_1997
LIM_CS_05,P_B_CS_A71_AUS_1997
LIM_CS_05,P_B_CS_A72_AUS_1997
LIM_CS_05,P_B_CS_A73_AUS_1997
LIM_CS_05,P_B_CS_A74_AUS_1997
LIM_CS_05,P_B_CS_A75_AUS_1997
LIM_CS_05,P_B_CS_A76_AUS_1997
LIM_CS_05,P_B_CS_A77_AUS_1997
LIM_CS_05,P_B_CS_A78_AUS_1997
LIM_CS_05,P_B_CS_A79_AUS_1997
LIM_CS_05,P_B_CS_A80_AUS_1997
LIM_CS_05,P_B_CS_A81_AUS_1997
LIM_CS_05,P_B_CS_A82_AUS_1997
LIM_CS_05,LOC_CS_4706
LIM_CS_01,LOC_CS_4706
LIM_CS_01,LOC_CS_3983
LIM_CS_01,LOC_CS_3984
LIM_CS_01,LOC_CS_3985
LIM_CS_01,LOC_CS_3986
LIM_CS_01,LOC_CS_3987
LIM_CS_01,LOC_CS_3988
LIM_CS_01,LOC_CS_3989
LIM_CS_01,LOC_CS_3990
LIM_CS_01,LOC_CS_3991
LIM_CS_01,LOC_CS_3992
LIM_CS_01,LOC_CS_3993
LIM_CS_01,LOC_CS_3994
LIM_CS_01,LOC_CS_3995
LIM_CS_01,LOC_CS_3996
LIM_CS_01,LOC_CS_3997
LIM_CS_01,LOC_CS_3998
LIM_CS_01,LOC_CS_3999
LIM_CS_01,LOC_CS_4000
LIM_CS_01,LOC_CS_4001
LIM_CS_01,LOC_CS_4002
LIM_CS_01,LOC_CS_4003
LIM_CS_01,LOC_CS_4004
LIM_CS_01,LOC_CS_4005
LIM_CS_01,LOC_CS_4006
LIM_CS_01,LOC_CS_4007
LIM_CS_01,LOC_CS_4008
LIM_CS_01,LOC_CS_4009
LIM_CS_01,LOC_CS_4010
LIM_CS_01,LOC_CS_4011
LIM_CS_01,LOC_CS_4012
LIM_CS_01,LOC_CS_4013
LIM_CS_01,LOC_CS_4014
LIM_CS_01,LOC_CS_4015
LIM_CS_01,LOC_CS_4016
LIM_CS_01,LOC_CS_4017
LIM_CS_01,LOC_CS_4018
LIM_CS_01,LOC_CS_4019
LIM_CS_01,LOC_CS_4020
LIM_CS_01,LOC_CS_4021
LIM_CS_01,LOC_CS_4022
LIM_CS_01,LOC_CS_4023
LIM_CS_01,LOC_CS_4024
LIM_CS_01,LOC_CS_4025
LIM_CS_01,LOC_CS_4026
LIM_CS_01,LOC_CS_4027
LIM_CS_01,LOC_CS_4028
LIM_CS_01,LOC_CS_4029
LIM_CS_01,LOC_CS_4030
LIM_CS_01,LOC_CS_4031
LIM_CS_01,LOC_CS_4032
LIM_CS_01,LOC_CS_4033
LIM_CS_01,LOC_CS_4034
LIM_CS_01,LOC_CS_4035
LIM_CS_01,LOC_CS_4036
LIM_CS_01,LOC_CS_4037
LIM_CS_01,LOC_CS_4038
LIM_CS_01,LOC_CS_4039
LIM_CS_01,LOC_CS_4040
LIM_CS_01,LOC_CS_4041
LIM_CS_01,LOC_CS_4042
LIM_CS_01,LOC_CS_4043
LIM_CS_01,LOC_CS_4044
LIM_CS_01,LOC_CS_4045
LIM_CS_01,LOC_CS_4046
LIM_CS_01,LOC_CS_4047
LIM_CS_01,LOC_CS_4048
LIM_CS_01,LOC_CS_4049
LIM_CS_01,LOC_CS_4050
LIM_CS_01,LOC_CS_4051
LIM_CS_01,LOC_CS_4052
LIM_CS_01,LOC_CS_4053
LIM_CS_01,LOC_CS_4054
LIM_CS_01,LOC_CS_4055
LIM_CS_01,LOC_CS_4056
LIM_CS_01,LOC_CS_4057
LIM_CS_01,LOC_CS_4058
LIM_CS_01,LOC_CS_4059
LIM_CS_01,LOC_CS_4060
LIM_CS_01,LOC_CS_4061
LIM_CS_01,LOC_CS_4062
LIM_CS_01,LOC_CS_4063
LIM_CS_01,LOC_CS_4064
LIM_CS_01,LOC_CS_4065
LIM_CS_01,LOC_CS_4066
LIM_CS_01,LOC_CS_4067
LIM_CS_01,LOC_CS_4068
LIM_CS_01,LOC_CS_4069
LIM_CS_01,LOC_CS_4070
LIM_CS_01,LOC_CS_4071
LIM_CS_01,LOC_CS_4072
LIM_CS_01,LOC_CS_4073
LIM_CS_01,LOC_CS_4074
LIM_CS_01,LOC_CS_4075
LIM_CS_01,LOC_CS_4076
LIM_CS_01,LOC_CS_4077
LIM_CS_01,LOC_CS_4078
LIM_CS_01,LOC_CS_4079
LIM_CS_01,LOC_CS_4080
LIM_CS_01,LOC_CS_4081
LIM_CS_01,LOC_CS_4082
LIM_CS_01,LOC_CS_4083
LIM_CS_01,LOC_CS_4084
LIM_CS_01,LOC_CS_4085
LIM_CS_01,LOC_CS_4086
LIM_CS_01,LOC_CS_4087
LIM_CS_01,LOC_CS_4088
LIM_CS_01,LOC_CS_4089
LIM_CS_01,LOC_CS_4090
LIM_CS_01,LOC_CS_4091
LIM_CS_01,LOC_CS_4092
LIM_CS_01,LOC_CS_4093
LIM_CS_01,LOC_CS_4094
LIM_CS_01,LOC_CS_4095
LIM_CS_01,LOC_CS_4096
LIM_CS_01,LOC_CS_4097
LIM_CS_01,LOC_CS_4098
LIM_CS_01,LOC_CS_4099
LIM_CS_01,LOC_CS_4100
LIM_CS_01,LOC_CS_4101
LIM_CS_01,LOC_CS_4102
LIM_CS_01,LOC_CS_4103
LIM_CS_01,LOC_CS_4104
LIM_CS_01,LOC_CS_4105
LIM_CS_01,LOC_CS_4106
LIM_CS_01,LOC_CS_4107
LIM_CS_01,LOC_CS_4108
LIM_CS_01,LOC_CS_4109
LIM_CS_01,LOC_CS_4110
LIM_CS_01,LOC_CS_4111
LIM_CS_01,LOC_CS_4112
LIM_CS_01,LOC_CS_4113
LIM_CS_01,LOC_CS_4114
LIM_CS_01,LOC_CS_4115
LIM_CS_01,LOC_CS_4116
LIM_CS_01,LOC_CS_4117
LIM_CS_01,LOC_CS_4118
LIM_CS_01,LOC_CS_4119
LIM_CS_01,LOC_CS_4120
LIM_CS_01,LOC_CS_4121
LIM_CS_01,LOC_CS_4122
LIM_CS_01,LOC_CS_4123
LIM_CS_01,LOC_CS_4124
LIM_CS_01,LOC_CS_4125
LIM_CS_01,LOC_CS_4126
LIM_CS_01,LOC_CS_4127
LIM_CS_01,LOC_CS_4128
LIM_CS_01,LOC_CS_4129
LIM_CS_01,LOC_CS_4130
LIM_CS_01,LOC_CS_4131
LIM_CS_01,LOC_CS_4132
LIM_CS_01,LOC_CS_4133
LIM_CS_01,LOC_CS_4134
LIM_CS_01,LOC_CS_4135
LIM_CS_01,LOC_CS_4136
LIM_CS_01,LOC_CS_4137
LIM_CS_01,LOC_CS_4138
LIM_CS_01,LOC_CS_4139
LIM_CS_01,LOC_CS_4140
LIM_CS_01,LOC_CS_4141
LIM_CS_01,LOC_CS_4142
LIM_CS_01,LOC_CS_4143
LIM_CS_01,LOC_CS_4144
LIM_CS_01,LOC_CS_4145
LIM_CS_01,LOC_CS_4146
LIM_CS_01,LOC_CS_4147
LIM_CS_01,LOC_CS_4148
LIM_CS_01,LOC_CS_4149
LIM_CS_01,LOC_CS_4150
LIM_CS_01,LOC_CS_4151
LIM_CS_01,LOC_CS_4152
LIM_CS_01,LOC_CS_4153
LIM_CS_01,LOC_CS_4154
LIM_CS_01,LOC_CS_4155
LIM_CS_01,LOC_CS_4156
LIM_CS_01,LOC_CS_4157
LIM_CS_01,LOC_CS_4158
LIM_CS_01,LOC_CS_4159
LIM_CS_01,LOC_CS_4160
LIM_CS_01,LOC_CS_4161
LIM_CS_01,LOC_CS_4162
LIM_CS_01,LOC_CS_4163
LIM_CS_01,LOC_CS_4164
LIM_CS_01,LOC_CS_4165
LIM_CS_01,LOC_CS_4166
LIM_CS_01,LOC_CS_4167
LIM_CS_01,LOC_CS_4168
LIM_CS_01,LOC_CS_4169
LIM_CS_01,LOC_CS_4170
LIM_CS_01,LOC_CS_4171
LIM_CS_01,LOC_CS_4172
LIM_CS_01,LOC_CS_4173
LIM_CS_01,LOC_CS_4174
LIM_CS_01,LOC_CS_4175
LIM_CS_01,LOC_CS_4176
LIM_CS_01,LOC_CS_4177
LIM_CS_01,LOC_CS_4178
LIM_CS_01,LOC_CS_4179
LIM_CS_01,LOC_CS_4180
LIM_CS_01,LOC_CS_4181
LIM_CS_01,LOC_CS_4182
LIM_CS_01,LOC_CS_4183
LIM_CS_01,LOC_CS_4184
LIM_CS_01,LOC_CS_4185
LIM_CS_01,LOC_CS_4186
LIM_CS_01,LOC_CS_4187
LIM_CS_01,LOC_CS_4188
LIM_CS_01,LOC_CS_4189
LIM_CS_01,LOC_CS_4190
LIM_CS_01,LOC_CS_4191
LIM_CS_01,LOC_CS_4192
LIM_CS_01,LOC_CS_4193
LIM_CS_01,LOC_CS_4194
LIM_CS_01,LOC_CS_4195
LIM_CS_01,LOC_CS_4196
LIM_CS_01,LOC_CS_4197
LIM_CS_01,LOC_CS_4198
LIM_CS_01,LOC_CS_4199
LIM_CS_01,LOC_CS_4200
LIM_CS_01,LOC_CS_4201
LIM_CS_01,LOC_CS_4202
LIM_CS_01,LOC_CS_4203
LIM_CS_01,LOC_CS_4204
LIM_CS_01,LOC_CS_4205
LIM_CS_01,LOC_CS_4206
LIM_CS_01,LOC_CS_4207
LIM_CS_01,LOC_CS_4208
LIM_CS_01,LOC_CS_4209
LIM_CS_01,LOC_CS_4210
LIM_CS_01,LOC_CS_4211
LIM_CS_01,LOC_CS_4212
LIM_CS_01,LOC_CS_4213
LIM_CS_01,LOC_CS_4214
LIM_CS_01,LOC_CS_4215
LIM_CS_01,LOC_CS_4216
LIM_CS_01,LOC_CS_4217
LIM_CS_01,LOC_CS_4218
LIM_CS_01,LOC_CS_4219
LIM_CS_01,LOC_CS_4220
LIM_CS_01,LOC_CS_4221
LIM_CS_01,LOC_CS_4222
LIM_CS_01,LOC_CS_4223
LIM_CS_01,LOC_CS_4224
LIM_CS_01,LOC_CS_4225
LIM_CS_01,LOC_CS_4226
LIM_CS_01,LOC_CS_4227
LIM_CS_01,LOC_CS_4228
LIM_CS_01,LOC_CS_4229
LIM_CS_01,LOC_CS_4230
LIM_CS_01,LOC_CS_4231
LIM_CS_01,LOC_CS_4232
LIM_CS_01,LOC_CS_4233
LIM_CS_01,LOC_CS_4234
LIM_CS_01,LOC_CS_4235
LIM_CS_01,LOC_CS_4236
LIM_CS_01,LOC_CS_4237
LIM_CS_01,LOC_CS_4238
LIM_CS_01,LOC_CS_4239
LIM_CS_01,LOC_CS_4240
LIM_CS_01,LOC_CS_4241
LIM_CS_01,LOC_CS_4242
LIM_CS_01,LOC_CS_4243
LIM_CS_01,LOC_CS_4244
LIM_CS_01,LOC_CS_4245
LIM_CS_01,LOC_CS_4246
LIM_CS_01,LOC_CS_4247
LIM_CS_01,LOC_CS_4248
LIM_CS_01,LOC_CS_4249
LIM_CS_01,LOC_CS_4250
LIM_CS_01,LOC_CS_4251
LIM_CS_01,LOC_CS_4252
LIM_CS_01,LOC_CS_4253
LIM_CS_01,LOC_CS_4254
LIM_CS_01,LOC_CS_4255
LIM_CS_01,LOC_CS_4256
LIM_CS_01,LOC_CS_4257
LIM_CS_01,LOC_CS_4258
LIM_CS_01,LOC_CS_4259
LIM_CS_01,LOC_CS_4260
LIM_CS_01,LOC_CS_4261
LIM_CS_01,LOC_CS_4262
LIM_CS_01,LOC_CS_4263
LIM_CS_01,LOC_CS_4264
LIM_CS_01,LOC_CS_4265
LIM_CS_01,LOC_CS_4266
LIM_CS_01,LOC_CS_4267
LIM_CS_01,LOC_CS_4268
LIM_CS_01,LOC_CS_4269
LIM_CS_01,LOC_CS_4270
LIM_CS_01,LOC_CS_4271
LIM_CS_01,LOC_CS_4272
LIM_CS_01,LOC_CS_4273
LIM_CS_01,LOC_CS_4274
LIM_CS_01,LOC_CS_4275
LIM_CS_01,LOC_CS_4276
LIM_CS_01,LOC_CS_4277
LIM_CS_01,LOC_CS_4278
LIM_CS_01,LOC_CS_4279
LIM_CS_01,LOC_CS_4280
LIM_CS_01,LOC_CS_4281
LIM_CS_01,LOC_CS_4282
LIM_CS_01,LOC_CS_4283
LIM_CS_01,LOC_CS_4284
LIM_CS_01,LOC_CS_4285
LIM_CS_01,LOC_CS_4286
LIM_CS_01,LOC_CS_4287
LIM_CS_01,LOC_CS_4288
LIM_CS_01,LOC_CS_4289
LIM_CS_01,LOC_CS_4290
LIM_CS_01,LOC_CS_4291
LIM_CS_01,LOC_CS_4292
LIM_CS_01,LOC_CS_4293
LIM_CS_01,LOC_CS_4294
LIM_CS_01,LOC_CS_4295
LIM_CS_01,LOC_CS_4296
LIM_CS_01,LOC_CS_4297
LIM_CS_01,LOC_CS_4298
LIM_CS_01,LOC_CS_4299
LIM_CS_01,LOC_CS_4300
LIM_CS_01,LOC_CS_4301
LIM_CS_01,LOC_CS_4302
LIM_CS_01,LOC_CS_4303
LIM_CS_01,LOC_CS_4304
LIM_CS_01,LOC_CS_4305
LIM_CS_01,LOC_CS_4306
LIM_CS_01,LOC_CS_4307
LIM_CS_01,LOC_CS_4308
LIM_CS_01,LOC_CS_4309
LIM_CS_01,LOC_CS_4310
LIM_CS_01,LOC_CS_4311
LIM_CS_01,LOC_CS_4312
LIM_CS_01,LOC_CS_4313
LIM_CS_01,LOC_CS_4314
LIM_CS_01,LOC_CS_4315
LIM_CS_01,LOC_CS_4316
LIM_CS_01,LOC_CS_4317
LIM_CS_01,LOC_CS_4318
LIM_CS_01,LOC_CS_4319
LIM_CS_01,LOC_CS_4320
LIM_CS_01,LOC_CS_4321
LIM_CS_01,LOC_CS_4322
LIM_CS_01,LOC_CS_4323
LIM_CS_01,LOC_CS_4324
LIM_CS_01,LOC_CS_4325
LIM_CS_01,LOC_CS_4326
LIM_CS_01,LOC_CS_4327
LIM_CS_01,LOC_CS_4328
LIM_CS_01,LOC_CS_4329
LIM_CS_01,LOC_CS_4330
LIM_CS_01,LOC_CS_4331
LIM_CS_01,LOC_CS_4332
LIM_CS_01,LOC_CS_4333
LIM_CS_01,LOC_CS_4334
LIM_CS_01,LOC_CS_4335
LIM_CS_01,LOC_CS_4336
LIM_CS_01,LOC_CS_4337
LIM_CS_01,LOC_CS_4338
LIM_CS_01,LOC_CS_4339
LIM_CS_01,LOC_CS_4340
LIM_CS_01,LOC_CS_4341
LIM_CS_01,LOC_CS_4342
LIM_CS_01,LOC_CS_4343
LIM_CS_01,LOC_CS_4344
LIM_CS_01,LOC_CS_4345
LIM_CS_01,LOC_CS_4346
LIM_CS_01,LOC_CS_4347
LIM_CS_01,LOC_CS_4348
LIM_CS_01,LOC_CS_4349
LIM_CS_01,LOC_CS_4350
LIM_CS_01,LOC_CS_4351
LIM_CS_01,LOC_CS_4352
LIM_CS_01,LOC_CS_4353
LIM_CS_01,LOC_CS_4354
LIM_CS_01,LOC_CS_4355
LIM_CS_01,LOC_CS_4356
LIM_CS_01,LOC_CS_4357
LIM_CS_01,LOC_CS_4358
LIM_CS_01,LOC_CS_4359
LIM_CS_01,LOC_CS_4360
LIM_CS_01,LOC_CS_4361
LIM_CS_01,LOC_CS_4362
LIM_CS_01,LOC_CS_4363
LIM_CS_01,LOC_CS_4364
LIM_CS_01,LOC_CS_4365
LIM_CS_01,LOC_CS_4366
LIM_CS_01,LOC_CS_4367
LIM_CS_01,LOC_CS_4368
LIM_CS_01,LOC_CS_4369
LIM_CS_01,LOC_CS_4370
LIM_CS_01,LOC_CS_4371
LIM_CS_01,LOC_CS_4372
LIM_CS_01,LOC_CS_4373
LIM_CS_01,LOC_CS_4374
LIM_CS_01,LOC_CS_4375
LIM_CS_01,LOC_CS_4376
LIM_CS_01,LOC_CS_4377
LIM_CS_01,LOC_CS_4378
LIM_CS_01,LOC_CS_4379
LIM_CS_01,LOC_CS_4380
LIM_CS_01,LOC_CS_4381
LIM_CS_01,LOC_CS_4382
LIM_CS_01,LOC_CS_4383
LIM_CS_01,LOC_CS_4384
LIM_CS_01,LOC_CS_4385
LIM_CS_01,LOC_CS_4386
LIM_CS_01,LOC_CS_4387
LIM_CS_01,LOC_CS_4388
LIM_CS_01,LOC_CS_4389
LIM_CS_01,LOC_CS_4390
LIM_CS_01,LOC_CS_4391
LIM_CS_01,LOC_CS_4392
LIM_CS_01,LOC_CS_4393
LIM_CS_01,LOC_CS_4394
LIM_CS_01,LOC_CS_4395
LIM_CS_01,LOC_CS_4396
LIM_CS_01,LOC_CS_4397
LIM_CS_01,LOC_CS_4398
LIM_CS_01,LOC_CS_4399
LIM_CS_01,LOC_CS_4400
LIM_CS_01,LOC_CS_4401
LIM_CS_01,LOC_CS_4402
LIM_CS_01,LOC_CS_4403
LIM_CS_01,LOC_CS_4404
LIM_CS_01,LOC_CS_4405
LIM_CS_01,LOC_CS_4406
LIM_CS_01,LOC_CS_4407
LIM_CS_01,LOC_CS_4408
LIM_CS_01,LOC_CS_4409
LIM_CS_01,LOC_CS_4410
LIM_CS_01,LOC_CS_4411
LIM_CS_01,LOC_CS_4412
LIM_CS_01,LOC_CS_4413
LIM_CS_01,LOC_CS_4414
LIM_CS_01,LOC_CS_4415
LIM_CS_01,LOC_CS_4416
LIM_CS_01,LOC_CS_4417
LIM_CS_01,LOC_CS_4418
LIM_CS_01,LOC_CS_4419
LIM_CS_01,LOC_CS_4420
LIM_CS_01,LOC_CS_4421
LIM_CS_01,LOC_CS_4422
LIM_CS_01,LOC_CS_4423
LIM_CS_01,LOC_CS_4424
LIM_CS_01,LOC_CS_4425
LIM_CS_01,LOC_CS_4426
LIM_CS_01,LOC_CS_4427
LIM_CS_01,LOC_CS_4428
LIM_CS_01,LOC_CS_4429
LIM_CS_01,LOC_CS_4430
LIM_CS_01,LOC_CS_4431
LIM_CS_01,LOC_CS_4432
LIM_CS_01,LOC_CS_4433
LIM_CS_01,LOC_CS_4434
LIM_CS_01,LOC_CS_4435
LIM_CS_01,LOC_CS_4436
LIM_CS_01,LOC_CS_4437
LIM_CS_01,LOC_CS_4438
LIM_CS_01,LOC_CS_4439
LIM_CS_01,LOC_CS_4440
LIM_CS_01,LOC_CS_4441
LIM_CS_01,LOC_CS_4442
LIM_CS_01,LOC_CS_4443
LIM_CS_01,LOC_CS_4444
LIM_CS_01,LOC_CS_4445
LIM_CS_01,LOC_CS_4446
LIM_CS_01,LOC_CS_4447
LIM_CS_01,LOC_CS_4448
LIM_CS_01,LOC_CS_4449
LIM_CS_01,LOC_CS_4450
LIM_CS_01,LOC_CS_4451
LIM_CS_01,LOC_CS_4452
LIM_CS_01,LOC_CS_4453
LIM_CS_01,LOC_CS_4454
LIM_CS_01,LOC_CS_4455
LIM_CS_01,LOC_CS_4456
LIM_CS_01,LOC_CS_4457
LIM_CS_01,LOC_CS_4458
LIM_CS_01,LOC_CS_4459
LIM_CS_01,LOC_CS_4460
LIM_CS_01,LOC_CS_4461
LIM_CS_01,LOC_CS_4462
LIM_CS_01,LOC_CS_4463
LIM_CS_01,LOC_CS_4464
LIM_CS_01,LOC_CS_4465
LIM_CS_01,LOC_CS_4466
LIM_CS_01,LOC_CS_4467
LIM_CS_01,LOC_CS_4468
LIM_CS_01,LOC_CS_4469
LIM_CS_01,LOC_CS_4470
LIM_CS_01,LOC_CS_4471
LIM_CS_01,LOC_CS_4472
LIM_CS_01,LOC_CS_4473
LIM_CS_01,LOC_CS_4474
LIM_CS_01,LOC_CS_4475
LIM_CS_01,LOC_CS_4476
LIM_CS_01,LOC_CS_4477
LIM_CS_01,LOC_CS_4478
LIM_CS_01,LOC_CS_4479
LIM_CS_01,LOC_CS_4480
LIM_CS_01,LOC_CS_4481
LIM_CS_01,LOC_CS_4482
LIM_CS_01,LOC_CS_4483
LIM_CS_01,LOC_CS_4484
LIM_CS_01,LOC_CS_4485
LIM_CS_01,LOC_CS_4486
LIM_CS_01,LOC_CS_4487
LIM_CS_01,LOC_CS_4488
LIM_CS_01,LOC_CS_4489
LIM_CS_01,LOC_CS_4490
LIM_CS_01,LOC_CS_4491
LIM_CS_01,LOC_CS_4492
LIM_CS_01,LOC_CS_4493
LIM_CS_01,LOC_CS_4494
LIM_CS_01,LOC_CS_4495
LIM_CS_01,LOC_CS_4496
LIM_CS_01,LOC_CS_4497
LIM_CS_01,LOC_CS_4498
LIM_CS_01,LOC_CS_4499
LIM_CS_01,LOC_CS_4500
LIM_CS_01,LOC_CS_4501
LIM_CS_01,LOC_CS_4502
LIM_CS_01,LOC_CS_4503
LIM_CS_01,LOC_CS_4504
LIM_CS_01,LOC_CS_4505
LIM_CS_01,LOC_CS_4506
LIM_CS_01,LOC_CS_4507
LIM_CS_01,LOC_CS_4508
LIM_CS_01,LOC_CS_4509
LIM_CS_01,LOC_CS_4510
LIM_CS_01,LOC_CS_4511
LIM_CS_01,LOC_CS_4512
LIM_CS_01,LOC_CS_4513
LIM_CS_01,LOC_CS_4514
LIM_CS_01,LOC_CS_4515
LIM_CS_01,LOC_CS_4516
LIM_CS_01,LOC_CS_4517
LIM_CS_01,LOC_CS_4518
LIM_CS_01,LOC_CS_4519
LIM_CS_01,LOC_CS_4520
LIM_CS_01,LOC_CS_4521
LIM_CS_01,LOC_CS_4522
LIM_CS_01,LOC_CS_4523
LIM_CS_01,LOC_CS_4524
LIM_CS_01,LOC_CS_4525
LIM_CS_01,LOC_CS_4526
LIM_CS_01,LOC_CS_4527
LIM_CS_01,LOC_CS_4528
LIM_CS_01,LOC_CS_4529
LIM_CS_01,LOC_CS_4530
LIM_CS_01,LOC_CS_4531
LIM_CS_01,LOC_CS_4532
LIM_CS_01,LOC_CS_4533
LIM_CS_01,LOC_CS_4534
LIM_CS_01,LOC_CS_4535
LIM_CS_01,LOC_CS_4536
LIM_CS_01,LOC_CS_4537
LIM_CS_01,LOC_CS_4538
LIM_CS_01,LOC_CS_4539
LIM_CS_01,LOC_CS_4540
LIM_CS_01,LOC_CS_4541
LIM_CS_01,LOC_CS_4542
LIM_CS_01,LOC_CS_4543
LIM_CS_01,LOC_CS_4544
LIM_CS_01,LOC_CS_4545
LIM_CS_01,LOC_CS_4546
LIM_CS_01,LOC_CS_4547
LIM_CS_01,LOC_CS_4548
LIM_CS_01,LOC_CS_4549
LIM_CS_01,LOC_CS_4550
LIM_CS_01,LOC_CS_4551
LIM_CS_01,LOC_CS_4552
LIM_CS_01,LOC_CS_4553
LIM_CS_01,LOC_CS_4554
LIM_CS_01,LOC_CS_4555
LIM_CS_01,LOC_CS_4556
LIM_CS_01,LOC_CS_4557
LIM_CS_01,LOC_CS_4558
LIM_CS_01,LOC_CS_4559
LIM_CS_01,LOC_CS_4560
LIM_CS_01,LOC_CS_4561
LIM_CS_01,LOC_CS_4562
LIM_CS_01,LOC_CS_4563
LIM_CS_01,LOC_CS_4564
LIM_CS_01,LOC_CS_4565
LIM_CS_01,LOC_CS_4566
LIM_CS_01,LOC_CS_4567
LIM_CS_01,LOC_CS_4568
LIM_CS_01,LOC_CS_4569
LIM_CS_01,LOC_CS_4570
LIM_CS_01,LOC_CS_4571
LIM_CS_01,LOC_CS_4572
LIM_CS_01,LOC_CS_4573
LIM_CS_01,LOC_CS_4574
LIM_CS_01,LOC_CS_4575
LIM_CS_01,LOC_CS_4576
LIM_CS_01,LOC_CS_4577
LIM_CS_01,LOC_CS_4578
LIM_CS_01,LOC_CS_4579
LIM_CS_01,LOC_CS_4580
LIM_CS_01,LOC_CS_4581
LIM_CS_01,LOC_CS_4582
LIM_CS_01,LOC_CS_4583
LIM_CS_01,LOC_CS_4584
LIM_CS_01,LOC_CS_4585
LIM_CS_01,LOC_CS_4586
LIM_CS_01,LOC_CS_4587
LIM_CS_01,LOC_CS_4588
LIM_CS_01,LOC_CS_4589
LIM_CS_01,LOC_CS_4590
LIM_CS_01,LOC_CS_4591
LIM_CS_01,LOC_CS_4592
LIM_CS_01,LOC_CS_4593
LIM_CS_01,LOC_CS_4594
LIM_CS_01,LOC_CS_4595
LIM_CS_01,LOC_CS_4596
LIM_CS_01,LOC_CS_4597
LIM_CS_01,LOC_CS_4598
LIM_CS_01,LOC_CS_4599
LIM_CS_01,LOC_CS_4600
LIM_CS_01,LOC_CS_4601
LIM_CS_01,LOC_CS_4602
LIM_CS_01,LOC_CS_4603
LIM_CS_01,LOC_CS_4604
LIM_CS_01,LOC_CS_4605
LIM_CS_01,LOC_CS_4606
LIM_CS_01,LOC_CS_4607
LIM_CS_01,LOC_CS_4608
LIM_CS_01,LOC_CS_4609
LIM_CS_01,LOC_CS_4610
LIM_CS_01,LOC_CS_4611
LIM_CS_01,LOC_CS_4612
LIM_CS_01,LOC_CS_4613
LIM_CS_01,LOC_CS_4614
LIM_CS_01,LOC_CS_4615
LIM_CS_01,LOC_CS_4616
LIM_CS_01,LOC_CS_4617
LIM_CS_01,LOC_CS_4618
LIM_CS_01,LOC_CS_4619
LIM_CS_01,LOC_CS_4620
LIM_CS_01,LOC_CS_4621
LIM_CS_01,LOC_CS_4622
LIM_CS_01,LOC_CS_4623
LIM_CS_01,LOC_CS_4624
LIM_CS_01,LOC_CS_4625
LIM_CS_01,LOC_CS_4626
LIM_CS_01,LOC_CS_4627
LIM_CS_01,LOC_CS_4628
LIM_CS_01,LOC_CS_4629
LIM_CS_01,LOC_CS_4630
LIM_CS_01,LOC_CS_4631
LIM_CS_01,LOC_CS_4632
LIM_CS_01,LOC_CS_4633
LIM_CS_01,LOC_CS_4634
LIM_CS_01,LOC_CS_4635
LIM_CS_01,LOC_CS_4636
LIM_CS_01,LOC_CS_4637
LIM_CS_01,LOC_CS_4638
LIM_CS_01,LOC_CS_4639
LIM_CS_01,LOC_CS_4640
LIM_CS_01,LOC_CS_4641
LIM_CS_01,LOC_CS_4642
LIM_CS_01,LOC_CS_4643
LIM_CS_01,LOC_CS_4644
LIM_CS_01,LOC_CS_4645
LIM_CS_01,LOC_CS_4646
LIM_CS_01,LOC_CS_4647
LIM_CS_01,LOC_CS_4648
LIM_CS_01,LOC_CS_4649
LIM_CS_01,LOC_CS_4650
LIM_CS_01,LOC_CS_4651
LIM_CS_01,LOC_CS_4652
LIM_CS_01,LOC_CS_4653
LIM_CS_01,LOC_CS_4654
LIM_CS_01,LOC_CS_4655
LIM_CS_01,LOC_CS_4656
LIM_CS_01,LOC_CS_4657
LIM_CS_01,LOC_CS_4658
LIM_CS_01,LOC_CS_4659
LIM_CS_01,LOC_CS_4660
LIM_CS_01,LOC_CS_4661
LIM_CS_01,LOC_CS_4662
LIM_CS_01,LOC_CS_4663
LIM_CS_01,LOC_CS_4664
LIM_CS_01,LOC_CS_4665
LIM_CS_01,LOC_CS_4666
LIM_CS_01,LOC_CS_4667
LIM_CS_01,LOC_CS_4668
LIM_CS_01,LOC_CS_4669
LIM_CS_01,LOC_CS_4670
LIM_CS_01,LOC_CS_4671
LIM_CS_01,LOC_CS_4672
LIM_CS_01,LOC_CS_4673
LIM_CS_01,LOC_CS_4674
LIM_CS_01,LOC_CS_4675
LIM_CS_01,LOC_CS_4676
LIM_CS_01,LOC_CS_4677
LIM_CS_01,LOC_CS_4678
LIM_CS_01,LOC_CS_4679
LIM_CS_01,LOC_CS_4680
LIM_CS_01,LOC_CS_4681
LIM_CS_01,LOC_CS_4682
LIM_CS_01,LOC_CS_4683
LIM_CS_01,LOC_CS_4684
LIM_CS_01,LOC_CS_4685
LIM_CS_01,LOC_CS_4686
LIM_CS_01,LOC_CS_4687
LIM_CS_01,LOC_CS_4688
LIM_CS_01,LOC_CS_4689
LIM_CS_01,LOC_CS_4690
LIM_CS_01,LOC_CS_4691
LIM_CS_01,LOC_CS_4692
LIM_CS_01,LOC_CS_4693
LIM_CS_01,LOC_CS_4694
LIM_CS_01,LOC_CS_4695
LIM_CS_01,LOC_CS_4696
LIM_CS_01,LOC_CS_4697
LIM_CS_01,LOC_CS_4698
LIM_CS_01,LOC_CS_4699
LIM_CS_01,LOC_CS_4700
LIM_CS_01,LOC_CS_4701
LIM_CS_01,LOC_CS_4702
LIM_CS_01,P_B_CS/EEZ_C1_AUS_1997
LIM_CS_05,P_B_CS/EEZ_C1_AUS_1997
LIM_CS_05,P_B_CS/EEZ_C2_AUS_1997
LIM_CS_05,P_B_CS/EEZ_C3_AUS_1997
LIM_CS_01,P_B_CS/EEZ_C3_AUS_1997
LIM_CS_01,LOC_CS_1955
LIM_CS_01,LOC_CS_1956
LIM_CS_01,LOC_CS_1957
LIM_CS_01,LOC_CS_1958
LIM_CS_01,LOC_CS_1959
LIM_CS_01,LOC_CS_1960
LIM_CS_01,LOC_CS_1961
LIM_CS_01,LOC_CS_1962
LIM_CS_01,LOC_CS_1963
LIM_CS_01,LOC_CS_1964
LIM_CS_01,LOC_CS_1965
LIM_CS_01,LOC_CS_1966
LIM_CS_01,LOC_CS_1967
LIM_CS_01,LOC_CS_1968
LIM_CS_01,LOC_CS_1969
LIM_CS_01,LOC_CS_1970
LIM_CS_01,LOC_CS_1971
LIM_CS_01,LOC_CS_1972
LIM_CS_01,LOC_CS_1973
LIM_CS_01,LOC_CS_1974
LIM_CS_01,LOC_CS_1975
LIM_CS_01,LOC_CS_1976
LIM_CS_01,LOC_CS_1977
LIM_CS_01,LOC_CS_1978
LIM_CS_01,LOC_CS_1979
LIM_CS_01,LOC_CS_1980
LIM_CS_01,LOC_CS_1981
LIM_CS_01,LOC_CS_1982
LIM_CS_01,LOC_CS_1983
LIM_CS_01,LOC_CS_1984
LIM_CS_01,LOC_CS_1985
LIM_CS_01,LOC_CS_1986
LIM_CS_01,LOC_CS_1987
LIM_CS_01,LOC_CS_1988
LIM_CS_01,LOC_CS_1989
LIM_CS_01,LOC_CS_1990
LIM_CS_01,LOC_CS_1991
LIM_CS_01,LOC_CS_1992
LIM_CS_01,LOC_CS_1993
LIM_CS_01,LOC_CS_1994
LIM_CS_01,LOC_CS_1995
LIM_CS_01,LOC_CS_1996
LIM_CS_01,LOC_CS_1997
LIM_CS_01,LOC_CS_1998
LIM_CS_01,LOC_CS_1999
LIM_CS_01,LOC_CS_2000
LIM_CS_01,LOC_CS_2001
LIM_CS_01,LOC_CS_2002
LIM_CS_01,LOC_CS_2003
LIM_CS_01,LOC_CS_2004
LIM_CS_01,LOC_CS_2005
LIM_CS_01,LOC_CS_2006
LIM_CS_01,LOC_CS_2007
LIM_CS_01,LOC_CS_2008
LIM_CS_01,LOC_CS_2009
LIM_CS_01,LOC_CS_2010
LIM_CS_01,LOC_CS_2011
LIM_CS_01,LOC_CS_2012
LIM_CS_01,LOC_CS_2013
LIM_CS_01,LOC_CS_2014
LIM_CS_01,LOC_CS_2015
LIM_CS_01,LOC_CS_2016
LIM_CS_01,LOC_CS_2017
LIM_CS_01,LOC_CS_2018
LIM_CS_01,LOC_CS_2019
LIM_CS_01,LOC_CS_2020
LIM_CS_01,LOC_CS_2021
LIM_CS_01,LOC_CS_2022
LIM_CS_01,LOC_CS_2023
LIM_CS_01,LOC_CS_2024
LIM_CS_01,LOC_CS_2025
LIM_CS_01,LOC_CS_2026
LIM_CS_01,LOC_CS_2027
LIM_CS_01,LOC_CS_2028
LIM_CS_01,LOC_CS_2029
LIM_CS_01,LOC_CS_2030
LIM_CS_01,LOC_CS_2031
LIM_CS_01,LOC_CS_2032
LIM_CS_01,LOC_CS_2033
LIM_CS_01,LOC_CS_2034
LIM_CS_01,LOC_CS_2035
LIM_CS_01,LOC_CS_2036
LIM_CS_01,LOC_CS_2037
LIM_CS_01,LOC_CS_2038
LIM_CS_01,LOC_CS_2039
LIM_CS_01,LOC_CS_2040
LIM_CS_01,LOC_CS_2041
LIM_CS_01,LOC_CS_2042
LIM_CS_01,LOC_CS_2043
LIM_CS_01,LOC_CS_2044
LIM_CS_01,LOC_CS_2045
LIM_CS_01,LOC_CS_2046
LIM_CS_01,LOC_CS_2047
LIM_CS_01,LOC_CS_2048
LIM_CS_01,LOC_CS_2049
LIM_CS_01,LOC_CS_2050
LIM_CS_01,LOC_CS_2051
LIM_CS_01,LOC_CS_2052
LIM_CS_01,LOC_CS_2053
LIM_CS_01,LOC_CS_2054
LIM_CS_01,LOC_CS_2055
LIM_CS_01,LOC_CS_2056
LIM_CS_01,LOC_CS_2057
LIM_CS_01,LOC_CS_2058
LIM_CS_01,LOC_CS_2059
LIM_CS_01,LOC_CS_2060
LIM_CS_01,LOC_CS_2061
LIM_CS_01,LOC_CS_2062
LIM_CS_01,LOC_CS_2063
LIM_CS_01,LOC_CS_2064
LIM_CS_01,LOC_CS_2065
LIM_CS_01,LOC_CS_2066
LIM_CS_01,LOC_CS_2067
LIM_CS_01,LOC_CS_2068
LIM_CS_01,LOC_CS_2069
LIM_CS_01,LOC_CS_2070
LIM_CS_01,LOC_CS_2071
LIM_CS_01,LOC_CS_2072
LIM_CS_01,LOC_CS_2073
LIM_CS_01,LOC_CS_2074
LIM_CS_01,LOC_CS_2075
LIM_CS_01,LOC_CS_2076
LIM_CS_01,LOC_CS_2077
LIM_CS_01,LOC_CS_2078
LIM_CS_01,LOC_CS_2079
LIM_CS_01,LOC_CS_2080
LIM_CS_01,LOC_CS_2081
LIM_CS_01,LOC_CS_2082
LIM_CS_01,LOC_CS_2083
LIM_CS_01,LOC_CS_2084
LIM_CS_01,LOC_CS_2085
LIM_CS_01,LOC_CS_2086
LIM_CS_01,LOC_CS_2087
LIM_CS_01,LOC_CS_2088
LIM_CS_01,LOC_CS_2089
LIM_CS_01,LOC_CS_2090
LIM_CS_01,LOC_CS_2091
LIM_CS_01,LOC_CS_2092
LIM_CS_01,LOC_CS_2093
LIM_CS_01,LOC_CS_2094
LIM_CS_01,LOC_CS_2095
LIM_CS_01,LOC_CS_2096
LIM_CS_01,LOC_CS_2097
LIM_CS_01,LOC_CS_2098
LIM_CS_01,LOC_CS_2099
LIM_CS_01,LOC_CS_2100
LIM_CS_01,LOC_CS_2101
LIM_CS_01,LOC_CS_2102
LIM_CS_01,LOC_CS_2103
LIM_CS_01,LOC_CS_2104
LIM_CS_01,LOC_CS_2105
LIM_CS_01,LOC_CS_2106
LIM_CS_01,LOC_CS_2107
LIM_CS_01,LOC_CS_2108
LIM_CS_01,LOC_CS_2109
LIM_CS_01,LOC_CS_2110
LIM_CS_01,LOC_CS_2111
LIM_CS_01,LOC_CS_2112
LIM_CS_01,LOC_CS_2113
LIM_CS_01,LOC_CS_2114
LIM_CS_01,LOC_CS_2115
LIM_CS_01,LOC_CS_2116
LIM_CS_01,LOC_CS_2117
LIM_CS_01,LOC_CS_2118
LIM_CS_01,LOC_CS_2119
LIM_CS_01,LOC_CS_2120
LIM_CS_01,LOC_CS_2121
LIM_CS_01,LOC_CS_2122
LIM_CS_01,LOC_CS_2123
LIM_CS_01,LOC_CS_2124
LIM_CS_01,LOC_CS_2125
LIM_CS_01,LOC_CS_2126
LIM_CS_01,LOC_CS_2127
LIM_CS_01,LOC_CS_2128
LIM_CS_01,LOC_CS_2129
LIM_CS_01,LOC_CS_2130
LIM_CS_01,LOC_CS_2131
LIM_CS_01,LOC_CS_2132
LIM_CS_01,LOC_CS_2133
LIM_CS_01,LOC_CS_2134
LIM_CS_01,LOC_CS_2135
LIM_CS_01,LOC_CS_2136
LIM_CS_01,LOC_CS_2137
LIM_CS_01,LOC_CS_2138
LIM_CS_01,LOC_CS_2139
LIM_CS_01,LOC_CS_2140
LIM_CS_01,LOC_CS_2141
LIM_CS_01,LOC_CS_2142
LIM_CS_01,LOC_CS_2143
LIM_CS_01,LOC_CS_2144
LIM_CS_01,LOC_CS_2145
LIM_CS_01,LOC_CS_2146
LIM_CS_01,LOC_CS_2147
LIM_CS_01,LOC_CS_2148
LIM_CS_01,LOC_CS_2149
LIM_CS_01,LOC_CS_2150
LIM_CS_01,LOC_CS_2151
LIM_CS_01,LOC_CS_2152
LIM_CS_01,LOC_CS_2153
LIM_CS_01,LOC_CS_2154
LIM_CS_01,LOC_CS_2155
LIM_CS_01,LOC_CS_2156
LIM_CS_01,LOC_CS_2157
LIM_CS_01,LOC_CS_2158
LIM_CS_01,LOC_CS_2159
LIM_CS_01,LOC_CS_2160
LIM_CS_01,LOC_CS_2161
LIM_CS_01,LOC_CS_2162
LIM_CS_01,LOC_CS_2163
LIM_CS_01,LOC_CS_2164
LIM_CS_01,LOC_CS_2165
LIM_CS_01,LOC_CS_2166
LIM_CS_01,LOC_CS_2167
LIM_CS_01,LOC_CS_2168
LIM_CS_01,LOC_CS_2169
LIM_CS_01,LOC_CS_2170
LIM_CS_01,LOC_CS_2171
LIM_CS_01,LOC_CS_2172
LIM_CS_01,LOC_CS_2173
LIM_CS_01,LOC_CS_2174
LIM_CS_01,LOC_CS_2175
LIM_CS_01,LOC_CS_2176
LIM_CS_01,LOC_CS_2177
LIM_CS_01,LOC_CS_2178
LIM_CS_01,LOC_CS_2179
LIM_CS_01,LOC_CS_2180
LIM_CS_01,LOC_CS_2181
LIM_CS_01,LOC_CS_2182
LIM_CS_01,LOC_CS_2183
LIM_CS_01,LOC_CS_2184
LIM_CS_01,LOC_CS_2185
LIM_CS_01,LOC_CS_2186
LIM_CS_01,LOC_CS_2187
LIM_CS_01,LOC_CS_2188
LIM_CS_01,LOC_CS_2189
LIM_CS_01,LOC_CS_2190
LIM_CS_01,LOC_CS_2191
LIM_CS_01,LOC_CS_2192
LIM_CS_01,LOC_CS_2193
LIM_CS_01,LOC_CS_2194
LIM_CS_01,LOC_CS_2195
LIM_CS_01,LOC_CS_2196
LIM_CS_01,LOC_CS_2197
LIM_CS_01,LOC_CS_2198
LIM_CS_01,LOC_CS_2199
LIM_CS_01,LOC_CS_2200
LIM_CS_01,LOC_CS_2201
LIM_CS_01,LOC_CS_2202
LIM_CS_01,LOC_CS_2203
LIM_CS_01,LOC_CS_2204
LIM_CS_01,LOC_CS_2205
LIM_CS_01,LOC_CS_2206
LIM_CS_01,LOC_CS_2207
LIM_CS_01,LOC_CS_2208
LIM_CS_01,LOC_CS_2209
LIM_CS_01,LOC_CS_2210
LIM_CS_01,LOC_CS_2211
LIM_CS_01,LOC_CS_2212
LIM_CS_01,LOC_CS_2213
LIM_CS_01,LOC_CS_2214
LIM_CS_01,LOC_CS_2215
LIM_CS_01,LOC_CS_2216
LIM_CS_01,LOC_CS_2217
LIM_CS_01,LOC_CS_2218
LIM_CS_01,LOC_CS_2219
LIM_CS_01,LOC_CS_2220
LIM_CS_01,LOC_CS_2221
LIM_CS_01,LOC_CS_2222
LIM_CS_01,LOC_CS_2223
LIM_CS_01,LOC_CS_2224
LIM_CS_01,LOC_CS_2225
LIM_CS_01,LOC_CS_2226
LIM_CS_01,LOC_CS_2227
LIM_CS_01,LOC_CS_2228
LIM_CS_01,LOC_CS_2229
LIM_CS_01,LOC_CS_2230
LIM_CS_01,LOC_CS_2231
LIM_CS_01,LOC_CS_2232
LIM_CS_01,LOC_CS_2233
LIM_CS_01,LOC_CS_2234
LIM_CS_01,LOC_CS_2235
LIM_CS_01,LOC_CS_2236
LIM_CS_01,LOC_CS_2237
LIM_CS_01,LOC_CS_2238
LIM_CS_01,LOC_CS_2239
LIM_CS_01,LOC_CS_2240
LIM_CS_01,LOC_CS_2241
LIM_CS_01,LOC_CS_2242
LIM_CS_01,LOC_CS_2243
LIM_CS_01,LOC_CS_2244
LIM_CS_01,LOC_CS_2245
LIM_CS_01,LOC_CS_2246
LIM_CS_01,LOC_CS_2247
LIM_CS_01,LOC_CS_2248
LIM_CS_01,LOC_CS_2249
LIM_CS_01,LOC_CS_2250
LIM_CS_01,LOC_CS_2251
LIM_CS_01,LOC_CS_2252
LIM_CS_01,LOC_CS_2253
LIM_CS_01,LOC_CS_2254
LIM_CS_01,LOC_CS_2255
LIM_CS_01,LOC_CS_2256
LIM_CS_01,LOC_CS_2257
LIM_CS_01,LOC_CS_2258
LIM_CS_01,LOC_CS_2259
LIM_CS_01,LOC_CS_2260
LIM_CS_01,LOC_CS_2261
LIM_CS_01,LOC_CS_2262
LIM_CS_01,LOC_CS_2263
LIM_CS_01,LOC_CS_2264
LIM_CS_01,LOC_CS_2265
LIM_CS_01,LOC_CS_2266
LIM_CS_01,LOC_CS_2267
LIM_CS_01,LOC_CS_2268
LIM_CS_01,LOC_CS_2269
LIM_CS_01,LOC_CS_2270
LIM_CS_01,LOC_CS_2271
LIM_CS_01,LOC_CS_2272
LIM_CS_01,LOC_CS_2273
LIM_CS_01,LOC_CS_2274
LIM_CS_01,LOC_CS_2275
LIM_CS_01,LOC_CS_2276
LIM_CS_01,LOC_CS_2277
LIM_CS_01,LOC_CS_2278
LIM_CS_01,LOC_CS_2279
LIM_CS_01,LOC_CS_2280
LIM_CS_01,LOC_CS_2281
LIM_CS_01,LOC_CS_2282
LIM_CS_01,LOC_CS_2283
LIM_CS_01,LOC_CS_2284
LIM_CS_01,LOC_CS_2285
LIM_CS_01,LOC_CS_2286
LIM_CS_01,LOC_CS_2287
LIM_CS_01,LOC_CS_2288
LIM_CS_01,LOC_CS_2289
LIM_CS_01,LOC_CS_2290
LIM_CS_01,LOC_CS_2291
LIM_CS_01,LOC_CS_2292
LIM_CS_01,LOC_CS_2293
LIM_CS_01,LOC_CS_2294
LIM_CS_01,LOC_CS_2295
LIM_CS_01,LOC_CS_2296
LIM_CS_01,LOC_CS_2297
LIM_CS_01,LOC_CS_2298
LIM_CS_01,LOC_CS_2299
LIM_CS_01,LOC_CS_2300
LIM_CS_01,LOC_CS_2301
LIM_CS_01,LOC_CS_2302
LIM_CS_01,LOC_CS_2303
LIM_CS_01,LOC_CS_2304
LIM_CS_01,LOC_CS_2305
LIM_CS_01,LOC_CS_2306
LIM_CS_01,LOC_CS_2307
LIM_CS_01,LOC_CS_2308
LIM_CS_01,LOC_CS_2309
LIM_CS_01,LOC_CS_2310
LIM_CS_01,LOC_CS_2311
LIM_CS_01,LOC_CS_2312
LIM_CS_01,LOC_CS_2313
LIM_CS_01,LOC_CS_2314
LIM_CS_01,LOC_CS_2315
LIM_CS_01,LOC_CS_2316
LIM_CS_01,LOC_CS_2317
LIM_CS_01,LOC_CS_2318
LIM_CS_01,LOC_CS_2319
LIM_CS_01,LOC_CS_2320
LIM_CS_01,LOC_CS_2321
LIM_CS_01,LOC_CS_2322
LIM_CS_01,LOC_CS_2323
LIM_CS_01,LOC_CS_2324
LIM_CS_01,LOC_CS_2325
LIM_CS_01,LOC_CS_2326
LIM_CS_01,LOC_CS_2327
LIM_CS_01,LOC_CS_2328
LIM_CS_01,LOC_CS_2329
LIM_CS_01,LOC_CS_2330
LIM_CS_01,LOC_CS_2331
LIM_CS_01,LOC_CS_2332
LIM_CS_01,LOC_CS_2333
LIM_CS_01,LOC_CS_2334
LIM_CS_01,LOC_CS_2335
LIM_CS_01,LOC_CS_2336
LIM_CS_01,LOC_CS_2337
LIM_CS_01,LOC_CS_2338
LIM_CS_01,LOC_CS_2339
LIM_CS_01,LOC_CS_2340
LIM_CS_01,LOC_CS_2341
LIM_CS_01,LOC_CS_2342
LIM_CS_01,LOC_CS_2343
LIM_CS_01,LOC_CS_2344
LIM_CS_01,LOC_CS_2345
LIM_CS_01,LOC_CS_2346
LIM_CS_01,LOC_CS_2347
LIM_CS_01,LOC_CS_2348
LIM_CS_01,LOC_CS_2349
LIM_CS_01,LOC_CS_2350
LIM_CS_01,LOC_CS_2351
LIM_CS_01,LOC_CS_2352
LIM_CS_01,LOC_CS_2353
LIM_CS_01,LOC_CS_2354
LIM_CS_01,LOC_CS_2355
LIM_CS_01,LOC_CS_2356
LIM_CS_01,LOC_CS_2357
LIM_CS_01,LOC_CS_2358
LIM_CS_01,LOC_CS_2359
LIM_CS_01,LOC_CS_2360
LIM_CS_01,LOC_CS_2361
LIM_CS_01,LOC_CS_2362
LIM_CS_01,LOC_CS_2363
LIM_CS_01,LOC_CS_2364
LIM_CS_01,LOC_CS_2365
LIM_CS_01,LOC_CS_2366
LIM_CS_01,LOC_CS_2367
LIM_CS_01,LOC_CS_2368
LIM_CS_01,LOC_CS_2369
LIM_CS_01,LOC_CS_2370
LIM_CS_01,LOC_CS_2371
LIM_CS_01,LOC_CS_2372
LIM_CS_01,LOC_CS_2373
LIM_CS_01,LOC_CS_2374
LIM_CS_01,LOC_CS_2375
LIM_CS_01,LOC_CS_2376
LIM_CS_01,LOC_CS_2377
LIM_CS_01,LOC_CS_2378
LIM_CS_01,LOC_CS_2379
LIM_CS_01,LOC_CS_2380
LIM_CS_01,LOC_CS_2381
LIM_CS_01,LOC_CS_2382
LIM_CS_01,LOC_CS_2383
LIM_CS_01,LOC_CS_2384
LIM_CS_01,LOC_CS_2385
LIM_CS_01,LOC_CS_2386
LIM_CS_01,LOC_CS_2387
LIM_CS_01,LOC_CS_2388
LIM_CS_01,LOC_CS_2389
LIM_CS_01,LOC_CS_2390
LIM_CS_01,LOC_CS_2391
LIM_CS_01,LOC_CS_2392
LIM_CS_01,LOC_CS_2393
LIM_CS_01,LOC_CS_2394
LIM_CS_01,LOC_CS_2395
LIM_CS_01,LOC_CS_2396
LIM_CS_01,LOC_CS_2397
LIM_CS_01,LOC_CS_2398
LIM_CS_01,LOC_CS_2399
LIM_CS_01,LOC_CS_2400
LIM_CS_01,LOC_CS_2401
LIM_CS_01,LOC_CS_2402
LIM_CS_01,LOC_CS_2403
LIM_CS_01,LOC_CS_2404
LIM_CS_01,LOC_CS_2405
LIM_CS_01,LOC_CS_2406
LIM_CS_01,LOC_CS_2407
LIM_CS_01,LOC_CS_2408
LIM_CS_01,LOC_CS_2409
LIM_CS_01,LOC_CS_2410
LIM_CS_01,LOC_CS_2411
LIM_CS_01,LOC_CS_2412
LIM_CS_01,LOC_CS_2413
LIM_CS_01,LOC_CS_2414
LIM_CS_01,LOC_CS_2415
LIM_CS_01,LOC_CS_2416
LIM_CS_01,LOC_CS_2417
LIM_CS_01,LOC_CS_2418
LIM_CS_01,LOC_CS_2419
LIM_CS_01,LOC_CS_2420
LIM_CS_01,LOC_CS_2421
LIM_CS_01,LOC_CS_2422
LIM_CS_01,LOC_CS_2423
LIM_CS_01,LOC_CS_2424
LIM_CS_01,LOC_CS_2425
LIM_CS_01,LOC_CS_2426
LIM_CS_01,LOC_CS_2427
LIM_CS_01,LOC_CS_2428
LIM_CS_01,LOC_CS_2429
LIM_CS_01,LOC_CS_2430
LIM_CS_01,LOC_CS_2431
LIM_CS_01,LOC_CS_2432
LIM_CS_01,LOC_CS_2433
LIM_CS_01,LOC_CS_2434
LIM_CS_01,LOC_CS_2435
LIM_CS_01,LOC_CS_2436
LIM_CS_01,LOC_CS_2437
LIM_CS_01,LOC_CS_2438
LIM_CS_01,LOC_CS_2439
LIM_CS_01,LOC_CS_2440
LIM_CS_01,LOC_CS_2441
LIM_CS_01,LOC_CS_2442
LIM_CS_01,LOC_CS_2443
LIM_CS_01,LOC_CS_2444
LIM_CS_01,LOC_CS_2445
LIM_CS_01,LOC_CS_2446
LIM_CS_01,LOC_CS_2447
LIM_CS_01,LOC_CS_2448
LIM_CS_01,LOC_CS_2449
LIM_CS_01,LOC_CS_2450
LIM_CS_01,LOC_CS_2451
LIM_CS_01,LOC_CS_2452
LIM_CS_01,LOC_CS_2453
LIM_CS_01,LOC_CS_2454
LIM_CS_01,LOC_CS_2455
LIM_CS_01,LOC_CS_2456
LIM_CS_01,LOC_CS_2457
LIM_CS_01,LOC_CS_2458
LIM_CS_01,LOC_CS_2459
LIM_CS_01,LOC_CS_2460
LIM_CS_01,LOC_CS_2461
LIM_CS_01,LOC_CS_2462
LIM_CS_01,LOC_CS_2463
LIM_CS_01,LOC_CS_2464
LIM_CS_01,LOC_CS_2465
LIM_CS_01,LOC_CS_2466
LIM_CS_01,LOC_CS_2467
LIM_CS_01,LOC_CS_2468
LIM_CS_01,LOC_CS_2469
LIM_CS_01,LOC_CS_2470
LIM_CS_01,LOC_CS_2471
LIM_CS_01,LOC_CS_2472
LIM_CS_01,LOC_CS_2473
LIM_CS_01,LOC_CS_2474
LIM_CS_01,LOC_CS_2475
LIM_CS_01,LOC_CS_2476
LIM_CS_01,LOC_CS_2477
LIM_CS_01,LOC_CS_2478
LIM_CS_01,LOC_CS_2479
LIM_CS_01,LOC_CS_2480
LIM_CS_01,LOC_CS_2481
LIM_CS_01,LOC_CS_2482
LIM_CS_01,LOC_CS_2483
LIM_CS_01,LOC_CS_2484
LIM_CS_01,LOC_CS_2485
LIM_CS_01,LOC_CS_2486
LIM_CS_01,LOC_CS_2487
LIM_CS_01,LOC_CS_2488
LIM_CS_01,LOC_CS_2489
LIM_CS_01,LOC_CS_2490
LIM_CS_01,LOC_CS_2491
LIM_CS_01,LOC_CS_2492
LIM_CS_01,LOC_CS_2493
LIM_CS_01,LOC_CS_2494
LIM_CS_01,LOC_CS_2495
LIM_CS_01,LOC_CS_2496
LIM_CS_01,LOC_CS_2497
LIM_CS_01,LOC_CS_2498
LIM_CS_01,LOC_CS_2499
LIM_CS_01,LOC_CS_2500
LIM_CS_01,LOC_CS_2501
LIM_CS_01,LOC_CS_2502
LIM_CS_01,LOC_CS_2503
LIM_CS_01,LOC_CS_2504
LIM_CS_01,LOC_CS_2505
LIM_CS_01,LOC_CS_2506
LIM_CS_01,LOC_CS_2507
LIM_CS_01,LOC_CS_2508
LIM_CS_01,LOC_CS_2509
LIM_CS_01,LOC_CS_2510
LIM_CS_01,LOC_CS_2511
LIM_CS_01,LOC_CS_2512
LIM_CS_01,LOC_CS_2513
LIM_CS_01,LOC_CS_2514
LIM_CS_01,LOC_CS_2515
LIM_CS_01,LOC_CS_2516
LIM_CS_01,LOC_CS_2517
LIM_CS_01,LOC_CS_2518
LIM_CS_01,LOC_CS_2519
LIM_CS_01,LOC_CS_2520
LIM_CS_01,LOC_CS_2521
LIM_CS_01,LOC_CS_2522
LIM_CS_01,LOC_CS_2523
LIM_CS_01,LOC_CS_2524
LIM_CS_01,LOC_CS_2525
LIM_CS_01,LOC_CS_2526
LIM_CS_01,LOC_CS_2527
LIM_CS_01,LOC_CS_2528
LIM_CS_01,LOC_CS_2529
LIM_CS_01,LOC_CS_2530
LIM_CS_01,LOC_CS_2531
LIM_CS_01,LOC_CS_2532
LIM_CS_01,LOC_CS_2533
LIM_CS_01,LOC_CS_2534
LIM_CS_01,LOC_CS_2535
LIM_CS_01,LOC_CS_2536
LIM_CS_01,LOC_CS_2537
LIM_CS_01,LOC_CS_2538
LIM_CS_01,LOC_CS_2539
LIM_CS_01,LOC_CS_2540
LIM_CS_01,LOC_CS_2541
LIM_CS_01,LOC_CS_2542
LIM_CS_01,LOC_CS_2543
LIM_CS_01,LOC_CS_2544
LIM_CS_01,LOC_CS_2545
LIM_CS_01,LOC_CS_2546
LIM_CS_01,LOC_CS_2547
LIM_CS_01,LOC_CS_2548
LIM_CS_01,LOC_CS_2549
LIM_CS_01,LOC_CS_2550
LIM_CS_01,LOC_CS_2551
LIM_CS_01,LOC_CS_2552
LIM_CS_01,LOC_CS_2553
LIM_CS_01,LOC_CS_2554
LIM_CS_01,LOC_CS_2555
LIM_CS_01,LOC_CS_2556
LIM_CS_01,LOC_CS_2557
LIM_CS_01,LOC_CS_2558
LIM_CS_01,LOC_CS_2559
LIM_CS_01,LOC_CS_2560
LIM_CS_01,LOC_CS_2561
LIM_CS_01,LOC_CS_2562
LIM_CS_01,LOC_CS_2563
LIM_CS_01,LOC_CS_2564
LIM_CS_01,LOC_CS_2565
LIM_CS_01,LOC_CS_2566
LIM_CS_01,LOC_CS_2567
LIM_CS_01,LOC_CS_2568
LIM_CS_01,LOC_CS_2569
LIM_CS_01,LOC_CS_2570
LIM_CS_01,LOC_CS_2571
LIM_CS_01,LOC_CS_2572
LIM_CS_01,LOC_CS_2573
LIM_CS_01,LOC_CS_2574
LIM_CS_01,LOC_CS_2575
LIM_CS_01,LOC_CS_2576
LIM_CS_01,LOC_CS_2577
LIM_CS_01,LOC_CS_2578
LIM_CS_01,LOC_CS_2579
LIM_CS_01,LOC_CS_2580
LIM_CS_01,LOC_CS_2581
LIM_CS_01,LOC_CS_2582
LIM_CS_01,LOC_CS_2583
LIM_CS_01,LOC_CS_2584
LIM_CS_01,LOC_CS_2585
LIM_CS_01,LOC_CS_2586
LIM_CS_01,LOC_CS_2587
LIM_CS_01,LOC_CS_2588
LIM_CS_01,LOC_CS_2589
LIM_CS_01,LOC_CS_2590
LIM_CS_01,LOC_CS_2591
LIM_CS_01,LOC_CS_2592
LIM_CS_01,LOC_CS_2593
LIM_CS_01,LOC_CS_2594
LIM_CS_01,LOC_CS_2595
LIM_CS_01,LOC_CS_2596
LIM_CS_01,LOC_CS_2597
LIM_CS_01,LOC_CS_2598
LIM_CS_01,LOC_CS_2599
LIM_CS_01,LOC_CS_2600
LIM_CS_01,LOC_CS_2601
LIM_CS_01,LOC_CS_2602
LIM_CS_01,LOC_CS_2603
LIM_CS_01,LOC_CS_2604
LIM_CS_01,LOC_CS_2605
LIM_CS_01,LOC_CS_2606
LIM_CS_01,LOC_CS_2607
LIM_CS_01,LOC_CS_2608
LIM_CS_01,LOC_CS_2609
LIM_CS_01,LOC_CS_2610
LIM_CS_01,LOC_CS_2611
LIM_CS_01,LOC_CS_2612
LIM_CS_01,LOC_CS_2613
LIM_CS_01,LOC_CS_2614
LIM_CS_01,LOC_CS_2615
LIM_CS_01,LOC_CS_2616
LIM_CS_01,LOC_CS_2617
LIM_CS_01,LOC_CS_2618
LIM_CS_01,LOC_CS_2619
LIM_CS_01,LOC_CS_2620
LIM_CS_01,LOC_CS_2621
LIM_CS_01,LOC_CS_2622
LIM_CS_01,LOC_CS_2623
LIM_CS_01,LOC_CS_2624
LIM_CS_01,LOC_CS_2625
LIM_CS_01,LOC_CS_2626
LIM_CS_01,LOC_CS_2627
LIM_CS_01,LOC_CS_2628
LIM_CS_01,LOC_CS_2629
LIM_CS_01,LOC_CS_2630
LIM_CS_01,LOC_CS_2631
LIM_CS_01,LOC_CS_2632
LIM_CS_01,LOC_CS_2633
LIM_CS_01,LOC_CS_2634
LIM_CS_01,LOC_CS_2635
LIM_CS_01,LOC_CS_2636
LIM_CS_01,LOC_CS_2637
LIM_CS_01,LOC_CS_2638
LIM_CS_01,LOC_CS_2639
LIM_CS_01,LOC_CS_2640
LIM_CS_01,LOC_CS_2641
LIM_CS_01,LOC_CS_2642
LIM_CS_01,LOC_CS_2643
LIM_CS_01,LOC_CS_2644
LIM_CS_01,LOC_CS_2645
LIM_CS_01,LOC_CS_2646
LIM_CS_01,LOC_CS_2647
LIM_CS_01,LOC_CS_2648
LIM_CS_01,LOC_CS_2649
LIM_CS_01,LOC_CS_2650
LIM_CS_01,LOC_CS_2651
LIM_CS_01,LOC_CS_2652
LIM_CS_01,LOC_CS_2653
LIM_CS_01,LOC_CS_2654
LIM_CS_01,LOC_CS_2655
LIM_CS_01,LOC_CS_2656
LIM_CS_01,LOC_CS_2657
LIM_CS_01,LOC_CS_2658
LIM_CS_01,LOC_CS_2659
LIM_CS_01,LOC_CS_2660
LIM_CS_01,LOC_CS_2661
LIM_CS_01,LOC_CS_2662
LIM_CS_01,LOC_CS_2663
LIM_CS_01,LOC_CS_2664
LIM_CS_01,LOC_CS_2665
LIM_CS_01,LOC_CS_2666
LIM_CS_01,LOC_CS_2667
LIM_CS_01,LOC_CS_2668
LIM_CS_01,LOC_CS_2669
LIM_CS_01,LOC_CS_2670
LIM_CS_01,LOC_CS_2671
LIM_CS_01,LOC_CS_2672
LIM_CS_01,LOC_CS_2673
LIM_CS_01,LOC_CS_2674
LIM_CS_01,LOC_CS_2675
LIM_CS_01,LOC_CS_2676
LIM_CS_01,LOC_CS_2677
LIM_CS_01,LOC_CS_2678
LIM_CS_01,LOC_CS_2679
LIM_CS_01,LOC_CS_2680
LIM_CS_01,LOC_CS_2681
LIM_CS_01,LOC_CS_2682
LIM_CS_01,LOC_CS_2683
LIM_CS_01,LOC_CS_2684
LIM_CS_01,LOC_CS_2685
LIM_CS_01,LOC_CS_2686
LIM_CS_01,LOC_CS_2687
LIM_CS_01,LOC_CS_2688
LIM_CS_01,LOC_CS_2689
LIM_CS_01,LOC_CS_2690
LIM_CS_01,LOC_CS_2691
LIM_CS_01,LOC_CS_2692
LIM_CS_01,LOC_CS_2693
LIM_CS_01,LOC_CS_2694
LIM_CS_01,LOC_CS_2695
LIM_CS_01,LOC_CS_2696
LIM_CS_01,LOC_CS_2697
LIM_CS_01,LOC_CS_2698
LIM_CS_01,LOC_CS_2699
LIM_CS_01,LOC_CS_2700
LIM_CS_01,LOC_CS_2701
LIM_CS_01,LOC_CS_2702
LIM_CS_01,LOC_CS_2703
LIM_CS_01,LOC_CS_2704
LIM_CS_01,LOC_CS_2705
LIM_CS_01,LOC_CS_2706
LIM_CS_01,LOC_CS_2707
LIM_CS_01,LOC_CS_2708
LIM_CS_01,LOC_CS_2709
LIM_CS_01,LOC_CS_2710
LIM_CS_01,LOC_CS_2711
LIM_CS_01,LOC_CS_2712
LIM_CS_01,LOC_CS_2713
LIM_CS_01,LOC_CS_2714
LIM_CS_01,LOC_CS_2715
LIM_CS_01,LOC_CS_2716
LIM_CS_01,LOC_CS_2717
LIM_CS_01,LOC_CS_2718
LIM_CS_01,LOC_CS_2719
LIM_CS_01,LOC_CS_2720
LIM_CS_01,LOC_CS_2721
LIM_CS_01,LOC_CS_2722
LIM_CS_01,LOC_CS_2723
LIM_CS_01,LOC_CS_2724
LIM_CS_01,LOC_CS_2725
LIM_CS_01,LOC_CS_2726
LIM_CS_01,LOC_CS_2727
LIM_CS_01,LOC_CS_2728
LIM_CS_01,LOC_CS_2729
LIM_CS_01,LOC_CS_2730
LIM_CS_01,LOC_CS_2731
LIM_CS_01,LOC_CS_2732
LIM_CS_01,LOC_CS_2733
LIM_CS_01,LOC_CS_2734
LIM_CS_01,LOC_CS_2735
LIM_CS_01,LOC_CS_2736
LIM_CS_01,LOC_CS_2737
LIM_CS_01,LOC_CS_2738
LIM_CS_01,LOC_CS_2739
LIM_CS_01,LOC_CS_2740
LIM_CS_01,LOC_CS_2741
LIM_CS_01,LOC_CS_2742
LIM_CS_01,LOC_CS_2743
LIM_CS_01,LOC_CS_2744
LIM_CS_01,LOC_CS_2745
LIM_CS_01,LOC_CS_2746
LIM_CS_01,LOC_CS_2747
LIM_CS_01,LOC_CS_2748
LIM_CS_01,LOC_CS_2749
LIM_CS_01,LOC_CS_2750
LIM_CS_01,LOC_CS_2751
LIM_CS_01,LOC_CS_2752
LIM_CS_01,LOC_CS_2753
LIM_CS_01,LOC_CS_2754
LIM_CS_01,LOC_CS_2755
LIM_CS_01,LOC_CS_2756
LIM_CS_01,LOC_CS_2757
LIM_CS_01,LOC_CS_2758
LIM_CS_01,LOC_CS_2759
LIM_CS_01,LOC_CS_2760
LIM_CS_01,LOC_CS_2761
LIM_CS_01,LOC_CS_2762
LIM_CS_01,LOC_CS_2763
LIM_CS_01,LOC_CS_2764
LIM_CS_01,LOC_CS_2765
LIM_CS_01,LOC_CS_2766
LIM_CS_01,LOC_CS_2767
LIM_CS_01,LOC_CS_2768
LIM_CS_01,LOC_CS_2769
LIM_CS_01,LOC_CS_2770
LIM_CS_01,LOC_CS_2771
LIM_CS_01,LOC_CS_2772
LIM_CS_01,LOC_CS_2773
LIM_CS_01,LOC_CS_2774
LIM_CS_01,LOC_CS_2775
LIM_CS_01,LOC_CS_2776
LIM_CS_01,LOC_CS_2777
LIM_CS_01,LOC_CS_2778
LIM_CS_01,LOC_CS_2779
LIM_CS_01,LOC_CS_2780
LIM_CS_01,LOC_CS_2781
LIM_CS_01,LOC_CS_2782
LIM_CS_01,LOC_CS_2783
LIM_CS_01,LOC_CS_2784
LIM_CS_01,LOC_CS_2785
LIM_CS_01,LOC_CS_2786
LIM_CS_01,LOC_CS_2787
LIM_CS_01,LOC_CS_2788
LIM_CS_01,LOC_CS_2789
LIM_CS_01,LOC_CS_2790
LIM_CS_01,LOC_CS_2791
LIM_CS_01,LOC_CS_2792
LIM_CS_01,LOC_CS_2793
LIM_CS_01,LOC_CS_2794
LIM_CS_01,LOC_CS_2795
LIM_CS_01,LOC_CS_2796
LIM_CS_01,LOC_CS_2797
LIM_CS_01,LOC_CS_2798
LIM_CS_01,LOC_CS_2799
LIM_CS_01,LOC_CS_2800
LIM_CS_01,LOC_CS_2801
LIM_CS_01,LOC_CS_2802
LIM_CS_01,LOC_CS_2803
LIM_CS_01,LOC_CS_2804
LIM_CS_01,LOC_CS_2805
LIM_CS_01,LOC_CS_2806
LIM_CS_01,LOC_CS_2807
LIM_CS_01,LOC_CS_2808
LIM_CS_01,LOC_CS_2809
LIM_CS_01,LOC_CS_2810
LIM_CS_01,LOC_CS_2811
LIM_CS_01,LOC_CS_2812
LIM_CS_01,LOC_CS_2813
LIM_CS_01,LOC_CS_2814
LIM_CS_01,LOC_CS_2815
LIM_CS_01,LOC_CS_2816
LIM_CS_01,LOC_CS_2817
LIM_CS_01,LOC_CS_2818
LIM_CS_01,LOC_CS_2819
LIM_CS_01,LOC_CS_2820
LIM_CS_01,LOC_CS_2821
LIM_CS_01,LOC_CS_2822
LIM_CS_01,LOC_CS_2823
LIM_CS_01,LOC_CS_2824
LIM_CS_01,LOC_CS_2825
LIM_CS_01,LOC_CS_2826
LIM_CS_01,LOC_CS_2827
LIM_CS_01,LOC_CS_2828
LIM_CS_01,LOC_CS_2829
LIM_CS_01,LOC_CS_2830
LIM_CS_01,LOC_CS_2831
LIM_CS_01,LOC_CS_2832
LIM_CS_01,LOC_CS_2833
LIM_CS_01,LOC_CS_2834
LIM_CS_01,LOC_CS_2835
LIM_CS_01,LOC_CS_2836
LIM_CS_01,LOC_CS_2837
LIM_CS_01,LOC_CS_2838
LIM_CS_01,LOC_CS_2839
LIM_CS_01,LOC_CS_2840
LIM_CS_01,LOC_CS_2841
LIM_CS_01,LOC_CS_2842
LIM_CS_01,LOC_CS_2843
LIM_CS_01,LOC_CS_2844
LIM_CS_01,LOC_CS_2845
LIM_CS_01,LOC_CS_2846
LIM_CS_01,LOC_CS_2847
LIM_CS_01,LOC_CS_2848
LIM_CS_01,LOC_CS_2849
LIM_CS_01,LOC_CS_2850
LIM_CS_01,LOC_CS_2851
LIM_CS_01,LOC_CS_2852
LIM_CS_01,LOC_CS_2853
LIM_CS_01,LOC_CS_2854
LIM_CS_01,LOC_CS_2855
LIM_CS_01,LOC_CS_2856
LIM_CS_01,LOC_CS_2857
LIM_CS_01,LOC_CS_2858
LIM_CS_01,LOC_CS_2859
LIM_CS_01,LOC_CS_2860
LIM_CS_01,LOC_CS_2861
LIM_CS_01,LOC_CS_2862
LIM_CS_01,LOC_CS_2863
LIM_CS_01,LOC_CS_2864
LIM_CS_01,LOC_CS_2865
LIM_CS_01,LOC_CS_2866
LIM_CS_01,LOC_CS_2867
LIM_CS_01,LOC_CS_2868
LIM_CS_01,LOC_CS_2869
LIM_CS_01,LOC_CS_2870
LIM_CS_01,LOC_CS_2871
LIM_CS_01,LOC_CS_2872
LIM_CS_01,LOC_CS_2873
LIM_CS_01,LOC_CS_2874
LIM_CS_01,LOC_CS_2875
LIM_CS_01,LOC_CS_2876
LIM_CS_01,LOC_CS_2877
LIM_CS_01,LOC_CS_2878
LIM_CS_01,LOC_CS_2879
LIM_CS_01,LOC_CS_2880
LIM_CS_01,LOC_CS_2881
LIM_CS_01,LOC_CS_2882
LIM_CS_01,LOC_CS_2883
LIM_CS_01,LOC_CS_2884
LIM_CS_01,LOC_CS_2885
LIM_CS_01,LOC_CS_2886
LIM_CS_01,LOC_CS_2887
LIM_CS_01,LOC_CS_2888
LIM_CS_01,LOC_CS_2889
LIM_CS_01,LOC_CS_2890
LIM_CS_01,LOC_CS_2891
LIM_CS_01,LOC_CS_2892
LIM_CS_01,LOC_CS_2893
LIM_CS_01,LOC_CS_2894
LIM_CS_01,LOC_CS_2895
LIM_CS_01,LOC_CS_2896
LIM_CS_01,LOC_CS_2897
LIM_CS_01,LOC_CS_2898
LIM_CS_01,LOC_CS_2899
LIM_CS_01,LOC_CS_2900
LIM_CS_01,LOC_CS_2901
LIM_CS_01,LOC_CS_2902
LIM_CS_01,LOC_CS_2903
LIM_CS_01,LOC_CS_2904
LIM_CS_01,LOC_CS_2905
LIM_CS_01,LOC_CS_2906
LIM_CS_01,LOC_CS_2907
LIM_CS_01,LOC_CS_2908
LIM_CS_01,LOC_CS_2909
LIM_CS_01,LOC_CS_2910
LIM_CS_01,LOC_CS_2911
LIM_CS_01,LOC_CS_2912
LIM_CS_01,LOC_CS_2913
LIM_CS_01,LOC_CS_2914
LIM_CS_01,LOC_CS_2915
LIM_CS_01,LOC_CS_2916
LIM_CS_01,LOC_CS_2917
LIM_CS_01,LOC_CS_2918
LIM_CS_01,LOC_CS_2919
LIM_CS_01,LOC_CS_2920
LIM_CS_01,LOC_CS_2921
LIM_CS_01,LOC_CS_2922
LIM_CS_01,LOC_CS_2923
LIM_CS_01,LOC_CS_2924
LIM_CS_01,LOC_CS_2925
LIM_CS_01,LOC_CS_2926
LIM_CS_01,LOC_CS_2927
LIM_CS_01,LOC_CS_2928
LIM_CS_01,LOC_CS_2929
LIM_CS_01,LOC_CS_2930
LIM_CS_01,LOC_CS_2931
LIM_CS_01,LOC_CS_2932
LIM_CS_01,LOC_CS_2933
LIM_CS_01,LOC_CS_2934
LIM_CS_01,LOC_CS_2935
LIM_CS_01,LOC_CS_2936
LIM_CS_01,LOC_CS_2937
LIM_CS_01,LOC_CS_2938
LIM_CS_01,LOC_CS_2939
LIM_CS_01,LOC_CS_2940
LIM_CS_01,LOC_CS_2941
LIM_CS_01,LOC_CS_2942
LIM_CS_01,LOC_CS_2943
LIM_CS_01,LOC_CS_2944
LIM_CS_01,LOC_CS_2945
LIM_CS_01,LOC_CS_2946
LIM_CS_01,LOC_CS_2947
LIM_CS_01,LOC_CS_2948
LIM_CS_01,LOC_CS_2949
LIM_CS_01,LOC_CS_2950
LIM_CS_01,LOC_CS_2951
LIM_CS_01,LOC_CS_2952
LIM_CS_01,LOC_CS_2953
LIM_CS_01,LOC_CS_2954
LIM_CS_01,LOC_CS_2955
LIM_CS_01,LOC_CS_2956
LIM_CS_01,LOC_CS_2957
LIM_CS_01,LOC_CS_2958
LIM_CS_01,LOC_CS_2959
LIM_CS_01,LOC_CS_2960
LIM_CS_01,LOC_CS_2961
LIM_CS_01,LOC_CS_2962
LIM_CS_01,LOC_CS_2963
LIM_CS_01,LOC_CS_2964
LIM_CS_01,LOC_CS_2965
LIM_CS_01,LOC_CS_2966
LIM_CS_01,LOC_CS_2967
LIM_CS_01,LOC_CS_2968
LIM_CS_01,LOC_CS_2969
LIM_CS_01,LOC_CS_2970
LIM_CS_01,LOC_CS_2971
LIM_CS_01,LOC_CS_2972
LIM_CS_01,LOC_CS_2973
LIM_CS_01,LOC_CS_2974
LIM_CS_01,LOC_CS_2975
LIM_CS_01,LOC_CS_2976
LIM_CS_01,LOC_CS_2977
LIM_CS_01,LOC_CS_2978
LIM_CS_01,LOC_CS_2979
LIM_CS_01,LOC_CS_2980
LIM_CS_01,LOC_CS_2981
LIM_CS_01,LOC_CS_2982
LIM_CS_01,LOC_CS_2983
LIM_CS_01,LOC_CS_2984
LIM_CS_01,LOC_CS_2985
LIM_CS_01,LOC_CS_2986
LIM_CS_01,LOC_CS_2987
LIM_CS_01,LOC_CS_2988
LIM_CS_01,LOC_CS_2989
LIM_CS_01,LOC_CS_2990
LIM_CS_01,LOC_CS_2991
LIM_CS_01,LOC_CS_2992
LIM_CS_01,LOC_CS_2993
LIM_CS_01,LOC_CS_2994
LIM_CS_01,LOC_CS_2995
LIM_CS_01,LOC_CS_2996
LIM_CS_01,LOC_CS_2997
LIM_CS_01,LOC_CS_2998
LIM_CS_01,LOC_CS_2999
LIM_CS_01,LOC_CS_3000
LIM_CS_01,LOC_CS_3001
LIM_CS_01,LOC_CS_3002
LIM_CS_01,LOC_CS_3003
LIM_CS_01,LOC_CS_3004
LIM_CS_01,LOC_CS_3005
LIM_CS_01,LOC_CS_3006
LIM_CS_01,LOC_CS_3007
LIM_CS_01,LOC_CS_3008
LIM_CS_01,LOC_CS_3009
LIM_CS_01,LOC_CS_3010
LIM_CS_01,LOC_CS_3011
LIM_CS_01,LOC_CS_3012
LIM_CS_01,LOC_CS_3013
LIM_CS_01,LOC_CS_3014
LIM_CS_01,LOC_CS_3015
LIM_CS_01,LOC_CS_3016
LIM_CS_01,LOC_CS_3017
LIM_CS_01,LOC_CS_3018
LIM_CS_01,LOC_CS_3019
LIM_CS_01,LOC_CS_3020
LIM_CS_01,LOC_CS_3021
LIM_CS_01,LOC_CS_3022
LIM_CS_01,LOC_CS_3023
LIM_CS_01,LOC_CS_3024
LIM_CS_01,LOC_CS_3025
LIM_CS_01,LOC_CS_3026
LIM_CS_01,LOC_CS_3027
LIM_CS_01,LOC_CS_3028
LIM_CS_01,LOC_CS_3029
LIM_CS_01,LOC_CS_3030
LIM_CS_01,LOC_CS_3031
LIM_CS_01,LOC_CS_3032
LIM_CS_01,LOC_CS_3033
LIM_CS_01,LOC_CS_3034
LIM_CS_01,LOC_CS_3035
LIM_CS_01,LOC_CS_3036
LIM_CS_01,LOC_CS_3037
LIM_CS_01,LOC_CS_3038
LIM_CS_01,LOC_CS_3039
LIM_CS_01,LOC_CS_3040
LIM_CS_01,LOC_CS_3041
LIM_CS_01,LOC_CS_3042
LIM_CS_01,LOC_CS_3043
LIM_CS_01,LOC_CS_3044
LIM_CS_01,LOC_CS_3045
LIM_CS_01,LOC_CS_3046
LIM_CS_01,LOC_CS_3047
LIM_CS_01,LOC_CS_3048
LIM_CS_01,LOC_CS_3049
LIM_CS_01,LOC_CS_3050
LIM_CS_01,LOC_CS_3051
LIM_CS_01,LOC_CS_3052
LIM_CS_01,LOC_CS_3053
LIM_CS_01,LOC_CS_3054
LIM_CS_01,LOC_CS_3055
LIM_CS_01,LOC_CS_3056
LIM_CS_01,LOC_CS_3057
LIM_CS_01,LOC_CS_3058
LIM_CS_01,LOC_CS_3059
LIM_CS_01,LOC_CS_3060
LIM_CS_01,LOC_CS_3061
LIM_CS_01,LOC_CS_3062
LIM_CS_01,LOC_CS_3063
LIM_CS_01,LOC_CS_3064
LIM_CS_01,LOC_CS_3065
LIM_CS_01,LOC_CS_3066
LIM_CS_01,LOC_CS_3067
LIM_CS_01,LOC_CS_3068
LIM_CS_01,LOC_CS_3069
LIM_CS_01,LOC_CS_3070
LIM_CS_01,LOC_CS_3071
LIM_CS_01,LOC_CS_3072
LIM_CS_01,LOC_CS_3073
LIM_CS_01,LOC_CS_3074
LIM_CS_01,LOC_CS_3075
LIM_CS_01,LOC_CS_3076
LIM_CS_01,LOC_CS_3077
LIM_CS_01,LOC_CS_3078
LIM_CS_01,LOC_CS_3079
LIM_CS_01,LOC_CS_3080
LIM_CS_01,LOC_CS_3081
LIM_CS_01,LOC_CS_3082
LIM_CS_01,LOC_CS_3083
LIM_CS_01,LOC_CS_3084
LIM_CS_01,LOC_CS_3085
LIM_CS_01,LOC_CS_3086
LIM_CS_01,LOC_CS_3087
LIM_CS_01,LOC_CS_3088
LIM_CS_01,LOC_CS_3089
LIM_CS_01,LOC_CS_3090
LIM_CS_01,LOC_CS_3091
LIM_CS_01,LOC_CS_3092
LIM_CS_01,LOC_CS_3093
LIM_CS_01,LOC_CS_3094
LIM_CS_01,LOC_CS_3095
LIM_CS_01,LOC_CS_3096
LIM_CS_01,LOC_CS_3097
LIM_CS_01,LOC_CS_3098
LIM_CS_01,LOC_CS_3099
LIM_CS_01,LOC_CS_3100
LIM_CS_01,LOC_CS_3101
LIM_CS_01,LOC_CS_3102
LIM_CS_01,LOC_CS_3103
LIM_CS_01,LOC_CS_3104
LIM_CS_01,LOC_CS_3105
LIM_CS_01,LOC_CS_3106
LIM_CS_01,LOC_CS_3107
LIM_CS_01,LOC_CS_3108
LIM_CS_01,LOC_CS_3109
LIM_CS_01,LOC_CS_3110
LIM_CS_01,LOC_CS_3111
LIM_CS_01,LOC_CS_3112
LIM_CS_01,LOC_CS_3113
LIM_CS_01,LOC_CS_3114
LIM_CS_01,LOC_CS_3115
LIM_CS_01,LOC_CS_3116
LIM_CS_01,LOC_CS_3117
LIM_CS_01,LOC_CS_3118
LIM_CS_01,LOC_CS_3119
LIM_CS_01,LOC_CS_3120
LIM_CS_01,LOC_CS_3121
LIM_CS_01,LOC_CS_3122
LIM_CS_01,LOC_CS_3123
LIM_CS_01,LOC_CS_3124
LIM_CS_01,LOC_CS_3125
LIM_CS_01,LOC_CS_3126
LIM_CS_01,LOC_CS_3127
LIM_CS_01,LOC_CS_3128
LIM_CS_01,LOC_CS_3129
LIM_CS_01,LOC_CS_3130
LIM_CS_01,LOC_CS_3131
LIM_CS_01,LOC_CS_3132
LIM_CS_01,LOC_CS_3133
LIM_CS_01,LOC_CS_3134
LIM_CS_01,LOC_CS_3135
LIM_CS_01,LOC_CS_3136
LIM_CS_01,LOC_CS_3137
LIM_CS_01,LOC_CS_3138
LIM_CS_01,LOC_CS_3139
LIM_CS_01,LOC_CS_3140
LIM_CS_01,LOC_CS_3141
LIM_CS_01,LOC_CS_3142
LIM_CS_01,LOC_CS_3143
LIM_CS_01,LOC_CS_3144
LIM_CS_01,LOC_CS_3145
LIM_CS_01,LOC_CS_3146
LIM_CS_01,LOC_CS_3147
LIM_CS_01,LOC_CS_3148
LIM_CS_01,LOC_CS_3149
LIM_CS_01,LOC_CS_3150
LIM_CS_01,LOC_CS_3151
LIM_CS_01,LOC_CS_3152
LIM_CS_01,LOC_CS_3153
LIM_CS_01,LOC_CS_3154
LIM_CS_01,LOC_CS_3155
LIM_CS_01,LOC_CS_3156
LIM_CS_01,LOC_CS_3157
LIM_CS_01,LOC_CS_3158
LIM_CS_01,LOC_CS_3159
LIM_CS_01,LOC_CS_3160
LIM_CS_01,LOC_CS_3161
LIM_CS_01,LOC_CS_3162
LIM_CS_01,LOC_CS_3163
LIM_CS_01,LOC_CS_3164
LIM_CS_01,LOC_CS_3165
LIM_CS_01,LOC_CS_3166
LIM_CS_01,LOC_CS_3167
LIM_CS_01,LOC_CS_3168
LIM_CS_01,LOC_CS_3169
LIM_CS_01,LOC_CS_3170
LIM_CS_01,LOC_CS_3171
LIM_CS_01,LOC_CS_3172
LIM_CS_01,LOC_CS_3173
LIM_CS_01,LOC_CS_3174
LIM_CS_01,LOC_CS_3175
LIM_CS_01,LOC_CS_3176
LIM_CS_01,LOC_CS_3177
LIM_CS_01,LOC_CS_3178
LIM_CS_01,LOC_CS_3179
LIM_CS_01,LOC_CS_3180
LIM_CS_01,LOC_CS_3181
LIM_CS_01,LOC_CS_3182
LIM_CS_01,LOC_CS_3183
LIM_CS_01,LOC_CS_3184
LIM_CS_01,LOC_CS_3185
LIM_CS_01,LOC_CS_3186
LIM_CS_01,LOC_CS_3187
LIM_CS_01,LOC_CS_3188
LIM_CS_01,LOC_CS_3189
LIM_CS_01,LOC_CS_3190
LIM_CS_01,LOC_CS_3191
LIM_CS_01,LOC_CS_3192
LIM_CS_01,LOC_CS_3193
LIM_CS_01,LOC_CS_3194
LIM_CS_01,LOC_CS_3195
LIM_CS_01,LOC_CS_3196
LIM_CS_01,LOC_CS_3197
LIM_CS_01,LOC_CS_3198
LIM_CS_01,LOC_CS_3199
LIM_CS_01,LOC_CS_3200
LIM_CS_01,LOC_CS_3201
LIM_CS_01,LOC_CS_3202
LIM_CS_01,LOC_CS_3203
LIM_CS_01,LOC_CS_3204
LIM_CS_01,LOC_CS_3205
LIM_CS_01,LOC_CS_3206
LIM_CS_01,LOC_CS_3207
LIM_CS_01,LOC_CS_3208
LIM_CS_01,LOC_CS_3209
LIM_CS_01,LOC_CS_3210
LIM_CS_01,LOC_CS_3211
LIM_CS_01,LOC_CS_3212
LIM_CS_01,LOC_CS_3213
LIM_CS_01,LOC_CS_3214
LIM_CS_01,LOC_CS_3215
LIM_CS_01,LOC_CS_3216
LIM_CS_01,LOC_CS_3217
LIM_CS_01,LOC_CS_3218
LIM_CS_01,LOC_CS_3219
LIM_CS_01,LOC_CS_3220
LIM_CS_01,LOC_CS_3221
LIM_CS_01,LOC_CS_3222
LIM_CS_01,LOC_CS_3223
LIM_CS_01,LOC_CS_3224
LIM_CS_01,LOC_CS_3225
LIM_CS_01,LOC_CS_3226
LIM_CS_01,LOC_CS_3227
LIM_CS_01,LOC_CS_3228
LIM_CS_01,LOC_CS_3229
LIM_CS_01,LOC_CS_3230
LIM_CS_01,LOC_CS_3231
LIM_CS_01,LOC_CS_3232
LIM_CS_01,LOC_CS_3233
LIM_CS_01,LOC_CS_3234
LIM_CS_01,LOC_CS_3235
LIM_CS_01,LOC_CS_3236
LIM_CS_01,LOC_CS_3237
LIM_CS_01,LOC_CS_3238
LIM_CS_01,LOC_CS_3239
LIM_CS_01,LOC_CS_3240
LIM_CS_01,LOC_CS_3241
LIM_CS_01,LOC_CS_3242
LIM_CS_01,LOC_CS_3243
LIM_CS_01,LOC_CS_3244
LIM_CS_01,LOC_CS_3245
LIM_CS_01,LOC_CS_3246
LIM_CS_01,LOC_CS_3247
LIM_CS_01,LOC_CS_3248
LIM_CS_01,LOC_CS_3249
LIM_CS_01,LOC_CS_3250
LIM_CS_01,LOC_CS_3251
LIM_CS_01,LOC_CS_3252
LIM_CS_01,LOC_CS_3253
LIM_CS_01,LOC_CS_3254
LIM_CS_01,LOC_CS_3255
LIM_CS_01,LOC_CS_3256
LIM_CS_01,LOC_CS_3257
LIM_CS_01,LOC_CS_3258
LIM_CS_01,LOC_CS_3259
LIM_CS_01,LOC_CS_3260
LIM_CS_01,LOC_CS_3261
LIM_CS_01,LOC_CS_3262
LIM_CS_01,LOC_CS_3263
LIM_CS_01,LOC_CS_3264
LIM_CS_01,LOC_CS_3265
LIM_CS_01,LOC_CS_3266
LIM_CS_01,LOC_CS_3267
LIM_CS_01,LOC_CS_3268
LIM_CS_01,LOC_CS_3269
LIM_CS_01,LOC_CS_3270
LIM_CS_01,LOC_CS_3271
LIM_CS_01,LOC_CS_3272
LIM_CS_01,LOC_CS_3273
LIM_CS_01,LOC_CS_3274
LIM_CS_01,LOC_CS_3275
LIM_CS_01,LOC_CS_3276
LIM_CS_01,LOC_CS_3277
LIM_CS_01,LOC_CS_3278
LIM_CS_01,LOC_CS_3279
LIM_CS_01,LOC_CS_3280
LIM_CS_01,LOC_CS_3281
LIM_CS_01,LOC_CS_3282
LIM_CS_01,LOC_CS_3283
LIM_CS_01,LOC_CS_3284
LIM_CS_01,LOC_CS_3285
LIM_CS_01,LOC_CS_3286
LIM_CS_01,LOC_CS_3287
LIM_CS_01,LOC_CS_3288
LIM_CS_01,LOC_CS_3289
LIM_CS_01,LOC_CS_3290
LIM_CS_01,LOC_CS_3291
LIM_CS_01,LOC_CS_3292
LIM_CS_01,LOC_CS_3293
LIM_CS_01,LOC_CS_3294
LIM_CS_01,LOC_CS_3295
LIM_CS_01,LOC_CS_3296
LIM_CS_01,LOC_CS_3297
LIM_CS_01,LOC_CS_3298
LIM_CS_01,LOC_CS_3299
LIM_CS_01,LOC_CS_3300
LIM_CS_01,LOC_CS_3301
LIM_CS_01,LOC_CS_3302
LIM_CS_01,LOC_CS_3303
LIM_CS_01,LOC_CS_3304
LIM_CS_01,LOC_CS_3305
LIM_CS_01,LOC_CS_3306
LIM_CS_01,LOC_CS_3307
LIM_CS_01,LOC_CS_3308
LIM_CS_01,LOC_CS_3309
LIM_CS_01,LOC_CS_3310
LIM_CS_01,LOC_CS_3311
LIM_CS_01,LOC_CS_3312
LIM_CS_01,LOC_CS_3313
LIM_CS_01,LOC_CS_3314
LIM_CS_01,LOC_CS_3315
LIM_CS_01,LOC_CS_3316
LIM_CS_01,LOC_CS_3317
LIM_CS_01,LOC_CS_3318
LIM_CS_01,LOC_CS_3319
LIM_CS_01,LOC_CS_3320
LIM_CS_01,LOC_CS_3321
LIM_CS_01,LOC_CS_3322
LIM_CS_01,LOC_CS_3323
LIM_CS_01,LOC_CS_3324
LIM_CS_01,LOC_CS_3325
LIM_CS_01,LOC_CS_3326
LIM_CS_01,LOC_CS_3327
LIM_CS_01,LOC_CS_3328
LIM_CS_01,LOC_CS_3329
LIM_CS_01,LOC_CS_3330
LIM_CS_01,LOC_CS_3331
LIM_CS_01,LOC_CS_3332
LIM_CS_01,LOC_CS_3333
LIM_CS_01,LOC_CS_3334
LIM_CS_01,LOC_CS_3335
LIM_CS_01,LOC_CS_3336
LIM_CS_01,LOC_CS_3337
LIM_CS_01,LOC_CS_3338
LIM_CS_01,LOC_CS_3339
LIM_CS_01,LOC_CS_3340
LIM_CS_01,LOC_CS_3341
LIM_CS_01,LOC_CS_3342
LIM_CS_01,LOC_CS_3343
LIM_CS_01,LOC_CS_3344
LIM_CS_01,LOC_CS_3345
LIM_CS_01,LOC_CS_3346
LIM_CS_01,LOC_CS_3347
LIM_CS_01,LOC_CS_3348
LIM_CS_01,LOC_CS_3349
LIM_CS_01,LOC_CS_3350
LIM_CS_01,LOC_CS_3351
LIM_CS_01,LOC_CS_3352
LIM_CS_01,LOC_CS_3353
LIM_CS_01,LOC_CS_3354
LIM_CS_01,LOC_CS_3355
LIM_CS_01,LOC_CS_3356
LIM_CS_01,LOC_CS_3357
LIM_CS_01,LOC_CS_3358
LIM_CS_01,LOC_CS_3359
LIM_CS_01,LOC_CS_3360
LIM_CS_01,LOC_CS_3361
LIM_CS_01,LOC_CS_3362
LIM_CS_01,LOC_CS_3363
LIM_CS_01,LOC_CS_3364
LIM_CS_01,LOC_CS_3365
LIM_CS_01,LOC_CS_3366
LIM_CS_01,LOC_CS_3367
LIM_CS_01,LOC_CS_3368
LIM_CS_01,LOC_CS_3369
LIM_CS_01,LOC_CS_3370
LIM_CS_01,LOC_CS_3371
LIM_CS_01,LOC_CS_3372
LIM_CS_01,LOC_CS_3373
LIM_CS_01,LOC_CS_3374
LIM_CS_01,LOC_CS_3375
LIM_CS_01,LOC_CS_3376
LIM_CS_01,LOC_CS_3377
LIM_CS_01,LOC_CS_3378
LIM_CS_01,LOC_CS_3379
LIM_CS_01,LOC_CS_3380
LIM_CS_01,LOC_CS_3381
LIM_CS_01,LOC_CS_3382
LIM_CS_01,LOC_CS_3383
LIM_CS_01,LOC_CS_3384
LIM_CS_01,LOC_CS_3385
LIM_CS_01,LOC_CS_3386
LIM_CS_01,LOC_CS_3387
LIM_CS_01,LOC_CS_3388
LIM_CS_01,LOC_CS_3389
LIM_CS_01,LOC_CS_3390
LIM_CS_01,LOC_CS_3391
LIM_CS_01,LOC_CS_3392
LIM_CS_01,LOC_CS_3393
LIM_CS_01,LOC_CS_3394
LIM_CS_01,LOC_CS_3395
LIM_CS_01,LOC_CS_3396
LIM_CS_01,LOC_CS_3397
LIM_CS_01,LOC_CS_3398
LIM_CS_01,LOC_CS_3399
LIM_CS_01,LOC_CS_3400
LIM_CS_01,LOC_CS_3401
LIM_CS_01,LOC_CS_3402
LIM_CS_01,LOC_CS_3403
LIM_CS_01,LOC_CS_3404
LIM_CS_01,LOC_CS_3405
LIM_CS_01,LOC_CS_3406
LIM_CS_01,LOC_CS_3407
LIM_CS_01,LOC_CS_3408
LIM_CS_01,LOC_CS_3409
LIM_CS_01,LOC_CS_3410
LIM_CS_01,LOC_CS_3411
LIM_CS_01,LOC_CS_3412
LIM_CS_01,LOC_CS_3413
LIM_CS_01,LOC_CS_3414
LIM_CS_01,LOC_CS_3415
LIM_CS_01,LOC_CS_3416
LIM_CS_01,LOC_CS_3417
LIM_CS_01,LOC_CS_3418
LIM_CS_01,LOC_CS_3419
LIM_CS_01,LOC_CS_3420
LIM_CS_01,LOC_CS_3421
LIM_CS_01,LOC_CS_3422
LIM_CS_01,LOC_CS_3423
LIM_CS_01,LOC_CS_3424
LIM_CS_01,LOC_CS_3425
LIM_CS_01,LOC_CS_3426
LIM_CS_01,LOC_CS_3427
LIM_CS_01,LOC_CS_3428
LIM_CS_01,LOC_CS_3429
LIM_CS_01,LOC_CS_3430
LIM_CS_01,LOC_CS_3431
LIM_CS_01,LOC_CS_3432
LIM_CS_01,LOC_CS_3433
LIM_CS_01,LOC_CS_3434
LIM_CS_01,LOC_CS_3435
LIM_CS_01,LOC_CS_3436
LIM_CS_01,LOC_CS_3437
LIM_CS_01,LOC_CS_3438
LIM_CS_01,LOC_CS_3439
LIM_CS_01,LOC_CS_3440
LIM_CS_01,LOC_CS_3441
LIM_CS_01,LOC_CS_3442
LIM_CS_01,LOC_CS_3443
LIM_CS_01,LOC_CS_3444
LIM_CS_01,LOC_CS_3445
LIM_CS_01,LOC_CS_3446
LIM_CS_01,LOC_CS_3447
LIM_CS_01,LOC_CS_3448
LIM_CS_01,LOC_CS_3449
LIM_CS_01,LOC_CS_3450
LIM_CS_01,LOC_CS_3451
LIM_CS_01,LOC_CS_3452
LIM_CS_01,LOC_CS_3453
LIM_CS_01,LOC_CS_3454
LIM_CS_01,LOC_CS_3455
LIM_CS_01,LOC_CS_3456
LIM_CS_01,LOC_CS_3457
LIM_CS_01,LOC_CS_3458
LIM_CS_01,LOC_CS_3459
LIM_CS_01,LOC_CS_3460
LIM_CS_01,LOC_CS_3461
LIM_CS_01,LOC_CS_3462
LIM_CS_01,LOC_CS_3463
LIM_CS_01,LOC_CS_3464
LIM_CS_01,LOC_CS_3465
LIM_CS_01,LOC_CS_3466
LIM_CS_01,LOC_CS_3467
LIM_CS_01,LOC_CS_3468
LIM_CS_01,LOC_CS_3469
LIM_CS_01,LOC_CS_3470
LIM_CS_01,LOC_CS_3471
LIM_CS_01,LOC_CS_3472
LIM_CS_01,LOC_CS_3473
LIM_CS_01,LOC_CS_3474
LIM_CS_01,LOC_CS_3475
LIM_CS_01,LOC_CS_3476
LIM_CS_01,LOC_CS_3477
LIM_CS_01,LOC_CS_3478
LIM_CS_01,LOC_CS_3479
LIM_CS_01,LOC_CS_3480
LIM_CS_01,LOC_CS_3481
LIM_CS_01,LOC_CS_3482
LIM_CS_01,LOC_CS_3483
LIM_CS_01,LOC_CS_3484
LIM_CS_01,LOC_CS_3485
LIM_CS_01,LOC_CS_3486
LIM_CS_01,LOC_CS_3487
LIM_CS_01,LOC_CS_3488
LIM_CS_01,LOC_CS_3489
LIM_CS_01,LOC_CS_3490
LIM_CS_01,LOC_CS_3491
LIM_CS_01,LOC_CS_3492
LIM_CS_01,LOC_CS_3493
LIM_CS_01,LOC_CS_3494
LIM_CS_01,LOC_CS_3495
LIM_CS_01,LOC_CS_3496
LIM_CS_01,LOC_CS_3497
LIM_CS_01,LOC_CS_3498
LIM_CS_01,LOC_CS_3499
LIM_CS_01,LOC_CS_3500
LIM_CS_01,LOC_CS_3501
LIM_CS_01,LOC_CS_3502
LIM_CS_01,LOC_CS_3503
LIM_CS_01,LOC_CS_3504
LIM_CS_01,LOC_CS_3505
LIM_CS_01,LOC_CS_3506
LIM_CS_01,LOC_CS_3507
LIM_CS_01,LOC_CS_3508
LIM_CS_01,LOC_CS_3509
LIM_CS_01,LOC_CS_3510
LIM_CS_01,LOC_CS_3511
LIM_CS_01,LOC_CS_3512
LIM_CS_01,LOC_CS_3513
LIM_CS_01,LOC_CS_3514
LIM_CS_01,LOC_CS_3515
LIM_CS_01,LOC_CS_3516
LIM_CS_01,LOC_CS_3517
LIM_CS_01,LOC_CS_3518
LIM_CS_01,LOC_CS_3519
LIM_CS_01,LOC_CS_3520
LIM_CS_01,LOC_CS_3521
LIM_CS_01,LOC_CS_3522
LIM_CS_01,LOC_CS_3523
LIM_CS_01,LOC_CS_3524
LIM_CS_01,LOC_CS_3525
LIM_CS_01,LOC_CS_3526
LIM_CS_01,LOC_CS_3527
LIM_CS_01,LOC_CS_3528
LIM_CS_01,LOC_CS_3529
LIM_CS_01,LOC_CS_3530
LIM_CS_01,LOC_CS_3531
LIM_CS_01,LOC_CS_3532
LIM_CS_01,LOC_CS_3533
LIM_CS_01,LOC_CS_3534
LIM_CS_01,LOC_CS_3535
LIM_CS_01,LOC_CS_3536
LIM_CS_01,LOC_CS_3537
LIM_CS_01,LOC_CS_3538
LIM_CS_01,LOC_CS_3539
LIM_CS_01,LOC_CS_3540
LIM_CS_01,LOC_CS_3541
LIM_CS_01,LOC_CS_3542
LIM_CS_01,LOC_CS_3543
LIM_CS_01,LOC_CS_3544
LIM_CS_01,LOC_CS_3545
LIM_CS_01,LOC_CS_3546
LIM_CS_01,LOC_CS_3547
LIM_CS_01,LOC_CS_3548
LIM_CS_01,LOC_CS_3549
LIM_CS_01,LOC_CS_3550
LIM_CS_01,LOC_CS_3551
LIM_CS_01,LOC_CS_3552
LIM_CS_01,LOC_CS_3553
LIM_CS_01,LOC_CS_3554
LIM_CS_01,LOC_CS_3555
LIM_CS_01,LOC_CS_3556
LIM_CS_01,LOC_CS_3557
LIM_CS_01,LOC_CS_3558
LIM_CS_01,LOC_CS_3559
LIM_CS_01,LOC_CS_3560
LIM_CS_01,LOC_CS_3561
LIM_CS_01,LOC_CS_3562
LIM_CS_01,LOC_CS_3563
LIM_CS_01,LOC_CS_3564
LIM_CS_01,LOC_CS_3565
LIM_CS_01,LOC_CS_3566
LIM_CS_01,LOC_CS_3567
LIM_CS_01,LOC_CS_3568
LIM_CS_01,LOC_CS_3569
LIM_CS_01,LOC_CS_3570
LIM_CS_01,LOC_CS_3571
LIM_CS_01,LOC_CS_3572
LIM_CS_01,LOC_CS_3573
LIM_CS_01,LOC_CS_3574
LIM_CS_01,LOC_CS_3575
LIM_CS_01,LOC_CS_3576
LIM_CS_01,LOC_CS_3577
LIM_CS_01,LOC_CS_3578
LIM_CS_01,LOC_CS_3579
LIM_CS_01,LOC_CS_3580
LIM_CS_01,LOC_CS_3581
LIM_CS_01,LOC_CS_3582
LIM_CS_01,LOC_CS_3583
LIM_CS_01,LOC_CS_3584
LIM_CS_01,LOC_CS_3585
LIM_CS_01,LOC_CS_3586
LIM_CS_01,LOC_CS_3587
LIM_CS_01,LOC_CS_3588
LIM_CS_01,LOC_CS_3589
LIM_CS_01,LOC_CS_3590
LIM_CS_01,LOC_CS_3591
LIM_CS_01,LOC_CS_3592
LIM_CS_01,LOC_CS_3593
LIM_CS_01,LOC_CS_3594
LIM_CS_01,LOC_CS_3595
LIM_CS_01,LOC_CS_3596
LIM_CS_01,LOC_CS_3597
LIM_CS_01,LOC_CS_3598
LIM_CS_01,LOC_CS_3599
LIM_CS_01,LOC_CS_3600
LIM_CS_01,LOC_CS_3601
LIM_CS_01,LOC_CS_3602
LIM_CS_01,LOC_CS_3603
LIM_CS_01,LOC_CS_3604
LIM_CS_01,LOC_CS_3605
LIM_CS_01,LOC_CS_3606
LIM_CS_01,LOC_CS_3607
LIM_CS_01,LOC_CS_3608
LIM_CS_01,LOC_CS_3609
LIM_CS_01,LOC_CS_3610
LIM_CS_01,LOC_CS_3611
LIM_CS_01,LOC_CS_3612
LIM_CS_01,LOC_CS_3613
LIM_CS_01,LOC_CS_3614
LIM_CS_01,LOC_CS_3615
LIM_CS_01,LOC_CS_3616
LIM_CS_01,LOC_CS_3617
LIM_CS_01,LOC_CS_3618
LIM_CS_01,LOC_CS_3619
LIM_CS_01,LOC_CS_3620
LIM_CS_01,LOC_CS_3621
LIM_CS_01,LOC_CS_3622
LIM_CS_01,LOC_CS_3623
LIM_CS_01,LOC_CS_3624
LIM_CS_01,LOC_CS_3625
LIM_CS_01,LOC_CS_3626
LIM_CS_01,LOC_CS_3627
LIM_CS_01,LOC_CS_3628
LIM_CS_01,LOC_CS_3629
LIM_CS_01,LOC_CS_3630
LIM_CS_01,LOC_CS_3631
LIM_CS_01,LOC_CS_3632
LIM_CS_01,LOC_CS_3633
LIM_CS_01,LOC_CS_3634
LIM_CS_01,LOC_CS_3635
LIM_CS_01,LOC_CS_3636
LIM_CS_01,LOC_CS_3637
LIM_CS_01,LOC_CS_3638
LIM_CS_01,LOC_CS_3639
LIM_CS_01,LOC_CS_3640
LIM_CS_01,LOC_CS_3641
LIM_CS_01,LOC_CS_3642
LIM_CS_01,LOC_CS_3643
LIM_CS_01,LOC_CS_3644
LIM_CS_01,LOC_CS_3645
LIM_CS_01,LOC_CS_3646
LIM_CS_01,LOC_CS_3647
LIM_CS_01,LOC_CS_3648
LIM_CS_01,LOC_CS_3649
LIM_CS_01,LOC_CS_3650
LIM_CS_01,LOC_CS_3651
LIM_CS_01,LOC_CS_3652
LIM_CS_01,LOC_CS_3653
LIM_CS_01,LOC_CS_3654
LIM_CS_01,LOC_CS_3655
LIM_CS_01,LOC_CS_3656
LIM_CS_01,LOC_CS_3657
LIM_CS_01,LOC_CS_3658
LIM_CS_01,LOC_CS_3659
LIM_CS_01,LOC_CS_3660
LIM_CS_01,LOC_CS_3661
LIM_CS_01,LOC_CS_3662
LIM_CS_01,LOC_CS_3663
LIM_CS_01,LOC_CS_3664
LIM_CS_01,LOC_CS_3665
LIM_CS_01,LOC_CS_3666
LIM_CS_01,LOC_CS_3667
LIM_CS_01,LOC_CS_3668
LIM_CS_01,LOC_CS_3669
LIM_CS_01,LOC_CS_3670
LIM_CS_01,LOC_CS_3671
LIM_CS_01,LOC_CS_3672
LIM_CS_01,LOC_CS_3673
LIM_CS_01,LOC_CS_3674
LIM_CS_01,LOC_CS_3675
LIM_CS_01,LOC_CS_3676
LIM_CS_01,LOC_CS_3677
LIM_CS_01,LOC_CS_3678
LIM_CS_01,LOC_CS_3679
LIM_CS_01,LOC_CS_3680
LIM_CS_01,LOC_CS_3681
LIM_CS_01,LOC_CS_3682
LIM_CS_01,LOC_CS_3683
LIM_CS_01,LOC_CS_3684
LIM_CS_01,LOC_CS_3685
LIM_CS_01,LOC_CS_3686
LIM_CS_01,LOC_CS_3687
LIM_CS_01,LOC_CS_3688
LIM_CS_01,LOC_CS_3689
LIM_CS_01,LOC_CS_3690
LIM_CS_01,LOC_CS_3691
LIM_CS_01,LOC_CS_3692
LIM_CS_01,LOC_CS_3693
LIM_CS_01,LOC_CS_3694
LIM_CS_01,LOC_CS_3695
LIM_CS_01,LOC_CS_3696
LIM_CS_01,LOC_CS_3697
LIM_CS_01,LOC_CS_3698
LIM_CS_01,LOC_CS_3699
LIM_CS_01,LOC_CS_3700
LIM_CS_01,LOC_CS_3701
LIM_CS_01,LOC_CS_3702
LIM_CS_01,LOC_CS_3703
LIM_CS_01,LOC_CS_3704
LIM_CS_01,LOC_CS_3705
LIM_CS_01,LOC_CS_3706
LIM_CS_01,LOC_CS_3707
LIM_CS_01,LOC_CS_3708
LIM_CS_01,LOC_CS_3709
LIM_CS_01,LOC_CS_3710
LIM_CS_01,LOC_CS_3711
LIM_CS_01,LOC_CS_3712
LIM_CS_01,LOC_CS_3713
LIM_CS_01,LOC_CS_3714
LIM_CS_01,LOC_CS_3715
LIM_CS_01,LOC_CS_3716
LIM_CS_01,LOC_CS_3717
LIM_CS_01,LOC_CS_3718
LIM_CS_01,LOC_CS_3719
LIM_CS_01,LOC_CS_3720
LIM_CS_01,LOC_CS_3721
LIM_CS_01,LOC_CS_3722
LIM_CS_01,LOC_CS_3723
LIM_CS_01,LOC_CS_3724
LIM_CS_01,LOC_CS_3725
LIM_CS_01,LOC_CS_3726
LIM_CS_01,LOC_CS_3727
LIM_CS_01,LOC_CS_3728
LIM_CS_01,LOC_CS_3729
LIM_CS_01,LOC_CS_3730
LIM_CS_01,LOC_CS_3731
LIM_CS_01,LOC_CS_3732
LIM_CS_01,LOC_CS_3733
LIM_CS_01,LOC_CS_3734
LIM_CS_01,LOC_CS_3735
LIM_CS_01,LOC_CS_3736
LIM_CS_01,LOC_CS_3737
LIM_CS_01,LOC_CS_3738
LIM_CS_01,LOC_CS_3739
LIM_CS_01,LOC_CS_3740
LIM_CS_01,LOC_CS_3741
LIM_CS_01,LOC_CS_3742
LIM_CS_01,LOC_CS_3743
LIM_CS_01,LOC_CS_3744
LIM_CS_01,LOC_CS_3745
LIM_CS_01,LOC_CS_3746
LIM_CS_01,LOC_CS_3747
LIM_CS_01,LOC_CS_3748
LIM_CS_01,LOC_CS_3749
LIM_CS_01,LOC_CS_3750
LIM_CS_01,LOC_CS_3751
LIM_CS_01,LOC_CS_3752
LIM_CS_01,LOC_CS_3753
LIM_CS_01,LOC_CS_3754
LIM_CS_01,LOC_CS_3755
LIM_CS_01,LOC_CS_3756
LIM_CS_01,LOC_CS_3757
LIM_CS_01,LOC_CS_3758
LIM_CS_01,LOC_CS_3759
LIM_CS_01,LOC_CS_3760
LIM_CS_01,LOC_CS_3761
LIM_CS_01,LOC_CS_3762
LIM_CS_01,LOC_CS_3763
LIM_CS_01,LOC_CS_3764
LIM_CS_01,LOC_CS_3765
LIM_CS_01,LOC_CS_3766
LIM_CS_01,LOC_CS_3767
LIM_CS_01,LOC_CS_3768
LIM_CS_01,LOC_CS_3769
LIM_CS_01,LOC_CS_3770
LIM_CS_01,LOC_CS_3771
LIM_CS_01,LOC_CS_3772
LIM_CS_01,LOC_CS_3773
LIM_CS_01,LOC_CS_3774
LIM_CS_01,LOC_CS_3775
LIM_CS_01,LOC_CS_3776
LIM_CS_01,LOC_CS_3777
LIM_CS_01,LOC_CS_3778
LIM_CS_01,LOC_CS_3779
LIM_CS_01,LOC_CS_3780
LIM_CS_01,LOC_CS_3781
LIM_CS_01,LOC_CS_3782
LIM_CS_01,LOC_CS_3783
LIM_CS_01,LOC_CS_3784
LIM_CS_01,LOC_CS_3785
LIM_CS_01,LOC_CS_3786
LIM_CS_01,LOC_CS_3787
LIM_CS_01,LOC_CS_3788
LIM_CS_01,LOC_CS_3789
LIM_CS_01,LOC_CS_3790
LIM_CS_01,LOC_CS_3791
LIM_CS_01,LOC_CS_3792
LIM_CS_01,LOC_CS_3793
LIM_CS_01,LOC_CS_4704
LIM_CS_01,LOC_CS_3794
LIM_CS_08,LOC_CS_3795
LIM_CS_08,LOC_CS_3796
LIM_CS_08,LOC_CS_3797
LIM_CS_08,LOC_CS_3798
LIM_CS_08,LOC_CS_3799
LIM_CS_08,LOC_CS_3800
LIM_CS_08,LOC_CS_3801
LIM_CS_08,LOC_CS_3802
LIM_CS_08,LOC_CS_3803
LIM_CS_08,LOC_CS_3804
LIM_CS_08,LOC_CS_3805
LIM_CS_08,LOC_CS_3806
LIM_CS_08,LOC_CS_3807
LIM_CS_08,LOC_CS_3808
LIM_CS_08,LOC_CS_3809
LIM_CS_08,LOC_CS_3810
LIM_CS_08,LOC_CS_3811
LIM_CS_08,LOC_CS_3812
LIM_CS_08,LOC_CS_3813
LIM_CS_08,LOC_CS_3814
LIM_CS_08,LOC_CS_3815
LIM_CS_08,LOC_CS_3816
LIM_CS_08,LOC_CS_3817
LIM_CS_08,LOC_CS_3818
LIM_CS_08,LOC_CS_3819
LIM_CS_08,LOC_CS_3820
LIM_CS_08,LOC_CS_3821
LIM_CS_08,LOC_CS_3822
LIM_CS_08,LOC_CS_3823
LIM_CS_08,LOC_CS_3824
LIM_CS_08,LOC_CS_3825
LIM_CS_08,LOC_CS_3826
LIM_CS_08,LOC_CS_3827
LIM_CS_08,LOC_CS_3828
LIM_CS_08,LOC_CS_3829
LIM_CS_08,LOC_CS_3830
LIM_CS_08,LOC_CS_3831
LIM_CS_08,LOC_CS_3832
LIM_CS_08,LOC_CS_3833
LIM_CS_08,LOC_CS_3834
LIM_CS_08,LOC_CS_3835
LIM_CS_08,LOC_CS_3836
LIM_CS_08,LOC_CS_3837
LIM_CS_08,LOC_CS_3838
LIM_CS_08,LOC_CS_3839
LIM_CS_08,LOC_CS_3840
LIM_CS_08,LOC_CS_3841
LIM_CS_08,LOC_CS_3842
LIM_CS_08,LOC_CS_3843
LIM_CS_08,LOC_CS_3844
LIM_CS_08,LOC_CS_3845
LIM_CS_08,LOC_CS_3846
LIM_CS_08,LOC_CS_3847
LIM_CS_08,LOC_CS_3848
LIM_CS_08,LOC_CS_3849
LIM_CS_08,LOC_CS_3850
LIM_CS_08,LOC_CS_3851
LIM_CS_08,LOC_CS_3852
LIM_CS_08,LOC_CS_3853
LIM_CS_08,LOC_CS_3854
LIM_CS_08,LOC_CS_3855
LIM_CS_08,LOC_CS_3856
LIM_CS_08,LOC_CS_3857
LIM_CS_08,LOC_CS_3858
LIM_CS_08,LOC_CS_3859
LIM_CS_08,LOC_CS_3860
LIM_CS_08,LOC_CS_3861
LIM_CS_08,LOC_CS_3862
LIM_CS_08,LOC_CS_3863
LIM_CS_08,LOC_CS_3864
LIM_CS_08,LOC_CS_3865
LIM_CS_08,LOC_CS_3866
LIM_CS_08,LOC_CS_3867
LIM_CS_08,LOC_CS_3868
LIM_CS_08,LOC_CS_3869
LIM_CS_08,LOC_CS_3870
LIM_CS_08,LOC_CS_3871
LIM_CS_08,LOC_CS_3872
LIM_CS_08,LOC_CS_3873
LIM_CS_08,LOC_CS_3874
LIM_CS_08,LOC_CS_3875
LIM_CS_08,LOC_CS_3876
LIM_CS_08,LOC_CS_3877
LIM_CS_08,LOC_CS_3878
LIM_CS_08,LOC_CS_3879
LIM_CS_08,LOC_CS_3880
LIM_CS_08,LOC_CS_3881
LIM_CS_08,LOC_CS_3882
LIM_CS_08,LOC_CS_3883
LIM_CS_08,LOC_CS_3884
LIM_CS_08,LOC_CS_3885
LIM_CS_08,LOC_CS_3886
LIM_CS_08,LOC_CS_3887
LIM_CS_08,LOC_CS_3888
LIM_CS_08,LOC_CS_3889
LIM_CS_08,LOC_CS_3890
LIM_CS_08,LOC_CS_3891
LIM_CS_08,LOC_CS_3892
LIM_CS_08,LOC_CS_3893
LIM_CS_08,LOC_CS_3894
LIM_CS_08,LOC_CS_3895
LIM_CS_08,LOC_CS_3896
LIM_CS_08,LOC_CS_3897
LIM_CS_08,LOC_CS_3898
LIM_CS_08,LOC_CS_3899
LIM_CS_08,LOC_CS_3900
LIM_CS_08,LOC_CS_3901
LIM_CS_08,LOC_CS_3902
LIM_CS_08,LOC_CS_3903
LIM_CS_08,LOC_CS_3904
LIM_CS_08,LOC_CS_3905
LIM_CS_08,LOC_CS_3906
LIM_CS_08,LOC_CS_3907
LIM_CS_08,LOC_CS_3908
LIM_CS_08,LOC_CS_3909
LIM_CS_08,LOC_CS_3910
LIM_CS_08,LOC_CS_3911
LIM_CS_08,LOC_CS_3912
LIM_CS_08,LOC_CS_3913
LIM_CS_08,LOC_CS_3914
LIM_CS_08,LOC_CS_3915
LIM_CS_08,LOC_CS_3916
LIM_CS_08,LOC_CS_3917
LIM_CS_08,LOC_CS_3918
LIM_CS_08,LOC_CS_3919
LIM_CS_08,LOC_CS_3920
LIM_CS_08,LOC_CS_3921
LIM_CS_08,LOC_CS_3922
LIM_CS_08,LOC_CS_3923
LIM_CS_08,LOC_CS_3924
LIM_CS_08,LOC_CS_3925
LIM_CS_08,LOC_CS_3926
LIM_CS_08,LOC_CS_3927
LIM_CS_08,LOC_CS_3928
LIM_CS_08,LOC_CS_3929
LIM_CS_08,LOC_CS_3930
LIM_CS_08,LOC_CS_3931
LIM_CS_08,LOC_CS_3932
LIM_CS_08,LOC_CS_3933
LIM_CS_08,LOC_CS_3934
LIM_CS_08,LOC_CS_3935
LIM_CS_08,LOC_CS_3936
LIM_CS_08,LOC_CS_3937
LIM_CS_08,LOC_CS_3938
LIM_CS_08,LOC_CS_3939
LIM_CS_08,LOC_CS_3940
LIM_CS_08,LOC_CS_3941
LIM_CS_08,LOC_CS_3942
LIM_CS_08,LOC_CS_3943
LIM_CS_08,LOC_CS_3944
LIM_CS_08,LOC_CS_3945
LIM_CS_08,LOC_CS_3946
LIM_CS_08,LOC_CS_3947
LIM_CS_08,LOC_CS_3948
LIM_CS_08,LOC_CS_3949
LIM_CS_08,LOC_CS_3950
LIM_CS_08,LOC_CS_3951
LIM_CS_08,LOC_CS_3952
LIM_CS_08,LOC_CS_3953
LIM_CS_08,LOC_CS_3954
LIM_CS_08,LOC_CS_3955
LIM_CS_08,LOC_CS_3956
LIM_CS_08,LOC_CS_3957
LIM_CS_08,LOC_CS_3958
LIM_CS_08,LOC_CS_3959
LIM_CS_08,LOC_CS_3960
LIM_CS_08,LOC_CS_3961
LIM_CS_08,LOC_CS_3962
LIM_CS_08,LOC_CS_3963
LIM_CS_08,LOC_CS_3964
LIM_CS_08,LOC_CS_3965
LIM_CS_08,LOC_CS_3966
LIM_CS_08,LOC_CS_3967
LIM_CS_08,LOC_CS_3968
LIM_CS_08,LOC_CS_3969
LIM_CS_08,LOC_CS_3970
LIM_CS_08,LOC_CS_3971
LIM_CS_08,LOC_CS_3972
LIM_CS_08,LOC_CS_3973
LIM_CS_08,LOC_CS_3974
LIM_CS_08,LOC_CS_3975
LIM_CS_08,LOC_CS_3976
LIM_CS_08,LOC_CS_3977
LIM_CS_08,LOC_CS_3978
LIM_CS_08,LOC_CS_3979
LIM_CS_08,LOC_CS_3980
LIM_CS_08,LOC_CS_3981
LIM_CS_08,LOC_CS_4705
LIM_CS_06B,LOC_CS_4705
LIM_CS_06B,LOC_CS_3982
LIM_CS_06B,LOC_CS_0001
LIM_CS_06B,P_B_CS_04_IND_1977
LIM_CS_06B,P_B_CS_05_IND_1977
LIM_CS_06B,P_B_CS_06_IND_1977
LIM_CS_06B,P_B_CS_07_IND_1977
LIM_CS_06A,P_B_CS_04_IND_1974
LIM_CS_06A,P_B_CS_04_IND_1974
LIM_CS_06A,P_B_CS_03_IND_1974
LIM_CS_06A,P_B_CS_02_IND_1974
LIM_CS_06A,P_B_CS_01_IND_1974
LIM_CS_06B,P_B_CS_01_IND_1974
LIM_CS_06B,P_B_CS_01_IND_1977
LIM_CS_06B,P_B_CS_02_IND_1977
LIM_CS_06B,P_B_CS_03_IND_1977
LIM_CS_06C,P_B_CS_03_IND_1977
LIM_CS_06C,P_B_CS_01_IND/THA_1978
LIM_CS_06D,P_B_CS_01_IND/THA_1978
LIM_CS_06D,P_B_CS_01_THA_1975
LIM_CS_06E,P_B_CS_01_THA_1975
LIM_CS_06E,P_B_CS_02_THA_1971
LIM_CS_06F,P_B_CS_02_THA_1971
LIM_CS_06F,P_B_CS_01_THA_1971
LIM_CS_06G,P_B_CS_01_THA_1971
LIM_CS_06G,P_B_CS_01_MYS/THA_1971
LIM_CS_06H,P_B_CS_01_MYS/THA_1971
LIM_CS_06H,P_B_CS_01_MYS_1969
LIM_CS_06I,P_B_CS_01_MYS_1969
LIM_CS_06I,P_B_CS_02_MYS_1969
LIM_CS_06I,P_B_CS_03_MYS_1969
LIM_CS_06I,P_B_CS_04_MYS_1969
LIM_CS_06I,LOC_CZ_2503
LIM_CS_03B,P_B_CS_A16_AUS_1972
LIM_CS_03B,LOC_CS_0031
LIM_CS_03B,LOC_CS_0032
LIM_CS_03B,LOC_CS_0033
LIM_CS_03B,LOC_TS_1131
LIM_CS_03B,LOC_TS_1325
LIM_CS_03B,LOC_CS_0034
LIM_CS_03B,LOC_CS_0035
LIM_CS_03B,LOC_CS_0036
LIM_CS_03B,P_B_CS_A17_AUS_1972
LIM_CS_06M,P_B_CS_01_PNG_1973
LIM_CS_06M,P_B_CS_03_PNG_1973
LIM_CS_06M,P_B_CS_A1_AUS_1971
LIM_ECS_01,LOC_ECS_0001
LIM_ECS_01,LOC_ECS_0002
LIM_ECS_01,LOC_ECS_0003
LIM_ECS_01,LOC_ECS_0004
LIM_ECS_01,LOC_ECS_0005