{
"type": "FeatureCollection",
"name": "BZEE_PerluKesepakatan",
"crs": { "type": "name", "properties": { "name": "urn:ogc:def:crs:OGC:1.3:CRS84" } },
"features": [
{ "type": "Feature", "properties": { "fid": 4, "ID": "8", "Jenis": "-", "TipeZona": "Batas ZEE", "Datum": "WGS-84", "Panjang": "317.854 mil laut", "Batas_Ngr": "India", "StatusLaut": "Perlu Kesepakatan", "Jenis_Janj": "-", "Janji_Tgl": "-", "Janji_Thn": null, "Ratif_Jns": "-", "Ratif_No": null, "Ratif_Thn": null }, "geometry": { "type": "MultiLineString", "coordinates": [ [ [ 92.047812762559587, 3.801931519725683 ], [ 92.259738675022589, 3.887901564601594 ], [ 94.266855389534456, 6.11285535594464 ], [ 94.426025576430121, 6.307628660100913 ], [ 94.678471966652197, 6.72333086233489 ], [ 95.377290649779226, 7.604011869692634 ], [ 95.505480449111559, 7.797162999866168 ] ] ] } },
{ "type": "Feature", "properties": { "fid": 5, "ID": "11", "Jenis": "-", "TipeZona": "Batas ZEE", "Datum": "WGS-84", "Panjang": "256.463 mil laut", "Batas_Ngr": "-", "StatusLaut": "Perlu Kesepakatan", "Jenis_Janj": "-", "Janji_Tgl": "-", "Janji_Thn": null, "Ratif_Jns": "-", "Ratif_No": null, "Ratif_Thn": null }, "geometry": { "type": "MultiLineString", "coordinates": [ [ [ 98.317387653323337, 5.910873090039661 ], [ 98.34431609893366, 5.88889721787792 ], [ 98.89529280249171, 5.439253975311807 ], [ 99.786486433468497, 4.51060242312996 ], [ 100.009092062370257, 4.148323286215064 ], [ 99.977743323599626, 4.128420445790024 ], [ 99.954269896638422, 4.107618212809587 ], [ 99.936294522193009, 4.08555714292916 ], [ 99.920466621658193, 4.06041982540655 ], [ 99.909343839979698, 4.034494175135983 ], [ 99.902123581214596, 4.00798930887014 ], [ 99.899494773970247, 3.980437415081488 ], [ 99.89855150997154, 3.957753535056086 ], [ 99.901246737930734, 3.934285399380731 ], [ 99.907743136207785, 3.907901005734937 ], [ 99.916912065590779, 3.88443122845384 ], [ 99.927453081478959, 3.862589198989886 ], [ 99.945207689770157, 3.840038692077649 ], [ 99.964597332009731, 3.820010594443138 ], [ 99.987584964020101, 3.802203359203638 ], [ 100.018646304545939, 3.785741363737446 ], [ 100.04652518735945, 3.775602292009153 ], [ 100.081124697299472, 3.769533117768575 ], [ 100.112140511644668, 3.770295190743769 ], [ 100.145410369106955, 3.774439570788983 ], [ 100.176332113553457, 3.784672306223464 ], [ 100.201200332929886, 3.797333268634365 ], [ 100.217527893304222, 3.809104761933198 ], [ 100.847766391271506, 3.194393069750049 ], [ 100.932494811182877, 2.921168838362897 ] ] ] } },
{ "type": "Feature", "properties": { "fid": 6, "ID": "18", "Jenis": "-", "TipeZona": "Batas ZEE", "Datum": "WGS-84", "Panjang": "107.603 mil laut", "Batas_Ngr": "-", "StatusLaut": "Perlu Kesepakatan", "Jenis_Janj": "-", "Janji_Tgl": "-", "Janji_Thn": null, "Ratif_Jns": "-", "Ratif_No": null, "Ratif_Thn": null }, "geometry": { "type": "MultiLineString", "coordinates": [ [ [ 132.923508547499978, 3.977290439925352 ], [ 132.876776032141947, 4.01606773717857 ], [ 132.829811420539045, 4.049707367147912 ], [ 132.759002038694803, 4.090673461691648 ], [ 132.733866089006369, 4.103163264918839 ], [ 132.708625867831415, 4.115440015843237 ], [ 132.683283167089712, 4.127502837243788 ], [ 132.657839783789882, 4.139350868325707 ], [ 132.632297525078911, 4.1509832623239 ], [ 132.606658202888298, 4.16239918899806 ], [ 132.580923639017101, 4.17359783232112 ], [ 132.555095659806966, 4.184578392854285 ], [ 132.529176101200392, 4.195340085547648 ], [ 132.503166803398585, 4.205882142016657 ], [ 132.49102573036032, 4.210684042836154 ], [ 132.490680377264198, 4.209951322016853 ], [ 132.489951577306897, 4.208429902620199 ], [ 132.489582408487308, 4.207671497078611 ], [ 132.488834589739213, 4.206159410436259 ], [ 132.488455940838207, 4.205405731377541 ], [ 132.48768922198758, 4.203903217150786 ], [ 132.487301153097519, 4.203154384024447 ], [ 132.486515655823723, 4.201661680351963 ], [ 132.48611822852115, 4.200917811827511 ], [ 132.48531407748203, 4.199435155303775 ], [ 132.484907354845632, 4.19869636930163 ], [ 132.484084677648184, 4.19722399491853 ], [ 132.483879095161683, 4.196858738954566 ], [ 132.483465656919293, 4.196129523732003 ], [ 132.483260296986145, 4.195769903587644 ], [ 132.483073538009648, 4.195447264346302 ], [ 132.482703272744857, 4.194811682731798 ], [ 132.482517271702022, 4.194494403102547 ], [ 132.481774938382415, 4.193236048750637 ], [ 132.481400355180426, 4.192608904662521 ], [ 132.48064439824816, 4.191358753866361 ], [ 132.480263025555246, 4.19073574885612 ], [ 132.479493535024744, 4.18949395031889 ], [ 132.479105418240351, 4.188875158474813 ], [ 132.478322485729905, 4.187641859899761 ], [ 132.477927671068755, 4.187027354830382 ], [ 132.477131389786905, 4.185802702897631 ], [ 132.47672992425646, 4.185192557694999 ], [ 132.475920389000748, 4.183976698061604 ], [ 132.475512320381313, 4.183370985275547 ], [ 132.474689627537145, 4.182164062571568 ], [ 132.474275004437573, 4.181562854288978 ], [ 132.473439251949003, 4.180365012072301 ], [ 132.473018123704378, 4.179768379764848 ], [ 132.472169411036589, 4.178579760471385 ], [ 132.471741827772803, 4.177987775095803 ], [ 132.470880255956104, 4.176808520100874 ], [ 132.470446268583487, 4.176221252083884 ], [ 132.469571940191258, 4.175051501668464 ], [ 132.469131600355013, 4.174469020840616 ], [ 132.468244619449365, 4.173308914118341 ], [ 132.46779797958618, 4.172731289789496 ], [ 132.466898451738757, 4.171580964735321 ], [ 132.466445564983928, 4.171008265571648 ], [ 132.465533597257263, 4.169867858998414 ], [ 132.465074517531889, 4.169300153136186 ], [ 132.464150218469513, 4.168169800678713 ], [ 132.463919792813499, 4.167889557946942 ], [ 132.463457431111578, 4.167330329037018 ], [ 132.463228323230283, 4.167054726300685 ], [ 132.463027113683097, 4.166815136040139 ], [ 132.462629267845273, 4.166343641276561 ], [ 132.462429804557587, 4.166108354731302 ], [ 132.461635578352571, 4.165175847381434 ], [ 132.461236341625522, 4.164711418466732 ], [ 132.460433652196457, 4.163786246525531 ], [ 132.46003020058393, 4.163325504749642 ], [ 132.459219115155975, 4.162407745652282 ], [ 132.459015819785918, 4.162178769846164 ], [ 132.458608186919264, 4.161721753210451 ], [ 132.458403850147761, 4.161493713197243 ], [ 132.458153840952747, 4.161215983031272 ], [ 132.457960413182832, 4.161002036519938 ], [ 132.457572640998933, 4.160574982066621 ], [ 132.457378297279092, 4.160361874885656 ], [ 132.456599102143514, 4.159511136885619 ], [ 132.45620767969649, 4.159087454221392 ], [ 132.455421211993666, 4.158243490724289 ], [ 132.455026167815163, 4.157823211043573 ], [ 132.454232486014803, 4.156986084757247 ], [ 132.453833849453758, 4.156569239266678 ], [ 132.453033012529204, 4.155739012358501 ], [ 132.45263081325902, 4.155325632069917 ], [ 132.451822880716605, 4.154502366195955 ], [ 132.45141714855049, 4.154092481734829 ], [ 132.450602180431588, 4.153276238045529 ], [ 132.45019294557494, 4.152869879911537 ], [ 132.449371002438966, 4.15206071902995 ], [ 132.448958295287866, 4.151657917389382 ], [ 132.44812943821637, 4.150855899417192 ], [ 132.447713289421472, 4.150456684171279 ], [ 132.446877579996794, 4.149661868668622 ], [ 132.446458020495356, 4.149266269482011 ], [ 132.445615520817455, 4.148478715482199 ], [ 132.445192581788774, 4.148086761739867 ], [ 132.444343354462944, 4.147306527739437 ], [ 132.443917067322332, 4.146918248541695 ], [ 132.443061175448634, 4.146145392488591 ], [ 132.442631571880497, 4.14576081668273 ], [ 132.441769079050232, 4.144995395974256 ], [ 132.44111996438528, 4.144426783249518 ], [ 132.439814484308386, 4.143298011309265 ], [ 132.439129530415812, 4.142713801288815 ], [ 132.438948040800142, 4.142561287702715 ], [ 132.436916412476762, 4.140858080415524 ], [ 132.436131529498425, 4.140210198202421 ], [ 132.434552036156219, 4.13892649709458 ], [ 132.433757427921933, 4.13829067993385 ], [ 132.43261145112524, 4.137387936992886 ], [ 132.432036012625076, 4.136939703427033 ], [ 132.430880300763761, 4.1360495629953 ], [ 132.430300028968873, 4.135607657330521 ], [ 132.429134719510103, 4.134730225251545 ], [ 132.428549683445567, 4.134294700037082 ], [ 132.427374915016571, 4.133430080659404 ], [ 132.426785184237701, 4.133000987659887 ], [ 132.425601096582682, 4.132149283804556 ], [ 132.425006741300081, 4.131726674090784 ], [ 132.423813475266115, 4.130887987037484 ], [ 132.423214566148431, 4.130471910842836 ], [ 132.422012263678766, 4.129646340329368 ], [ 132.421408871951144, 4.129236847122915 ], [ 132.420197676061434, 4.128424491326786 ], [ 132.419589873543032, 4.128021629835783 ], [ 132.41836992828803, 4.127222585350108 ], [ 132.41775778720762, 4.126826403437623 ], [ 132.416529237693226, 4.126040765282376 ], [ 132.415912830910202, 4.125651310092861 ], [ 132.414675823275047, 4.124879171700198 ], [ 132.414055224104686, 4.124496489543992 ], [ 132.412809905477616, 4.123737942730761 ], [ 132.412185187708587, 4.123362079099363 ], [ 132.410931706200131, 4.122617214063565 ], [ 132.410619076186208, 4.12243258666844 ], [ 132.409992820604543, 4.122065038515439 ], [ 132.409681668625694, 4.12188355154282 ], [ 132.409362071456485, 4.12169947200843 ], [ 132.408726831724948, 4.121335925472274 ], [ 132.408408717290968, 4.121155025680235 ], [ 132.407139358235099, 4.120437788290413 ], [ 132.405859612542486, 4.119733060599637 ], [ 132.403285089401038, 4.118351856636401 ], [ 132.401990318744083, 4.117675383852648 ], [ 132.400911781323657, 4.117126841201924 ], [ 132.400745667361775, 4.117041595668981 ], [ 132.399722255215806, 4.116517488563501 ], [ 132.398947174729301, 4.116126915603068 ], [ 132.39739381695108, 4.115356795525861 ], [ 132.396614653707388, 4.114976794643539 ], [ 132.396367306597199, 4.114858147310869 ], [ 132.395478786383137, 4.114430333021281 ], [ 132.395149504422193, 4.114272895680981 ], [ 132.394490083958317, 4.113959826529428 ], [ 132.394159948360311, 4.113804196113854 ], [ 132.393821155251089, 4.113645616738446 ], [ 132.393491214842015, 4.113492277540741 ], [ 132.392830507223835, 4.113187404882767 ], [ 132.39249974091581, 4.113035871835527 ], [ 132.391514027379912, 4.112587540361717 ], [ 132.391181484068966, 4.112437387030159 ], [ 132.390515584789455, 4.112138905186477 ], [ 132.390182229720722, 4.111990577079878 ], [ 132.389839084229493, 4.111839016739779 ], [ 132.389505811214804, 4.111692903106063 ], [ 132.388838477418403, 4.111402500147159 ], [ 132.388504417542663, 4.11125821121345 ], [ 132.387510114517681, 4.110831963814865 ], [ 132.387174471273966, 4.110689163169247 ], [ 132.386502412308118, 4.110405403156576 ], [ 132.386165997493094, 4.1102644441752 ], [ 132.385818810169667, 4.110120087453101 ], [ 132.385482361901751, 4.109981272605999 ], [ 132.384808717015744, 4.109705484924772 ], [ 132.384471521325622, 4.109568512468313 ], [ 132.383468951357827, 4.109164444477508 ], [ 132.383130369001037, 4.109029060730089 ], [ 132.382452472351503, 4.108760150100508 ], [ 132.382113158959669, 4.108626623578789 ], [ 132.381762248223822, 4.108489641300982 ], [ 132.381422783542575, 4.108358194957072 ], [ 132.380743145670749, 4.108097161135674 ], [ 132.380402973419109, 4.107967574015222 ], [ 132.379392457253402, 4.107585780678913 ], [ 132.379035218330159, 4.107451976290188 ], [ 132.378321468863305, 4.107186968486773 ], [ 132.377967248859136, 4.107056600477923 ], [ 132.37754801826236, 4.1069038677036 ], [ 132.377186931897313, 4.106773511594065 ], [ 132.376469530217491, 4.106516856431341 ], [ 132.376110465988745, 4.106389556080816 ], [ 132.37478736098592, 4.105924725891708 ], [ 132.374063771284341, 4.105675178330828 ], [ 132.372613791005051, 4.105184423080002 ], [ 132.37188740229351, 4.104943216020333 ], [ 132.370449753818434, 4.104474982060661 ], [ 132.370090510696741, 4.104359103684613 ], [ 132.369371376337085, 4.104129386364563 ], [ 132.369011486160502, 4.104015547765602 ], [ 132.368860919983376, 4.103968390606516 ], [ 132.368655064699169, 4.103904282830022 ], [ 132.368243148943748, 4.103776734666861 ], [ 132.368037088840424, 4.103713294393937 ], [ 132.36767589913552, 4.103602733932886 ], [ 132.367430524492647, 4.103528141173881 ], [ 132.366939491412495, 4.103379901968795 ], [ 132.366693833805698, 4.103306255771744 ], [ 132.365810658237251, 4.103043339445529 ], [ 132.365461248230758, 4.102940361861026 ], [ 132.364761873089492, 4.102736321067526 ], [ 132.364411909303726, 4.102635258250744 ], [ 132.363325356421797, 4.102324700549951 ], [ 132.362831686190475, 4.102185654987006 ], [ 132.361843295873882, 4.101911373515351 ], [ 132.361348576736759, 4.101776137873973 ], [ 132.361032985410361, 4.101691173808153 ], [ 132.360681011115958, 4.10159744685945 ], [ 132.359976558485414, 4.101411921447729 ], [ 132.359624081319907, 4.101320123288088 ], [ 132.358213236136976, 4.100956805378833 ], [ 132.357860251785041, 4.10086693464236 ], [ 132.357153798445097, 4.100689126822 ], [ 132.356800330549277, 4.100601190018009 ], [ 132.356540384793334, 4.100537274870162 ], [ 132.356041923080852, 4.100416748673496 ], [ 132.355044092569869, 4.100179542538773 ], [ 132.354544724773973, 4.100062862834115 ], [ 132.353385799584771, 4.099796779186915 ], [ 132.35303059059629, 4.09971624748526 ], [ 132.352319739092763, 4.099557129893798 ], [ 132.351964097928999, 4.099478544308329 ], [ 132.351121695089773, 4.099294816067178 ], [ 132.350414183057524, 4.099144531327507 ], [ 132.3489975789563, 4.098851663795301 ], [ 132.348288487856735, 4.098709081205475 ], [ 132.347705138010269, 4.098595078049249 ], [ 132.347329839693316, 4.098522852555057 ], [ 132.346578836928302, 4.098380559027484 ], [ 132.346203133843687, 4.098310491249446 ], [ 132.344770388436018, 4.098047542729221 ], [ 132.344536839836223, 4.098005110454284 ], [ 132.344074900041164, 4.097922033922504 ], [ 132.343847822396242, 4.0978816209301 ], [ 132.342314470756264, 4.097612491375879 ], [ 132.341284431443796, 4.097440050475397 ], [ 132.339225109572567, 4.097111891399867 ], [ 132.338194174309479, 4.096955883176272 ], [ 132.336752291025959, 4.096749233561337 ], [ 132.336030789406323, 4.096649856303642 ], [ 132.334586748104471, 4.096459008167404 ], [ 132.333864210376191, 4.096367537547553 ], [ 132.332418182730635, 4.096192513579235 ], [ 132.331694694764906, 4.096108960468139 ], [ 132.330246852716755, 4.095949781480667 ], [ 132.329522500580424, 4.095874155818308 ], [ 132.328073016290659, 4.095730840739011 ], [ 132.327347886097641, 4.095663151516081 ], [ 132.325896931908119, 4.09553571738565 ], [ 132.325171109872713, 4.0954759726501 ], [ 132.323718858297184, 4.095364434619747 ], [ 132.322992430719864, 4.095312641475754 ], [ 132.321539054434083, 4.095217012808246 ], [ 132.319671536077635, 4.095120484307144 ], [ 132.318908367212998, 4.095091789955361 ], [ 132.317923721048942, 4.095060707900032 ], [ 132.31778728486745, 4.095052442900354 ], [ 132.317422517157183, 4.095030855304644 ], [ 132.317241007141433, 4.095020363523149 ], [ 132.316585238462949, 4.094984617075754 ], [ 132.315277825713906, 4.094929152115487 ], [ 132.314014304050943, 4.094893098817369 ], [ 132.312762384580992, 4.094875210111201 ], [ 132.312625025398802, 4.09487464368785 ], [ 132.31226170068669, 4.094873649370657 ], [ 132.311533768000572, 4.094872652225565 ], [ 132.31130602518806, 4.094873123620193 ], [ 132.310625277387203, 4.094882086651258 ], [ 132.309895139565697, 4.094844313921234 ], [ 132.30971294849212, 4.094844563348394 ], [ 132.308984660852502, 4.094846557831336 ], [ 132.307940203842691, 4.094857618689691 ], [ 132.30701735652292, 4.094847786395423 ], [ 132.305943049782059, 4.094856465610479 ], [ 132.305179502622195, 4.094868803277524 ], [ 132.304797746869895, 4.094876068063133 ], [ 132.304409157287296, 4.094884578973127 ], [ 132.304045049242745, 4.094893551345326 ], [ 132.303316886761536, 4.094913490047547 ], [ 132.302952833304516, 4.094924456348696 ], [ 132.301885523370515, 4.094959531962007 ], [ 132.301521798911864, 4.094972481593418 ], [ 132.300794424182982, 4.095000371249187 ], [ 132.300430774898132, 4.095015311238527 ], [ 132.300042744094867, 4.095032316668795 ], [ 132.299678829403547, 4.095049264065736 ], [ 132.298951096946553, 4.095085152133906 ], [ 132.298587280180982, 4.095104092753459 ], [ 132.297520610407673, 4.095162554140996 ], [ 132.297157341722027, 4.095183460762496 ], [ 132.296430921737624, 4.095227261332764 ], [ 132.296067771441244, 4.095250155224005 ], [ 132.295680670727506, 4.095275622428868 ], [ 132.295317122424194, 4.095300540657614 ], [ 132.294590166120088, 4.095352368754798 ], [ 132.294226759079152, 4.09537927855184 ], [ 132.293161050537833, 4.09546112871744 ], [ 132.292798410449677, 4.095489978503799 ], [ 132.292073290627627, 4.095549661401725 ], [ 132.291710811875873, 4.095580494435072 ], [ 132.291325010749119, 4.09561437437714 ], [ 132.290962001781168, 4.095647255462215 ], [ 132.290236167399598, 4.095715006695801 ], [ 132.289873342985743, 4.095749876748587 ], [ 132.288808917936876, 4.09585511980731 ], [ 132.2884470788523, 4.095891895145825 ], [ 132.287723604040707, 4.095967424190688 ], [ 132.287361969284348, 4.096006177798298 ], [ 132.286977834713298, 4.096048405245821 ], [ 132.28661553769075, 4.096089237447411 ], [ 132.285891170440777, 4.096172887391441 ], [ 132.285529101204816, 4.096215705016837 ], [ 132.284466283483766, 4.096344346108187 ], [ 132.284105417540559, 4.096389025583438 ], [ 132.283383931783419, 4.096480357011376 ], [ 132.283023312950149, 4.096527008842361 ], [ 132.282641208656514, 4.096577502500153 ], [ 132.282279795870068, 4.09662627032121 ], [ 132.281557240316488, 4.096725787030591 ], [ 132.281196098531041, 4.096776535780844 ], [ 132.280135213933136, 4.096928580953923 ], [ 132.279775492744989, 4.096981139366655 ], [ 132.279056339127465, 4.097088221839875 ], [ 132.278696907662379, 4.097142745759445 ], [ 132.278317193416228, 4.09720140843061 ], [ 132.277956836750491, 4.097258092628213 ], [ 132.277236436529165, 4.097373436680384 ], [ 132.276876397703063, 4.097432095754441 ], [ 132.275972592104381, 4.097581836300801 ], [ 132.274908412819059, 4.097752665624816 ], [ 132.274380399335683, 4.097839580134539 ], [ 132.273325074139166, 4.098017655908751 ], [ 132.272796792953613, 4.098108988871972 ], [ 132.271804153388416, 4.098292504663004 ], [ 132.26981980737628, 4.098674954217875 ], [ 132.267841450202127, 4.099087507211375 ], [ 132.265818865412029, 4.099541845825388 ], [ 132.263803009436401, 4.099977713188403 ], [ 132.262066491720248, 4.100376861880961 ], [ 132.260882058698371, 4.100665859782307 ], [ 132.260290499495113, 4.10081307213536 ], [ 132.259108741802038, 4.101112912177045 ], [ 132.25851854491566, 4.101265539457997 ], [ 132.257339560970195, 4.101576196668539 ], [ 132.256750775514206, 4.101734226176068 ], [ 132.25557466350358, 4.102055674684547 ], [ 132.254987338529986, 4.102219093253889 ], [ 132.253814196379494, 4.102551306297118 ], [ 132.253228380785913, 4.102720100322797 ], [ 132.252058306192339, 4.103063050234972 ], [ 132.251474048780551, 4.103237205656431 ], [ 132.250307139198526, 4.103590863874869 ], [ 132.24972448861331, 4.10377036619226 ], [ 132.248560841218136, 4.104134703266896 ], [ 132.247979845983991, 4.104319537531024 ], [ 132.246819557674485, 4.104694523124016 ], [ 132.246529696441485, 4.104788934648814 ], [ 132.245950404355767, 4.104979085394974 ], [ 132.245660974620819, 4.105074824252027 ], [ 132.24516108375451, 4.105241450891238 ], [ 132.244710579122625, 4.105393405059423 ], [ 132.24381065727539, 4.10570052905608 ], [ 132.243361241628691, 4.105855698342379 ], [ 132.241565839992973, 4.106482775618161 ], [ 132.241116602484794, 4.106641485086098 ], [ 132.24021926337457, 4.106962117748556 ], [ 132.239769330950821, 4.107124709982275 ], [ 132.239430249138763, 4.107249666944043 ], [ 132.238749106688942, 4.107502779458466 ], [ 132.238408879013036, 4.107630265198119 ], [ 132.237045670758789, 4.108145312624115 ], [ 132.236365465710492, 4.108406568007687 ], [ 132.235007930985603, 4.108936512459008 ], [ 132.234330603147214, 4.109205200810244 ], [ 132.232978903402568, 4.109749979265782 ], [ 132.232304533323486, 4.110026068634588 ], [ 132.230958829302381, 4.110585616314959 ], [ 132.230287497175937, 4.11086907387244 ], [ 132.228947948890664, 4.111443324249812 ], [ 132.228279734542298, 4.111734116294473 ], [ 132.226946501298698, 4.112323001083075 ], [ 132.226281484205515, 4.112621093031663 ], [ 132.224954724561144, 4.11322454220478 ], [ 132.224292983807231, 4.113529898612126 ], [ 132.222972855541002, 4.114147840415113 ], [ 132.222314469820844, 4.114460424972258 ], [ 132.22100112992905, 4.115092785924825 ], [ 132.220346177529905, 4.115412561467599 ], [ 132.219039782201094, 4.116059266376417 ], [ 132.218388341032892, 4.116386194871169 ], [ 132.217089045635362, 4.11704716683454 ], [ 132.216441193161131, 4.117381209411402 ], [ 132.215149152215645, 4.118056369833352 ], [ 132.214504965495621, 4.118397486764853 ], [ 132.213220332667106, 4.119086755360136 ], [ 132.21257988829791, 4.119434906092025 ], [ 132.211302816368288, 4.120138200898226 ], [ 132.210666190532493, 4.120493344023936 ], [ 132.209396831387949, 4.121210581410746 ], [ 132.209078716919521, 4.12139148120881 ], [ 132.208443477118408, 4.121755027757757 ], [ 132.2081238798811, 4.121939107318238 ], [ 132.207701899178801, 4.122185783189784 ], [ 132.206854820619469, 4.122685129311218 ], [ 132.206432196681362, 4.122936365574283 ], [ 132.204740472947265, 4.123950493038409 ], [ 132.203898336495513, 4.124463821147152 ], [ 132.202221693184697, 4.125502897166102 ], [ 132.201387188587205, 4.126028643680348 ], [ 132.199725990602019, 4.127092442160218 ], [ 132.198899299457821, 4.127630492695719 ], [ 132.197253908357311, 4.128718782155103 ], [ 132.196435210621786, 4.129269019616574 ], [ 132.194805984542541, 4.130381563235555 ], [ 132.193995458402583, 4.130943867895297 ], [ 132.192382751961304, 4.132080423580539 ], [ 132.191580573839019, 4.132654673078088 ], [ 132.189984738046974, 4.133814993522408 ], [ 132.189586834422812, 4.134106557996827 ], [ 132.188793177351045, 4.134692627676216 ], [ 132.188397425168887, 4.134987131957764 ], [ 132.18817522362383, 4.135153764660806 ], [ 132.187798530119267, 4.135438338810104 ], [ 132.187047152542164, 4.136010150170637 ], [ 132.186672469606492, 4.13629738650779 ], [ 132.185177826201652, 4.137451602939698 ], [ 132.184434562113552, 4.138034007468897 ], [ 132.182956293327948, 4.13920929621132 ], [ 132.182221290629627, 4.139802178844751 ], [ 132.180759691181152, 4.14099830566472 ], [ 132.180393898742409, 4.141299830413917 ], [ 132.179664448901235, 4.141905476930099 ], [ 132.179297973540088, 4.142211972510483 ], [ 132.179023870098945, 4.142444146394878 ], [ 132.178471296432349, 4.142914748436485 ], [ 132.178195645909454, 4.14315080132357 ], [ 132.177089960540229, 4.144102865921705 ], [ 132.176539703446792, 4.144581924561749 ], [ 132.175444422895794, 4.14554604016352 ], [ 132.174899400927643, 4.146031095819384 ], [ 132.173814655513524, 4.14700714775837 ], [ 132.17327493353605, 4.147498142726082 ], [ 132.172200852317815, 4.148486014924671 ], [ 132.17166649453327, 4.148982890822798 ], [ 132.170603205285147, 4.149982465813891 ], [ 132.17007427526471, 4.150485163556712 ], [ 132.169021904495253, 4.151496322467422 ], [ 132.168498465187781, 4.152004782256346 ], [ 132.167457138127247, 4.153027404816854 ], [ 132.166939251791888, 4.153541566203164 ], [ 132.165909092342531, 4.154575530796577 ], [ 132.16539682062114, 4.15509533261238 ], [ 132.164377951339247, 4.156140516291328 ], [ 132.163871355167657, 4.15666589673731 ], [ 132.16286389728964, 4.157722175200018 ], [ 132.162363036950637, 4.158253071791962 ], [ 132.161367110374272, 4.159320319400261 ], [ 132.160872045488986, 4.159856668975692 ], [ 132.159887768719386, 4.160934758807835 ], [ 132.15939855817885, 4.161476497600828 ], [ 132.158426048336423, 4.162565301448416 ], [ 132.157942750360007, 4.163112365027753 ], [ 132.156982123180455, 4.164211753392951 ], [ 132.156504795280739, 4.16476407669719 ], [ 132.155556165079702, 4.165873918833938 ], [ 132.155318320263177, 4.166153732540007 ], [ 132.154844161642131, 4.166714667498055 ], [ 132.154605020983922, 4.166999170626106 ], [ 132.154375913054196, 4.167274773441168 ], [ 132.153913551345795, 4.167834002401741 ], [ 132.153683125697057, 4.168114245146472 ], [ 132.152758826702211, 4.169244597608037 ], [ 132.152299747004577, 4.169812303479473 ], [ 132.151387779342485, 4.170952710060382 ], [ 132.150934892620626, 4.17152540922684 ], [ 132.150035364839596, 4.172675734285337 ], [ 132.149588725004833, 4.173253358622479 ], [ 132.148701744169898, 4.174413465342139 ], [ 132.148261404382311, 4.174995946150774 ], [ 132.147387076054315, 4.176165696570458 ], [ 132.146953088717055, 4.176752964584606 ], [ 132.14609151697482, 4.177932219568736 ], [ 132.145663933741957, 4.178524204947272 ], [ 132.144815221136696, 4.179712824245171 ], [ 132.144394092918674, 4.180309456560809 ], [ 132.143558340478307, 4.181507298801472 ], [ 132.14314371739863, 4.182108507102197 ], [ 132.142321024616308, 4.183315429810437 ], [ 132.141912956040187, 4.183921142579272 ], [ 132.141103420850413, 4.185137002208403 ], [ 132.140701955339978, 4.18574714742735 ], [ 132.13990567411804, 4.186971799364362 ], [ 132.139510859491452, 4.187586304428232 ], [ 132.138727927036939, 4.188819603011466 ], [ 132.138339810282446, 4.189438394856966 ], [ 132.137570319810038, 4.190680193397718 ], [ 132.137188947147138, 4.19130319840779 ], [ 132.136432990269782, 4.19255334921111 ], [ 132.136058407093742, 4.193180493304911 ], [ 132.135316073830268, 4.194438847660686 ], [ 132.135130072803463, 4.194756127287607 ], [ 132.134759807602904, 4.195391708841915 ], [ 132.134573048704652, 4.19571434797315 ], [ 132.134395515318715, 4.196024936113937 ], [ 132.1340371592662, 4.196655762792655 ], [ 132.133858832315468, 4.196971662406657 ], [ 132.133144009815652, 4.198245973904045 ], [ 132.132790059482915, 4.198885085715527 ], [ 132.132089120864293, 4.200167148902994 ], [ 132.131742133535823, 4.20081009854923 ], [ 132.131055162282223, 4.202099760913831 ], [ 132.130715179294384, 4.202746471893358 ], [ 132.130042257216132, 4.204043580039893 ], [ 132.129709319048089, 4.204693975450839 ], [ 132.129050526287301, 4.205998375096718 ], [ 132.128724672603653, 4.206652377553704 ], [ 132.128080087629314, 4.207963913536059 ], [ 132.127761357224244, 4.208621445283143 ], [ 132.127131056810754, 4.209939961604139 ], [ 132.12681948766442, 4.210600944398854 ], [ 132.126203546887837, 4.211926284229429 ], [ 132.125899176106941, 4.212590639464207 ], [ 132.125297668353738, 4.213922645129245 ], [ 132.125000532206172, 4.214590293759843 ], [ 132.124413529133562, 4.215928806817749 ], [ 132.124123663016462, 4.216599669430103 ], [ 132.123551234550973, 4.217944530680366 ], [ 132.123268672993504, 4.218618527489282 ], [ 132.122710887343715, 4.219969576944848 ], [ 132.122435664021509, 4.220646627756882 ], [ 132.121892587649313, 4.222003704707595 ], [ 132.121624735345108, 4.222683729015182 ], [ 132.121096432963668, 4.224046672036362 ], [ 132.120835983616985, 4.224729588897715 ], [ 132.120322518191074, 4.226098235842828 ], [ 132.12019413047517, 4.226443325127443 ], [ 132.119939244746092, 4.227134208525167 ], [ 132.119810887750305, 4.227485128492208 ], [ 132.119653743992785, 4.227923206174276 ], [ 132.119338843274136, 4.228810725792377 ], [ 132.11918294606744, 4.229255039739781 ], [ 132.118562002249519, 4.231044793210152 ], [ 132.118257829755407, 4.231941871627403 ], [ 132.117662142785207, 4.233740257475616 ], [ 132.117370629146762, 4.234641562466405 ], [ 132.116800318288369, 4.236448221416814 ], [ 132.11665932693802, 4.236900401875898 ], [ 132.116380529864614, 4.23780575432934 ], [ 132.116242724569702, 4.238258924974006 ], [ 132.116159328737808, 4.238536681755999 ], [ 132.116023379914736, 4.238995389305105 ], [ 132.11575474689073, 4.239913767514663 ], [ 132.115622063127717, 4.240373436666095 ], [ 132.115097882367422, 4.242213949868356 ], [ 132.114968469876544, 4.242674557958129 ], [ 132.114712922357057, 4.243596692320438 ], [ 132.114586787820031, 4.24405821685226 ], [ 132.114392176178626, 4.244780389503327 ], [ 132.114113936425269, 4.245847649229619 ], [ 132.113574985886771, 4.247986621493571 ], [ 132.113314275962807, 4.249058330636883 ], [ 132.112306766735287, 4.253352921079871 ], [ 132.112063655394195, 4.254428791567133 ], [ 132.111595097469376, 4.256584408724749 ], [ 132.111369651749669, 4.2576641518209 ], [ 132.111325083969973, 4.257886707505738 ], [ 132.111230201501485, 4.2582418449537 ], [ 132.111045338133636, 4.25894916711914 ], [ 132.110683306246528, 4.260365795532097 ], [ 132.110506138230676, 4.26107509986433 ], [ 132.110159518215141, 4.262495608203683 ], [ 132.109990066699197, 4.263206810284547 ], [ 132.109658899911096, 4.264631029582212 ], [ 132.109497185104601, 4.265344044858716 ], [ 132.109181511073189, 4.266771805666218 ], [ 132.109027552290399, 4.267486549259597 ], [ 132.108727408698428, 4.268917681716358 ], [ 132.108581224309461, 4.269634068643368 ], [ 132.108296646993722, 4.271068402490953 ], [ 132.108158254467185, 4.2717863474618 ], [ 132.107889277413165, 4.273223712051606 ], [ 132.107822492797283, 4.273586082124422 ], [ 132.107690908299674, 4.274311187247715 ], [ 132.107625111758693, 4.274679592491244 ], [ 132.107555746731009, 4.275081459352646 ], [ 132.107417528769815, 4.275896963432382 ], [ 132.107349672863506, 4.276304928371518 ], [ 132.107081410479964, 4.277948982591355 ], [ 132.106952366456312, 4.278771845131927 ], [ 132.106704472023694, 4.280419118491036 ], [ 132.106585621971817, 4.281243527079719 ], [ 132.106358133955837, 4.282893765262749 ], [ 132.10629981228476, 4.283327250160852 ], [ 132.106182321759547, 4.284222602872103 ], [ 132.106053100708664, 4.285213125126738 ], [ 132.105919857953836, 4.286303926086107 ], [ 132.105667514552238, 4.288519949266504 ], [ 132.10555052389077, 4.289629011386833 ], [ 132.105119405631626, 4.294068263478038 ], [ 132.105020808207541, 4.295179126528786 ], [ 132.104842034379999, 4.297402351417752 ], [ 132.104761858398206, 4.298514709053592 ], [ 132.104650292662541, 4.300264676790673 ], [ 132.104618467578462, 4.300797089830881 ], [ 132.104559037813374, 4.301862155582024 ], [ 132.104531433283, 4.302394805654686 ], [ 132.104429462441431, 4.304525753848369 ], [ 132.104386921648143, 4.305591633673441 ], [ 132.104318739972314, 4.30772394070604 ], [ 132.104293099230404, 4.308790365012393 ], [ 132.104258724407259, 4.310923490997734 ], [ 132.104252219819614, 4.311459760270069 ], [ 132.104243484499762, 4.312532336766136 ], [ 132.104241253027453, 4.31307451882553 ], [ 132.104241960738705, 4.31338907976815 ], [ 132.104244900409753, 4.314029947155939 ], [ 132.10424713313239, 4.314350376441856 ], [ 132.104259225252804, 4.315643805169367 ], [ 132.104268378988309, 4.316290489354099 ], [ 132.104292901034114, 4.317583740702402 ], [ 132.104308269320995, 4.318230306096498 ], [ 132.104345219104516, 4.319523259722452 ], [ 132.104355233272145, 4.319846478166455 ], [ 132.104376814730017, 4.320492864525266 ], [ 132.104388381959097, 4.320816030586127 ], [ 132.104443559446963, 4.322260486410343 ], [ 132.104452426990292, 4.322482973169524 ], [ 132.104470898283012, 4.322927917870658 ], [ 132.104480501968283, 4.32315037423282 ], [ 132.104520388748597, 4.324040132593446 ], [ 132.104530728462578, 4.324262555612114 ], [ 132.104552143860246, 4.324707367183858 ], [ 132.104563219460942, 4.324929754026861 ], [ 132.104646131536697, 4.326540883361833 ], [ 132.10472005478448, 4.327761238741568 ], [ 132.104890060363005, 4.330200395298625 ], [ 132.10498614241726, 4.331419192067342 ], [ 132.105414656386642, 4.336289660663006 ], [ 132.10546824126402, 4.336841254838985 ], [ 132.089116428318334, 4.341099261984343 ], [ 132.06084537579909, 4.348196390725616 ], [ 132.032513248955411, 4.355044796523714 ], [ 132.004122224746993, 4.361643951027123 ], [ 131.975674488026584, 4.367993344366638 ], [ 131.947172225174313, 4.374092486634238 ], [ 131.918617630148901, 4.37994090653591 ], [ 131.890012898059808, 4.385538152768332 ], [ 131.861360231198432, 4.390883792784577 ], [ 131.846744246728008, 4.393542873770138 ], [ 131.841860269290123, 4.39440134612625 ], [ 131.831533664055314, 4.396200549661017 ], [ 131.826369454567271, 4.397091892629658 ], [ 131.825157763032735, 4.397299061812085 ], [ 131.68646578949074, 4.413297848134045 ], [ 131.668281389621825, 4.415606648486126 ], [ 131.650209313714072, 4.417799859199955 ], [ 131.632125505624458, 4.419893831172813 ], [ 131.614030508266183, 4.421888501329424 ], [ 131.595924865441361, 4.423783809526041 ], [ 131.568652472554959, 4.425468874855193 ], [ 131.527963689355147, 4.427253470609532 ], [ 131.478351927383642, 4.426896551458777 ], [ 131.438020063334761, 4.423684279100853 ], [ 131.396362125, 4.419384577417015 ] ] ] } },
{ "type": "Feature", "properties": { "fid": 7, "ID": "19", "Jenis": "-", "TipeZona": "Batas ZEE", "Datum": "WGS-84", "Panjang": "63.677 mil laut", "Batas_Ngr": "Timor Leste", "StatusLaut": "Perlu Kesepakatan", "Jenis_Janj": "-", "Janji_Tgl": "-", "Janji_Thn": null, "Ratif_Jns": "-", "Ratif_No": null, "Ratif_Thn": null }, "geometry": { "type": "MultiLineString", "coordinates": [ [ [ 127.933333333332996, -9.46666666666667 ], [ 127.991810300234548, -9.71736657972345 ], [ 128.060837731946322, -9.943468840713757 ], [ 128.127502525360399, -10.187698131526249 ], [ 128.191804680476849, -10.450054452161623 ], [ 128.203258116721543, -10.498392286430786 ] ] ] } },
{ "type": "Feature", "properties": { "fid": 8, "ID": "20", "Jenis": "-", "TipeZona": "Batas ZEE", "Datum": "WGS-84", "Panjang": "59.903 mil laut", "Batas_Ngr": "Timor Leste", "StatusLaut": "Perlu Kesepakatan", "Jenis_Janj": "-", "Janji_Tgl": "-", "Janji_Thn": null, "Ratif_Jns": "-", "Ratif_No": null, "Ratif_Thn": null }, "geometry": { "type": "MultiLineString", "coordinates": [ [ [ 126.0, -10.466666666666701 ], [ 126.29505021292087, -11.015166969265373 ], [ 126.4995834751833, -11.339027730494569 ] ] ] } },
{ "type": "Feature", "properties": { "fid": 9, "ID": "21", "Jenis": "-", "TipeZona": "Batas ZEE", "Datum": "WGS-84", "Panjang": "48.444 mil laut", "Batas_Ngr": "Timor Leste", "StatusLaut": "Perlu Kesepakatan", "Jenis_Janj": "-", "Janji_Tgl": "-", "Janji_Thn": null, "Ratif_Jns": "-", "Ratif_No": null, "Ratif_Thn": null }, "geometry": { "type": "MultiLineString", "coordinates": [ [ [ 125.855658466925107, -8.249287037852412 ], [ 125.869615514674706, -8.258703266328057 ], [ 125.929510219128872, -8.25463471902005 ], [ 126.017707693825884, -8.256577376851537 ], [ 126.092252534861785, -8.25970999950991 ], [ 126.176658413941979, -8.250705415614535 ], [ 126.237106453517598, -8.230343407526828 ], [ 126.308957116911799, -8.210812229129527 ], [ 126.381851816811235, -8.200063632578612 ], [ 126.455614243624694, -8.196614476809367 ], [ 126.562835770165492, -8.22017772072596 ], [ 126.596881367437376, -8.221338493198726 ], [ 126.65641936505159, -8.214029798457021 ] ] ] } },
{ "type": "Feature", "properties": { "fid": 10, "ID": "25", "Jenis": "-", "TipeZona": "Batas ZEE", "Datum": "WGS-84", "Panjang": "403.263 mil laut", "Batas_Ngr": "-", "StatusLaut": "Perlu Kesepakatan", "Jenis_Janj": "-", "Janji_Tgl": "-", "Janji_Thn": null, "Ratif_Jns": "-", "Ratif_No": null, "Ratif_Thn": null }, "geometry": { "type": "MultiLineString", "coordinates": [ [ [ 108.963922340526707, -11.098738804236547 ], [ 108.754210366073352, -11.024031591983832 ], [ 105.834619232399803, -9.740900585974407 ], [ 102.60678295061571, -8.844801541777555 ], [ 102.569122404611875, -8.829764578007618 ] ] ] } },
{ "type": "Feature", "properties": { "fid": 12, "ID": "28", "Jenis": "-", "TipeZona": "Batas ZEE", "Datum": "WGS-84", "Panjang": "269.885 mil laut", "Batas_Ngr": "-", "StatusLaut": "Perlu Kesepakatan", "Jenis_Janj": "-", "Janji_Tgl": "-", "Janji_Thn": null, "Ratif_Jns": "-", "Ratif_No": null, "Ratif_Thn": null }, "geometry": { "type": "MultiLineString", "coordinates": [ [ [ 109.838827057811329, 2.162105974732953 ], [ 110.048687909994925, 2.420120821404872 ], [ 110.219470972975031, 2.88982918974661 ], [ 110.190426171615798, 3.593228198281933 ], [ 110.676308719882158, 5.218854541139736 ], [ 111.051942626054554, 6.110703702004058 ], [ 111.054711860321461, 6.185124722957185 ] ], [ [ 110.939320987873444, 6.398740126516233 ], [ 111.022348215732208, 6.249101970973754 ] ], [ [ 111.022348215732194, 6.249101970973755 ], [ 111.054711860321461, 6.185124722957194 ] ] ] } },
{ "type": "Feature", "properties": { "fid": 13, "ID": "23", "Jenis": "-", "TipeZona": "Batas ZEE", "Datum": "WGS-84", "Panjang": "583.147 mil laut", "Batas_Ngr": "Vietnam", "StatusLaut": "Perlu Kesepakatan", "Jenis_Janj": "-", "Janji_Tgl": "-", "Janji_Thn": null, "Ratif_Jns": "-", "Ratif_No": null, "Ratif_Thn": null }, "geometry": { "type": "MultiLineString", "coordinates": [ [ [ 104.487024129757074, 1.42187281990349 ], [ 104.506292169640403, 1.43782445350076 ], [ 104.56311900640884, 1.519073481494566 ], [ 104.705849512938357, 1.640222773736345 ], [ 104.771414980767418, 1.944242209036736 ], [ 104.973087132721091, 2.165021619626459 ], [ 104.808585603489973, 3.050910473299277 ], [ 104.7205089453971, 4.017001804928909 ], [ 104.73649070732111, 4.047496769025809 ], [ 105.473674747539135, 5.076195717304199 ], [ 105.81116173167112, 6.167802528722434 ], [ 105.902099915239958, 6.193608608097039 ], [ 107.168082795125798, 7.101162655937078 ], [ 109.072412227200914, 7.743042286026652 ], [ 109.622852051364703, 7.719560327802402 ], [ 109.627206394833394, 7.717175495416734 ], [ 109.633330773583381, 7.713798810916737 ], [ 109.639451474027837, 7.710411091500072 ], [ 109.64556113955561, 7.707012337166736 ], [ 109.651663448472277, 7.703598869611179 ], [ 109.657762079083383, 7.700174367138958 ], [ 109.663849674777836, 7.696735151444512 ], [ 109.669933592166714, 7.693284900833403 ], [ 109.6760101529445, 7.689819937000069 ], [ 109.682075678805603, 7.686343938250067 ], [ 109.68813752636116, 7.682856904583405 ], [ 109.69419201730561, 7.679355157694514 ], [ 109.700235473333379, 7.675838697583403 ], [ 109.706275251055615, 7.672311202555628 ], [ 109.71230399386117, 7.668772672611182 ], [ 109.718329058361164, 7.665219429444514 ], [ 109.724346766250051, 7.661655151361179 ], [ 109.73035343922227, 7.658076160055627 ], [ 109.736356433888943, 7.654486133833403 ], [ 109.742348393638949, 7.650881394388959 ], [ 109.748332996777833, 7.647265620027847 ], [ 109.754313921611171, 7.643638810750067 ], [ 109.760283811527827, 7.63999728825007 ], [ 109.766246344833391, 7.636344730833402 ], [ 109.772201521527833, 7.63268113850007 ], [ 109.778149341611169, 7.629002832944513 ], [ 109.784089805083383, 7.625309814166739 ], [ 109.790022911944504, 7.62160576047229 ], [ 109.795944983888944, 7.617890671861181 ], [ 109.801863377527837, 7.614164548333404 ], [ 109.807770736250049, 7.610423711583403 ], [ 109.813674416666714, 7.606671839916737 ], [ 109.819567062166726, 7.602905255027848 ], [ 109.825452351055617, 7.59912763522229 ], [ 109.831326605027826, 7.595338980500069 ], [ 109.837197180694503, 7.591535612555623 ], [ 109.843060399750058, 7.587721209694516 ], [ 109.848912583888946, 7.583895771916735 ], [ 109.854757411416728, 7.580055620916736 ], [ 109.860594882333388, 7.57620443500007 ], [ 109.866424996638941, 7.572342214166737 ], [ 109.872244076027826, 7.568465280111178 ], [ 109.878055798805605, 7.56457731113896 ], [ 109.883860164972276, 7.56067830725007 ], [ 109.889657174527827, 7.556764590138959 ], [ 109.895446827472284, 7.552839838111181 ] ], [ [ 109.62285196142436, 7.719560377061873 ], [ 109.622852051364703, 7.719560327802402 ], [ 109.622857761414977, 7.719560084209631 ] ] ] } },
{ "type": "Feature", "properties": { "fid": 14, "ID": "8", "Jenis": "-", "TipeZona": "Batas ZEE", "Datum": "WGS-84", "Panjang": "241.604 mil laut", "Batas_Ngr": "India", "StatusLaut": "Perlu Kesepakatan", "Jenis_Janj": "-", "Janji_Tgl": "-", "Janji_Thn": null, "Ratif_Jns": "-", "Ratif_No": null, "Ratif_Thn": null }, "geometry": { "type": "MultiLineString", "coordinates": [ [ [ 95.505480449111559, 7.797162999866168 ], [ 95.676911822846193, 8.055468760203647 ] ], [ [ 95.676911822846307, 8.055468760203667 ], [ 95.942758525780789, 8.210225967866847 ] ], [ [ 98.317387653323351, 5.910873090039662 ], [ 97.764509155930824, 6.629815565228494 ], [ 96.625320562659553, 7.125943729107807 ], [ 95.942758525780818, 8.210225967866856 ] ] ] } },
{ "type": "Feature", "properties": { "fid": 15, "ID": "16", "Jenis": "-", "TipeZona": "Batas ZEE", "Datum": "WGS-84", "Panjang": "185.106 mil laut", "Batas_Ngr": "-", "StatusLaut": "Perlu Kesepakatan", "Jenis_Janj": "-", "Janji_Tgl": "-", "Janji_Thn": null, "Ratif_Jns": "-", "Ratif_No": null, "Ratif_Thn": null }, "geometry": { "type": "MultiLineString", "coordinates": [ [ [ 131.13258065643825, 2.796737450492497 ], [ 131.132353238643617, 2.796731289256886 ], [ 131.13220479828226, 2.796732005530503 ], [ 131.131851562542238, 2.796673102148067 ], [ 131.131167104745572, 2.79664377756495 ], [ 131.130927148521977, 2.796634738528053 ], [ 131.130779038087297, 2.796629325009886 ], [ 131.130108996642292, 2.796605584194173 ], [ 131.12992728207962, 2.796599395082195 ], [ 131.129466062838162, 2.796584319104751 ], [ 131.128780376632193, 2.796565455565754 ], [ 131.128514999341036, 2.796559528349703 ], [ 131.128333282626301, 2.796555718837885 ], [ 131.127819416783353, 2.79654565058179 ], [ 131.127506345625108, 2.796540255879683 ], [ 131.126913762398004, 2.796531444066892 ], [ 131.126570767578443, 2.796527230913866 ], [ 131.125911036458206, 2.796520833577516 ], [ 131.125251263235128, 2.796517720349263 ], [ 131.12495349672767, 2.796517866869216 ], [ 131.124779698188121, 2.796518182614868 ], [ 131.12408669843856, 2.796520349595062 ], [ 131.123899168568329, 2.796521201120314 ], [ 131.123622353316705, 2.796522849481406 ], [ 131.123460439687193, 2.79652401130813 ], [ 131.123256709813148, 2.796525721927863 ], [ 131.122530414702879, 2.796535798715801 ], [ 131.122075655702815, 2.796544623226879 ], [ 131.121441278459997, 2.796538573922532 ], [ 131.120010515971785, 2.796554011579374 ], [ 131.119853129757843, 2.796557408294461 ], [ 131.119500238431897, 2.796565964173843 ], [ 131.118794505575664, 2.796584954192999 ], [ 131.11844166502803, 2.796595388302043 ], [ 131.117109287611811, 2.796638338014274 ], [ 131.116421879155268, 2.796664066347515 ], [ 131.115047360903731, 2.796722651900278 ], [ 131.114360252966748, 2.796755509040042 ], [ 131.112950119768612, 2.796830272712094 ], [ 131.112225053657284, 2.796872697557952 ], [ 131.110775421976115, 2.796965485550174 ], [ 131.110050858313343, 2.797015848574678 ], [ 131.108642727170633, 2.797121475772332 ], [ 131.107964919125919, 2.7971758152679 ], [ 131.106609887311521, 2.797291441189358 ], [ 131.10593266538072, 2.797352727458572 ], [ 131.104620969433853, 2.797478213662574 ], [ 131.104265778703876, 2.79751315828346 ], [ 131.10355558649394, 2.797584958670073 ], [ 131.103200586031136, 2.797621814337213 ], [ 131.103013241071523, 2.797641773899038 ], [ 131.102655934791102, 2.797680820446366 ], [ 131.101941536411545, 2.797760849447569 ], [ 131.10158444524086, 2.797801831793794 ], [ 131.100413057108256, 2.7979394850195 ], [ 131.099684988498922, 2.798030492485773 ], [ 131.09940450099532, 2.798065973281139 ], [ 131.095943330236054, 2.798505286818679 ], [ 131.094075893346144, 2.798769615562456 ], [ 131.092722958358991, 2.798980778782695 ], [ 131.092384855880539, 2.799034442913257 ], [ 131.091708927453254, 2.799143515837458 ], [ 131.091371102672383, 2.799198924446357 ], [ 131.091037826472331, 2.799254470408675 ], [ 131.090869374444196, 2.799282768624533 ], [ 131.090532542659588, 2.799339798837263 ], [ 131.090364163574606, 2.799368530719558 ], [ 131.089690794486472, 2.799484325240906 ], [ 131.089522145656105, 2.799513550578256 ], [ 131.089184922291764, 2.799572436510295 ], [ 131.089015677246124, 2.799602215978963 ], [ 131.088658750067822, 2.799666502436009 ], [ 131.087943907988603, 2.79979727123464 ], [ 131.087586665019018, 2.799863634442013 ], [ 131.086157070143457, 2.800133253892862 ], [ 131.085443004661073, 2.800271982930184 ], [ 131.084016418678317, 2.800557263878199 ], [ 131.083303900109172, 2.800703815402712 ], [ 131.081880492692903, 2.801004723917345 ], [ 131.081169605759214, 2.801159080503344 ], [ 131.079749546181034, 2.801475580800954 ], [ 131.079040375454269, 2.801637724085349 ], [ 131.077623832629001, 2.80196977851836 ], [ 131.076916462455529, 2.802139689215958 ], [ 131.075503604855015, 2.802487258292048 ], [ 131.074798119337203, 2.802664916201406 ], [ 131.073389114973708, 2.803027958589729 ], [ 131.072685598037452, 2.803213342576643 ], [ 131.071280614500097, 2.803591815096448 ], [ 131.070579149804274, 2.803784903116329 ], [ 131.069178354192758, 2.804178760755268 ], [ 131.06847902517336, 2.804379529841421 ], [ 131.067082584083664, 2.804788725759098 ], [ 131.066385473899516, 2.804997152038172 ], [ 131.064993553429787, 2.805421637564361 ], [ 131.064298745027855, 2.805637696236643 ], [ 131.062911510726735, 2.806077420885329 ], [ 131.062219086713327, 2.806301086263987 ], [ 131.060836703559403, 2.806755997741887 ], [ 131.060146746288552, 2.806987243225977 ], [ 131.058769378701612, 2.807457287428108 ], [ 131.05808197024507, 2.807696085511633 ], [ 131.056709782051428, 2.80818120653178 ], [ 131.056366413096981, 2.808303661238951 ], [ 131.055680343686646, 2.808550455844143 ], [ 131.055336381177682, 2.808675257593521 ], [ 131.05499691326861, 2.808800536715705 ], [ 131.054316137076029, 2.809053882254558 ], [ 131.053976092703323, 2.809181486140058 ], [ 131.052614752269847, 2.80969658592119 ], [ 131.051935479551588, 2.809957867818457 ], [ 131.050579806201995, 2.810487865974744 ], [ 131.049903407410994, 2.810756581514513 ], [ 131.048553562385706, 2.811301415012288 ], [ 131.047880117973477, 2.811577532235235 ], [ 131.046536261823206, 2.812137136275665 ], [ 131.045865851900174, 2.812420622337485 ], [ 131.044528144468842, 2.812994930362611 ], [ 131.043860848774244, 2.813285751547515 ], [ 131.04252944916928, 2.813874695253042 ], [ 131.041865347061758, 2.814172816976966 ], [ 131.04054041364418, 2.81477632631688 ], [ 131.039879584132905, 2.815081713114146 ], [ 131.038561274498988, 2.815699716307999 ], [ 131.037903796161459, 2.816012331868631 ], [ 131.036592267109853, 2.816644755417704 ], [ 131.035938218174323, 2.816964562549053 ], [ 131.034633625707556, 2.817611331234405 ], [ 131.033983083951966, 2.817938291908934 ], [ 131.032685583249275, 2.818599328805254 ], [ 131.032038626051872, 2.818933404136735 ], [ 131.030748371447203, 2.81960863062318 ], [ 131.030105075785826, 2.819949780865273 ], [ 131.02882222075084, 2.820639116633639 ], [ 131.028182663123175, 2.820987301222703 ], [ 131.026907360247606, 2.821690664288258 ], [ 131.026271616724358, 2.822045841815108 ], [ 131.025004017717606, 2.822763148516064 ], [ 131.024686727452007, 2.822943846339699 ], [ 131.024053132484482, 2.823306984878308 ], [ 131.023735122629773, 2.823490415391928 ], [ 131.023470014724722, 2.823645125220695 ], [ 131.022937105997272, 2.823957764912069 ], [ 131.022671011910319, 2.824114704060855 ], [ 131.021604631993597, 2.824746979870507 ], [ 131.021072901824454, 2.82506560565599 ], [ 131.020012403949067, 2.825707807293625 ], [ 131.019483637682043, 2.826031382275183 ], [ 131.018429113239677, 2.826683454405152 ], [ 131.017903356490251, 2.827011950672488 ], [ 131.016854896341698, 2.827673837117862 ], [ 131.01633219436647, 2.828007226398126 ], [ 131.015289888852777, 2.828678870135896 ], [ 131.014770286726645, 2.829017123684261 ], [ 131.013734225660016, 2.829698466849603 ], [ 131.013217768135263, 2.830041555536834 ], [ 131.012188040798975, 2.830732539424528 ], [ 131.01167477237334, 2.831080433695779 ], [ 131.010651467489083, 2.83178099878011 ], [ 131.010141432419147, 2.832133668643372 ], [ 131.009124638180111, 2.832843754556628 ], [ 131.008617880396628, 2.833201169640285 ], [ 131.007607684427285, 2.833920715200117 ], [ 131.007104247612716, 2.834282844700541 ], [ 131.006100736939061, 2.835011787931104 ], [ 131.005600664445069, 2.835378600671279 ], [ 131.004603925552402, 2.836116878763259 ], [ 131.004107260504298, 2.836488343116041 ], [ 131.003117379292263, 2.837235892456324 ], [ 131.002624164474838, 2.837611976428814 ], [ 131.001641226237894, 2.83836873261789 ], [ 131.00115150415013, 2.83874940381094 ], [ 131.000175593605036, 2.839515301639817 ], [ 130.999932055984914, 2.839707346735373 ], [ 130.999445868409026, 2.840092572439858 ], [ 130.999203219497758, 2.840285752223311 ], [ 130.998647693437221, 2.84073013517454 ], [ 130.998309568960764, 2.841002419572053 ], [ 130.99763508533124, 2.841549191843414 ], [ 130.99729872746525, 2.841823678669033 ], [ 130.995956879905407, 2.842925988387716 ], [ 130.995621305716895, 2.843203495631739 ], [ 130.994951960689576, 2.843760704230813 ], [ 130.994616243661454, 2.844042047419375 ], [ 130.994341224493922, 2.844275337783997 ], [ 130.993788565524937, 2.844746713499692 ], [ 130.993512873576179, 2.844983155621391 ], [ 130.992408755756628, 2.845935303893956 ], [ 130.991859279346301, 2.846414404510726 ], [ 130.990765553916788, 2.847378604312487 ], [ 130.990221306386189, 2.847863702188834 ], [ 130.989138103491342, 2.848839838819365 ], [ 130.988599149595785, 2.849330876253358 ], [ 130.987526598108246, 2.850318833610508 ], [ 130.986993001970745, 2.850815752197666 ], [ 130.985931229494582, 2.851815412776851 ], [ 130.985403054604262, 2.852318153409255 ], [ 130.984352187472467, 2.853329398304168 ], [ 130.983829496657592, 2.853837901198351 ], [ 130.982789659911077, 2.854860610121747 ], [ 130.982272515387962, 2.855374814769842 ], [ 130.981243832747197, 2.85640886607858 ], [ 130.980732296032357, 2.856928711334479 ], [ 130.979714889900748, 2.857973982028637 ], [ 130.979209021869536, 2.858499406049008 ], [ 130.978203013311855, 2.859555771792667 ], [ 130.977702874152868, 2.860086712084922 ], [ 130.976708382862739, 2.861154047238851 ], [ 130.976214032083249, 2.861690440655102 ], [ 130.975231176395909, 2.86276861826503 ], [ 130.97474267282675, 2.863310400996053 ], [ 130.973771569713819, 2.864399292796938 ], [ 130.973288971489865, 2.8649464003926 ], [ 130.97232973650685, 2.866045876864934 ], [ 130.971853101051835, 2.866598244252665 ], [ 130.970905848335406, 2.867708174627808 ], [ 130.970668785965842, 2.867987492966572 ], [ 130.970196184739592, 2.868547432355461 ], [ 130.969958691032929, 2.868830395523197 ], [ 130.969745411053481, 2.869087236263514 ], [ 130.969316240855647, 2.869606690037544 ], [ 130.969102306711449, 2.869866959491527 ], [ 130.968245269940638, 2.870914980950811 ], [ 130.967819388528739, 2.871441170759682 ], [ 130.966972940946306, 2.872497857527792 ], [ 130.966552375934498, 2.873028353046585 ], [ 130.965716604234132, 2.874093596949429 ], [ 130.965301398687217, 2.874628343883975 ], [ 130.964476388471866, 2.875702035868698 ], [ 130.964066584922193, 2.876240979469191 ], [ 130.963252420686416, 2.877323009628509 ], [ 130.96284806111251, 2.877866094715801 ], [ 130.962044826248103, 2.878956352280009 ], [ 130.961645952051896, 2.879503523278642 ], [ 130.960853728836128, 2.880601896630892 ], [ 130.96065636183144, 2.880876996284344 ], [ 130.960263013382331, 2.881428197506067 ], [ 130.960067032712942, 2.881704297993246 ], [ 130.959714648721814, 2.88220343512735 ], [ 130.959600623740442, 2.882365275379303 ], [ 130.959410846182578, 2.882635198109686 ], [ 130.959297138891628, 2.882797263998925 ], [ 130.958889272052403, 2.883379782575578 ], [ 130.958613089688214, 2.883777293524173 ], [ 130.958063590655001, 2.884574314059417 ], [ 130.957757146160162, 2.885022670176086 ], [ 130.956920444448343, 2.886257542656423 ], [ 130.956656957071715, 2.886639322964761 ], [ 130.956164656406571, 2.887362692311747 ], [ 130.955123349669378, 2.888914417339479 ], [ 130.954608082794522, 2.889693932818652 ], [ 130.953588419698349, 2.891260122008871 ], [ 130.953084024876631, 2.892046793592199 ], [ 130.952086204262741, 2.893627141723993 ], [ 130.951592779834954, 2.894420816136215 ], [ 130.950616996271407, 2.896015015262495 ], [ 130.950134638465073, 2.896815537828226 ], [ 130.949181082228705, 2.89842327729864 ], [ 130.948943197607633, 2.898827574056305 ], [ 130.948470249971393, 2.899637835582074 ], [ 130.948233457929149, 2.900046810885291 ], [ 130.948055046470472, 2.900359407975364 ], [ 130.94769647037046, 2.900991603781812 ], [ 130.947518035892074, 2.901308190004467 ], [ 130.946804296251685, 2.902582586763941 ], [ 130.946450882932822, 2.903221741097477 ], [ 130.945751009436862, 2.904503889114366 ], [ 130.945404550223088, 2.90514688104694 ], [ 130.944718626201876, 2.906436627787612 ], [ 130.944379162329398, 2.907083380852747 ], [ 130.94370726944851, 2.90838057289184 ], [ 130.943374841352266, 2.909031010119107 ], [ 130.942717059607276, 2.910335493147702 ], [ 130.942391706862708, 2.910989537170719 ], [ 130.941748114573898, 2.912301156008413 ], [ 130.941429875912178, 2.912958729041048 ], [ 130.940800549718887, 2.914277327646616 ], [ 130.94048946304531, 2.91493835143964 ], [ 130.939874477879215, 2.91626377296486 ], [ 130.939570580228548, 2.916928168901514 ], [ 130.938970009333843, 2.918260255649951 ], [ 130.938673336914945, 2.918927944649673 ], [ 130.938461870079436, 2.919410925926325 ], [ 130.93837074447103, 2.919598549045318 ], [ 130.938116966069543, 2.920126917080143 ], [ 130.93761401702713, 2.921185867328325 ], [ 130.937364847079152, 2.921716448091995 ], [ 130.936871134081031, 2.922779783122135 ], [ 130.936626591699479, 2.923312535957217 ], [ 130.936142152581255, 2.924380174362081 ], [ 130.935902256507489, 2.924915058481111 ], [ 130.935427128406531, 2.925986918500855 ], [ 130.935191897034542, 2.926523892934297 ], [ 130.934726116395069, 2.927599892441193 ], [ 130.93449556776423, 2.928138916054305 ], [ 130.934039170297211, 2.929218972641384 ], [ 130.933813322077953, 2.929760004166555 ], [ 130.933366342759513, 2.930844035158084 ], [ 130.933145212271739, 2.931387033152197 ], [ 130.93270768537613, 2.932474955521969 ], [ 130.93249128957379, 2.933019878403177 ], [ 130.932063248663411, 2.934111608798132 ], [ 130.931738579706803, 2.934956364349492 ], [ 130.931101031876807, 2.936649113984857 ], [ 130.930787645752474, 2.93749850738792 ], [ 130.929896550375247, 2.939969492834886 ], [ 130.929572053386067, 2.940890221254241 ], [ 130.928936967970429, 2.942734787268627 ], [ 130.9286261024547, 2.943659393244392 ], [ 130.928200633772548, 2.944955894330591 ], [ 130.927991182077818, 2.945605232838697 ], [ 130.927578864564083, 2.946906022026503 ], [ 130.927375999313, 2.947557470939972 ], [ 130.926976875766513, 2.948862413421309 ], [ 130.926780618018853, 2.949515905224012 ], [ 130.926394729883555, 2.950824865722556 ], [ 130.926205100030387, 2.951480332630672 ], [ 130.925832487390636, 2.952793175409315 ], [ 130.925740164230405, 2.95312162763899 ], [ 130.925557181714595, 2.953779002149181 ], [ 130.925466522721564, 2.954107923137399 ], [ 130.925299757964353, 2.954719004243993 ], [ 130.925113911083002, 2.955414631764189 ], [ 130.924749660898073, 2.956807854877218 ], [ 130.924571258192742, 2.957505448154926 ], [ 130.923872613509474, 2.960299441539083 ], [ 130.92370167477182, 2.96099892139746 ], [ 130.923367280569551, 2.962399690884504 ], [ 130.923203825685619, 2.963100978190583 ], [ 130.923064834942949, 2.963712063789051 ], [ 130.922973028842648, 2.964121593703201 ], [ 130.922791968793717, 2.964941224289698 ], [ 130.92270271517927, 2.965351323437931 ], [ 130.92235081790102, 2.966992800704012 ], [ 130.922179981158052, 2.967814645880266 ], [ 130.921848557365109, 2.969460424897835 ], [ 130.921687970778947, 2.970284356511599 ], [ 130.921377072586097, 2.971934179163752 ], [ 130.921300270839509, 2.972348866070247 ], [ 130.921149263536932, 2.973178719769767 ], [ 130.921074365333567, 2.973597833868563 ], [ 130.921013174877288, 2.973952155504766 ], [ 130.920891341946714, 2.97466902782679 ], [ 130.920831392497206, 2.975027629092798 ], [ 130.920594162619608, 2.976470602058065 ], [ 130.920479461727183, 2.977192737955441 ], [ 130.920257901090309, 2.978638226537222 ], [ 130.920151041658073, 2.979361577251824 ], [ 130.919945176714322, 2.980809409463074 ], [ 130.919846171494299, 2.981533888984057 ], [ 130.919656026829301, 2.982983892565413 ], [ 130.919564887651319, 2.983709414667351 ], [ 130.919390485980813, 2.98516141709566 ], [ 130.91930722373499, 2.985887895448855 ], [ 130.919148585901638, 2.987341723960982 ], [ 130.919073210539494, 2.988069072146561 ], [ 130.91893035551081, 2.989524553769403 ], [ 130.918862876048706, 2.990252685229226 ], [ 130.918735820915003, 2.991709646788421 ], [ 130.918676245427179, 2.992438474900402 ], [ 130.918565005400211, 2.993896743032046 ], [ 130.918513341022702, 2.994626181065385 ], [ 130.91841792943174, 2.996085582258852 ], [ 130.918374182357951, 2.996815543436918 ], [ 130.918294610648985, 2.998275904057233 ], [ 130.918258786131759, 2.999006301526126 ], [ 130.91819506386733, 3.000467447810951 ], [ 130.918167166216904, 3.001198194637721 ], [ 130.918119301073432, 3.002659952722935 ], [ 130.918099333655846, 3.003390961995768 ], [ 130.918067331423515, 3.004853157957384 ], [ 130.918055296662573, 3.005584342656292 ], [ 130.918039161243883, 3.007046802509394 ], [ 130.918036107657002, 3.007414480495223 ], [ 130.918032006390121, 3.008149849729338 ], [ 130.918030958349163, 3.008521635080458 ], [ 130.918032622467621, 3.008999363219452 ], [ 130.918039394464273, 3.009962985217985 ], [ 130.918044502699871, 3.010444782667913 ], [ 130.918071939583939, 3.012380017696104 ], [ 130.918092605101066, 3.013347534325566 ], [ 130.918147826153501, 3.015282169464907 ], [ 130.918182381637962, 3.016249285347377 ], [ 130.918265375572588, 3.018182917446402 ], [ 130.918313813934361, 3.019149431043717 ], [ 130.918424563677604, 3.021081657169448 ], [ 130.918486874932597, 3.022047367064593 ], [ 130.918625357627405, 3.023977784584612 ], [ 130.918701528903284, 3.024942489572488 ], [ 130.918867715914104, 3.02687069621836 ], [ 130.918957731447819, 3.027834195254096 ], [ 130.919151588363206, 3.029759789199334 ], [ 130.919201781955593, 3.030241022819212 ], [ 130.91930562325328, 3.031203115906881 ], [ 130.919359270774379, 3.031683973583925 ], [ 130.919442474406623, 3.032406209323215 ], [ 130.919500905491304, 3.032897536906447 ], [ 130.919621373692962, 3.03387974608424 ], [ 130.919683410581996, 3.034370625844362 ], [ 130.919938757279482, 3.036333150254328 ], [ 130.920073635471653, 3.037313463683321 ], [ 130.920357772948478, 3.039271984688569 ], [ 130.92050703187158, 3.040250189594962 ], [ 130.92081989844192, 3.042204280390766 ], [ 130.920900244745553, 3.042694517590215 ], [ 130.921064549872767, 3.04367438251202 ], [ 130.921149208957132, 3.044168004652685 ], [ 130.921211225579185, 3.044516328046273 ], [ 130.921338530042334, 3.045220624631046 ], [ 130.921403117233041, 3.045572601103896 ], [ 130.921666679736063, 3.04698773237186 ], [ 130.921802239999693, 3.047694585732401 ], [ 130.922080903670775, 3.049106790187261 ], [ 130.922224006711929, 3.049812139375016 ], [ 130.922517739504855, 3.0512212541634 ], [ 130.922668368868585, 3.05192501785391 ], [ 130.922977136998753, 3.053330880475579 ], [ 130.923135275353616, 3.054032977488804 ], [ 130.923459043306678, 3.055435425841249 ], [ 130.923624672468463, 3.056135775246905 ], [ 130.923963402996179, 3.057534647599766 ], [ 130.924136503912706, 3.058233168648756 ], [ 130.924490158039134, 3.059628303676146 ], [ 130.924670710779537, 3.060324915764856 ], [ 130.925039247808883, 3.061716152582135 ], [ 130.92522723160701, 3.062410775420305 ], [ 130.92561060912945, 3.063797953599359 ], [ 130.925806002340209, 3.06449050704789 ], [ 130.926204176229817, 3.065873466614462 ], [ 130.926406956373938, 3.066563870842637 ], [ 130.926819880799627, 3.067942452312924 ], [ 130.927030024530836, 3.068630627687553 ], [ 130.927457651961191, 3.070004672087742 ], [ 130.927675135085138, 3.070690539236404 ], [ 130.928117416286312, 3.072059888095393 ], [ 130.928342213771288, 3.072743367943033 ], [ 130.928799097824907, 3.074107863348917 ], [ 130.929031183781575, 3.074788877051934 ], [ 130.929502618082779, 3.076148361648272 ], [ 130.929621385703939, 3.076487918307854 ], [ 130.929860733612003, 3.077166387490011 ], [ 130.929981900746299, 3.077506935491537 ], [ 130.930401315410364, 3.078675683756972 ], [ 130.930526724926466, 3.079023693488042 ], [ 130.930680452720253, 3.079444982893883 ], [ 130.93099318222724, 3.08029311760069 ], [ 130.931151410303045, 3.080717824227349 ], [ 130.931757479346544, 3.082327993415878 ], [ 130.932065657034883, 3.083131123846468 ], [ 130.932692247464018, 3.084733342527188 ], [ 130.93301066500365, 3.085532442481381 ], [ 130.933085959150731, 3.085717941036916 ], [ 130.933273579672004, 3.086203434711858 ], [ 130.933522943508962, 3.086839080584495 ], [ 130.93402810010852, 3.08810777485944 ], [ 130.934283894332026, 3.088740827074877 ], [ 130.934801889469469, 3.090004279355429 ], [ 130.93506408968301, 3.090634677693215 ], [ 130.935594869609872, 3.091892756711398 ], [ 130.935863448610689, 3.092520435685961 ], [ 130.936406958255247, 3.093773010746143 ], [ 130.936681888165396, 3.094397905124507 ], [ 130.937238071120902, 3.095644846074447 ], [ 130.937519323413738, 3.096266890942671 ], [ 130.938088121952404, 3.097508068206725 ], [ 130.938375667428915, 3.098127198908798 ], [ 130.938957022514927, 3.09936248351991 ], [ 130.93925083134198, 3.099978635749934 ], [ 130.93984468264469, 3.101207899373426 ], [ 130.940144724317065, 3.10182100908859 ], [ 130.940751010192798, 3.103044123986997 ], [ 130.941057253573859, 3.103654127496025 ], [ 130.941675911090982, 3.104870966579897 ], [ 130.941988324396419, 3.105477800505927 ], [ 130.942619289341252, 3.106688237345021 ], [ 130.942937840129503, 3.107291838611401 ], [ 130.943581046995035, 3.108495747415493 ], [ 130.943905702203352, 3.10909605331345 ], [ 130.944561084223125, 3.110293308995401 ], [ 130.944891810151006, 3.110890257152605 ], [ 130.94555929928697, 3.112080735305441 ], [ 130.945727808011014, 3.112379481459295 ], [ 130.94606634686707, 3.112976103621803 ], [ 130.946238172309307, 3.113277106041231 ], [ 130.946407344638061, 3.113569980627142 ], [ 130.946750782277462, 3.114161102848346 ], [ 130.946923251344941, 3.114456222445546 ], [ 130.947619729228478, 3.115641059277726 ], [ 130.947970992907614, 3.116231680112975 ], [ 130.948679534628894, 3.117409267557044 ], [ 130.949036811715928, 3.117996232566607 ], [ 130.949757342654493, 3.119166446502472 ], [ 130.95012059552991, 3.119749693832361 ], [ 130.950853039811847, 3.120912410935381 ], [ 130.95122223022716, 3.121491879124536 ], [ 130.951966510726066, 3.122646976865882 ], [ 130.95234159980285, 3.123222604844754 ], [ 130.953097638136114, 3.124369961485362 ], [ 130.953478586367311, 3.124941688580529 ], [ 130.954246302912935, 3.126081183197216 ], [ 130.95443896125002, 3.126365564224205 ], [ 130.954825728660495, 3.126933330039533 ], [ 130.955019836634989, 3.127216713214588 ], [ 130.955880846457177, 3.128466841088318 ], [ 130.956101030156702, 3.128784567733839 ], [ 130.956543221131398, 3.12941873891393 ], [ 130.956765227207853, 3.129735181727742 ], [ 130.957656870670036, 3.130998347983757 ], [ 130.958106321711028, 3.131627341441597 ], [ 130.959012424880598, 3.13288006847195 ], [ 130.959469075779367, 3.13350380033241 ], [ 130.960389517775781, 3.134745920905894 ], [ 130.960853307628525, 3.135364307927473 ], [ 130.961787965663234, 3.136595656237876 ], [ 130.962258832580773, 3.137208615850531 ], [ 130.963207581953156, 3.138429027513791 ], [ 130.963685463121948, 3.139036477899416 ], [ 130.964648177254531, 3.14024578999821 ], [ 130.965133008911835, 3.140847650059721 ], [ 130.966109559371176, 3.142045701170105 ], [ 130.966355566148451, 3.142345727593005 ], [ 130.966849308334787, 3.142944342685955 ], [ 130.967099095756993, 3.14324538991967 ], [ 130.967330570944085, 3.143521203376538 ], [ 130.967799126943078, 3.144076470020571 ], [ 130.968034154438328, 3.144353463077678 ], [ 130.96898133978695, 3.145463652466789 ], [ 130.969457944475664, 3.146016149575463 ], [ 130.970417123774126, 3.147115885878887 ], [ 130.970899697075623, 3.147663123566397 ], [ 130.971870756209881, 3.148752275881736 ], [ 130.972359240720863, 3.149294189020267 ], [ 130.973342064154508, 3.150372627696918 ], [ 130.97383640174823, 3.150909151770432 ], [ 130.974830872552531, 3.151976748443168 ], [ 130.975331004403728, 3.15250781957707 ], [ 130.976337004257374, 3.153564447166209 ], [ 130.976842870892, 3.154090002177976 ], [ 130.977860280090141, 3.155135534896847 ], [ 130.978371821278216, 3.155655511185175 ], [ 130.979400518760968, 3.156689824575292 ], [ 130.979917673650363, 3.157204160258836 ], [ 130.980957537030463, 3.158227131213695 ], [ 130.981480244104546, 3.158735765085595 ], [ 130.982531149645439, 3.159747271827943 ], [ 130.983059346684968, 3.160250143319759 ], [ 130.984121169333093, 3.161250065437822 ], [ 130.984654793496617, 3.161747114698409 ], [ 130.985727406906079, 3.162735333166335 ], [ 130.986266394694695, 3.163226501026487 ], [ 130.987349671226298, 3.164202898205045 ], [ 130.987893958499143, 3.164688126193847 ], [ 130.988987769252617, 3.165652585858672 ], [ 130.989537291241021, 3.166131816215039 ], [ 130.990641506043659, 3.167084223548286 ], [ 130.990919218095769, 3.167322431814196 ], [ 130.991475937110295, 3.167797317758976 ], [ 130.991757004409152, 3.168035733422894 ], [ 130.991857457278826, 3.168120298194256 ], [ 130.992062657188512, 3.168292698204253 ], [ 130.992165342871914, 3.168378794584588 ], [ 130.992580496119871, 3.168726169027036 ], [ 130.992684371373713, 3.168812906518536 ], [ 130.992892297115219, 3.168986170442274 ], [ 130.992996346428725, 3.169072695897517 ], [ 130.994301959734912, 3.170156181218338 ], [ 130.995488571033917, 3.171118197006951 ], [ 130.997883366633772, 3.173014712840181 ], [ 130.99909154670604, 3.173949209591256 ], [ 131.003964896653088, 3.177630229329099 ], [ 131.005194020834011, 3.178536717715125 ], [ 131.007672573365397, 3.180321219904308 ], [ 131.008921997712861, 3.181199230704713 ], [ 131.009894299003349, 3.181865997869914 ], [ 131.010152961450189, 3.182042486860088 ], [ 131.010671108109818, 3.18239424489114 ], [ 131.010930590953734, 3.182569513002627 ], [ 131.011970144893553, 3.183268130909429 ], [ 131.012491550622116, 3.18361498997729 ], [ 131.01353757662767, 3.184303779753958 ], [ 131.014062195484286, 3.184645709525737 ], [ 131.015114601598185, 3.185324610605967 ], [ 131.015642387425146, 3.185661580991066 ], [ 131.016701081123273, 3.186330533676833 ], [ 131.017231987542459, 3.186662515058766 ], [ 131.018296875765117, 3.187321460536847 ], [ 131.018830856121696, 3.187648423735935 ], [ 131.019901845251411, 3.188297304064414 ], [ 131.020438852565945, 3.188619220309003 ], [ 131.021515848436735, 3.189257978425257 ], [ 131.021786362442072, 3.189417557152554 ], [ 131.022328135787888, 3.189735434732984 ], [ 131.02260121390907, 3.189894789184037 ], [ 131.023047643271894, 3.190151581920617 ], [ 131.023946114666586, 3.190663782223224 ], [ 131.024396335959722, 3.19091813307027 ], [ 131.026204667835344, 3.191930499577144 ], [ 131.027112741265228, 3.192429629181627 ], [ 131.028936489338321, 3.193413663580462 ], [ 131.029852161475532, 3.193898567019278 ], [ 131.031690886431647, 3.194854032235006 ], [ 131.032151502566393, 3.195091111889221 ], [ 131.033074554149664, 3.195561672402789 ], [ 131.033536987977413, 3.195795152426899 ], [ 131.034092613230058, 3.196072975748219 ], [ 131.034513065756897, 3.196281360258219 ], [ 131.03535541884392, 3.196695153543359 ], [ 131.035777317866319, 3.196900561569232 ], [ 131.037467731087446, 3.197716202940016 ], [ 131.038315789353902, 3.198118050617277 ], [ 131.040017446156554, 3.198909722693955 ], [ 131.040871042366462, 3.19929954600891 ], [ 131.042583606352196, 3.200067092268335 ], [ 131.043442571776154, 3.200444814156584 ], [ 131.045165704382157, 3.201188082843346 ], [ 131.046029869212532, 3.201553628625426 ], [ 131.047763229795237, 3.202272472788451 ], [ 131.048925443515174, 3.20274166714097 ], [ 131.051258436761742, 3.203658034219704 ], [ 131.052429213065039, 3.204105205693945 ], [ 131.055369574982706, 3.205196608030076 ], [ 131.055514633450713, 3.205250258592645 ], [ 131.055804877719851, 3.205357223082353 ], [ 131.055951415592716, 3.205411031694495 ], [ 131.056839378064439, 3.205728783645818 ], [ 131.058622404879003, 3.206352592742275 ], [ 131.059516114319848, 3.20665815418153 ], [ 131.060711405673572, 3.207057362173341 ], [ 131.061309988444123, 3.20725412921653 ], [ 131.062508978056286, 3.20764197292283 ], [ 131.063109383265896, 3.207833049057474 ], [ 131.064311964165285, 3.208209493873409 ], [ 131.064914138221326, 3.208394862043109 ], [ 131.066120203135569, 3.208759874387717 ], [ 131.066724092341246, 3.208939518062228 ], [ 131.067933533692582, 3.209293065375602 ], [ 131.068236103924022, 3.209380735188343 ], [ 131.068841654596213, 3.209554638197845 ], [ 131.069144633481386, 3.209640870947494 ], [ 131.070228146840236, 3.209946480547338 ], [ 131.071558934324543, 3.210306966300934 ], [ 131.074227640176588, 3.211000215941725 ], [ 131.075565555112917, 3.211332978977689 ], [ 131.079428895076944, 3.212251376233695 ], [ 131.079622095729775, 3.212296998706782 ], [ 131.080008636527538, 3.212387666738263 ], [ 131.080201973512175, 3.212432711549166 ], [ 131.080977867826476, 3.212612261435943 ], [ 131.081156624535396, 3.212653367470074 ], [ 131.081514250816866, 3.212735085538296 ], [ 131.081693122420717, 3.212775698027666 ], [ 131.082135564856827, 3.212875511301222 ], [ 131.082983876996991, 3.21306939204752 ], [ 131.084166213287745, 3.21332829726105 ], [ 131.086535361524085, 3.213824499900019 ], [ 131.087722174549185, 3.214061797615892 ], [ 131.089389160471455, 3.214379328050544 ], [ 131.089806518286792, 3.21445744445864 ], [ 131.090641722584678, 3.214611005459883 ], [ 131.0910602895338, 3.214686577740227 ], [ 131.091577379551893, 3.214776122100775 ], [ 131.092613689794831, 3.214951362822261 ], [ 131.093132187003903, 3.215036931052449 ], [ 131.09520884322103, 3.215371203241927 ], [ 131.096248481299057, 3.215530109800059 ], [ 131.098330124538165, 3.215831425194377 ], [ 131.099372126838801, 3.215973833616318 ], [ 131.101458239338257, 3.216242117268851 ], [ 131.102502346670576, 3.216367992130849 ], [ 131.104592409555835, 3.216603177311509 ], [ 131.10563836223551, 3.216712487306696 ], [ 131.107731855649234, 3.216914515517563 ], [ 131.108140872470898, 3.216950717509011 ], [ 131.108579202675827, 3.21699897808872 ], [ 131.109302856228368, 3.217074639884126 ], [ 131.110750923069219, 3.217218021332171 ], [ 131.111475344661784, 3.217285741921307 ], [ 131.112924881921799, 3.21741323513871 ], [ 131.113649995606266, 3.217473007592717 ], [ 131.115100830724003, 3.21758459740193 ], [ 131.115826550179094, 3.217636414604902 ], [ 131.117278510424995, 3.217732087719841 ], [ 131.118004749233108, 3.217775943501247 ], [ 131.119457661715899, 3.21785568852996 ], [ 131.120184333400488, 3.217891577668198 ], [ 131.12163802513922, 3.217955385116766 ], [ 131.122365043207367, 3.217983303339876 ], [ 131.12381934115254, 3.218031165612599 ], [ 131.124546619035442, 3.218051109596485 ], [ 131.126001350031714, 3.218083020994275 ], [ 131.12672880115835, 3.218094988364481 ], [ 131.128183792001806, 3.218110945087713 ], [ 131.128547554870693, 3.218113936929508 ], [ 131.129275093450104, 3.218117926016614 ], [ 131.129638868013132, 3.218118923251264 ], [ 131.129861131987269, 3.218118923251264 ], [ 131.130224906550097, 3.218117926016614 ], [ 131.130952445129537, 3.218113936929508 ], [ 131.131316207998793, 3.218110945087713 ], [ 131.132771198841965, 3.218094988364481 ], [ 131.133498649968686, 3.218083020994275 ], [ 131.134953380965158, 3.218051109596485 ], [ 131.135680658847861, 3.218031165612599 ], [ 131.137134956793034, 3.217983303339876 ], [ 131.137861974862602, 3.217955385116766 ], [ 131.139315666600623, 3.21789157766802 ], [ 131.1400423382822, 3.217855688530137 ], [ 131.141495250765871, 3.217775943501425 ], [ 131.142221489572194, 3.21773208772002 ], [ 131.143673449819175, 3.217636414604902 ], [ 131.144399169278813, 3.217584597401753 ], [ 131.145850004396266, 3.21747300759254 ], [ 131.146575118079767, 3.21741323513871 ], [ 131.148024655339668, 3.217285741921129 ], [ 131.148749076932262, 3.217218021331994 ], [ 131.150197143772743, 3.217074639884126 ], [ 131.150920787037705, 3.216998979221326 ], [ 131.152367211060209, 3.21683972661254 ], [ 131.153089989845995, 3.216756134883447 ], [ 131.154534598817463, 3.216581030076885 ], [ 131.155256427028007, 3.216489517239046 ], [ 131.1566990489614, 3.216298581082742 ], [ 131.157419840709281, 3.216199158025401 ], [ 131.158860303870568, 3.215992413248906 ], [ 131.159579973309178, 3.215885091813258 ], [ 131.161018106192358, 3.215662563032616 ], [ 131.161736567670062, 3.215547355991732 ], [ 131.163172199057243, 3.215309069700238 ], [ 131.163530596010332, 3.215248573958846 ], [ 131.164247058494169, 3.215125619833389 ], [ 131.164604401357195, 3.215063289530694 ], [ 131.16492494303057, 3.21500566414392 ], [ 131.165564300461057, 3.214889103687704 ], [ 131.16588383704206, 3.214830040861252 ], [ 131.167159981053857, 3.214590927370827 ], [ 131.167797473189381, 3.21446824948751 ], [ 131.169071240817829, 3.214216662395734 ], [ 131.169707514567421, 3.214087753531176 ], [ 131.170978785093439, 3.213823716681906 ], [ 131.171613780138244, 3.213688589056908 ], [ 131.172882433103155, 3.213412127470134 ], [ 131.173516089288796, 3.213270793886368 ], [ 131.174782004498979, 3.212981933755004 ], [ 131.175414261797044, 3.212834407601402 ], [ 131.176677319300779, 3.212533176296796 ], [ 131.177308117778068, 3.21237947155844 ], [ 131.178568197875393, 3.21206589762949 ], [ 131.178883030637479, 3.211986732898721 ], [ 131.179512310777199, 3.211826863867466 ], [ 131.179826756800907, 3.211746159909284 ], [ 131.180576883889529, 3.211551680859357 ], [ 131.180966814050038, 3.211449322871494 ], [ 131.181746052739811, 3.211242239843263 ], [ 131.182135359692353, 3.211137515225131 ], [ 131.183691290220764, 3.210713896593945 ], [ 131.18446798063016, 3.210497361708636 ], [ 131.186018702527917, 3.210054871246596 ], [ 131.186792731895792, 3.209828916275067 ], [ 131.188338018566697, 3.209367618642804 ], [ 131.189109273758305, 3.209132276613212 ], [ 131.190648899414441, 3.208652239216899 ], [ 131.191417267765956, 3.208407544509563 ], [ 131.192951007457822, 3.207908837489714 ], [ 131.193716376706334, 3.207654825857901 ], [ 131.195244006332331, 3.207137522086891 ], [ 131.196006264617807, 3.206874230656994 ], [ 131.197527560970684, 3.206338405725202 ], [ 131.197906823270841, 3.206203530793714 ], [ 131.198664533330884, 3.205931482850791 ], [ 131.199041625821792, 3.205794805690893 ], [ 131.199385129873491, 3.205668055040742 ], [ 131.200068737733574, 3.205413666896241 ], [ 131.200410194848786, 3.205285534266049 ], [ 131.201771959712147, 3.204770261589442 ], [ 131.202451442713908, 3.204508892165566 ], [ 131.203807532639786, 3.203978716851968 ], [ 131.204484137715752, 3.203709911685226 ], [ 131.205834391260993, 3.203164896858013 ], [ 131.206491650365905, 3.202852266111305 ], [ 131.207845142184965, 3.202310303341364 ], [ 131.208519053804281, 3.202038277204819 ], [ 131.209859447529539, 3.201467146163703 ], [ 131.210527068193272, 3.201176723198743 ], [ 131.21169057468407, 3.200659172886813 ], [ 131.211856259855523, 3.200582471835437 ], [ 131.212515998967575, 3.200274844364212 ], [ 131.21350337513374, 3.199812087856087 ], [ 131.213831679261347, 3.19965532134343 ], [ 131.214510887963797, 3.199383355220212 ], [ 131.21582956315595, 3.198765151158948 ], [ 131.216487222005725, 3.198452434251474 ], [ 131.217799107509677, 3.197819806207135 ], [ 131.218453332387696, 3.197499895927364 ], [ 131.219758272042696, 3.196852919213928 ], [ 131.220408985030531, 3.196525853668621 ], [ 131.221706823493008, 3.195864605315138 ], [ 131.222353947194478, 3.195530423410773 ], [ 131.223644529980902, 3.194854982136496 ], [ 131.224287987315421, 3.194513723683896 ], [ 131.225571160807164, 3.19382416989917 ], [ 131.226210875212161, 3.193475875509403 ], [ 131.227486486669335, 3.192772291305717 ], [ 131.228122381980484, 3.192417002453697 ], [ 131.229390279566161, 3.191699471592849 ], [ 131.229705875051906, 3.191519731011501 ], [ 131.230336090230452, 3.191158525964834 ], [ 131.230648888912157, 3.190978118387783 ], [ 131.230907766494823, 3.190827093688017 ], [ 131.231421213707023, 3.190526006945463 ], [ 131.231677602794406, 3.190374888912179 ], [ 131.23269825258896, 3.189770231743943 ], [ 131.233207240624694, 3.189465625200761 ], [ 131.23422250558869, 3.188851878569655 ], [ 131.234728781131963, 3.188542739320528 ], [ 131.235738581147643, 3.187919951668158 ], [ 131.236242104243416, 3.187606304115433 ], [ 131.237246359633986, 3.186974524591281 ], [ 131.237747090562351, 3.186656393480855 ], [ 131.23874572207805, 3.186015671951345 ], [ 131.239243621304439, 3.185693082406586 ], [ 131.240236550141361, 3.185043469442644 ], [ 131.240731578392996, 3.184716446913771 ], [ 131.241718726218522, 3.184057993774838 ], [ 131.242210844454206, 3.183726564058283 ], [ 131.243192133376056, 3.183059322711145 ], [ 131.243681302731915, 3.182723511986501 ], [ 131.244656655307153, 3.182047535101913 ], [ 131.245142837195061, 3.181707369865851 ], [ 131.246112176465346, 3.181022710793139 ], [ 131.246595332528045, 3.180678217889786 ], [ 131.247558582022805, 3.179984930654356 ], [ 131.248038674131607, 3.179636137276184 ], [ 131.248995757840618, 3.178934276599242 ], [ 131.2494727481334, 3.178581210260772 ], [ 131.250423590543534, 3.177870831532499 ], [ 131.250897441380488, 3.177513520100686 ], [ 131.251841967473752, 3.176794679381839 ], [ 131.252312641440227, 3.176433151078018 ], [ 131.253250776683672, 3.175705905108631 ], [ 131.253484910161774, 3.175523568858713 ], [ 131.253952370269729, 3.175157851875622 ], [ 131.254185695920796, 3.174974471906284 ], [ 131.254713502613896, 3.174557745538389 ], [ 131.25513729243616, 3.17422034395368 ], [ 131.255982137238448, 3.173542097814085 ], [ 131.256403190702031, 3.173201254488438 ], [ 131.258081827111994, 3.171831081302354 ], [ 131.258499095944813, 3.171487664819377 ], [ 131.259330858856146, 3.170797449214363 ], [ 131.259743289091176, 3.170452391017244 ], [ 131.260024359457901, 3.170213973288311 ], [ 131.260581081332276, 3.169739085951043 ], [ 131.260858794789669, 3.169500877001061 ], [ 131.261963012062125, 3.168548469605641 ], [ 131.262512535287982, 3.168069239210016 ], [ 131.263606348488338, 3.167104779478577 ], [ 131.264150636980588, 3.166619551454071 ], [ 131.26523391592616, 3.165643154213696 ], [ 131.26577290490556, 3.165151986330984 ], [ 131.266845520692499, 3.164163767809233 ], [ 131.26737914603882, 3.163666718521114 ], [ 131.268440971044328, 3.162666796342121 ], [ 131.26896916925395, 3.16216392482135 ], [ 131.270020077123121, 3.161152418018784 ], [ 131.270542785351637, 3.160643784119352 ], [ 131.271582651031963, 3.159620813104274 ], [ 131.272099807074937, 3.159106477379694 ], [ 131.273128506837992, 3.158072163919235 ], [ 131.273640049161514, 3.157552187593602 ], [ 131.274657460599627, 3.156506654815402 ], [ 131.275163328329569, 3.155981099792089 ], [ 131.276169330384562, 3.154924472154634 ], [ 131.276669463342188, 3.154393400982539 ], [ 131.277663936326888, 3.153325804251895 ], [ 131.278158275004586, 3.152789280148361 ], [ 131.279141100591346, 3.151710841410957 ], [ 131.279629586162116, 3.151168928252531 ], [ 131.280600647416094, 3.150079775880527 ], [ 131.281083221776839, 3.149532538156957 ], [ 131.282042403171573, 3.148432801789051 ], [ 131.282519008909929, 3.147880304637033 ], [ 131.2834661963158, 3.146770115192677 ], [ 131.283701223490567, 3.146493123106171 ], [ 131.284169778883808, 3.145937858378117 ], [ 131.28440125215954, 3.145662047809961 ], [ 131.284591682990566, 3.145432863272661 ], [ 131.284967440150268, 3.144978584567172 ], [ 131.285154820264353, 3.144751029707953 ], [ 131.285898328105077, 3.143844050052326 ], [ 131.286268103828348, 3.143388922874966 ], [ 131.287003672484644, 3.142475426321205 ], [ 131.287369464432317, 3.142017058172265 ], [ 131.288097037376247, 3.141097114960719 ], [ 131.288458817395707, 3.140635541138542 ], [ 131.289178338750418, 3.139709221962528 ], [ 131.289536079091903, 3.13924447789282 ], [ 131.290247493595388, 3.138311853939484 ], [ 131.290601166794573, 3.137843975322575 ], [ 131.291304419796717, 3.136905118277329 ], [ 131.291653998650219, 3.136434141122287 ], [ 131.292349036141246, 3.135489123135595 ], [ 131.292522281365109, 3.135252484352186 ], [ 131.292867739128923, 3.134778444453838 ], [ 131.293039950954437, 3.13454104431696 ], [ 131.29340102566448, 3.134040991419746 ], [ 131.293655518079163, 3.13368611420183 ], [ 131.294162193736241, 3.132974697070593 ], [ 131.294414376047797, 3.132618158475154 ], [ 131.29541844563937, 3.131188736142324 ], [ 131.295915838992897, 3.13047073237674 ], [ 131.29690126078097, 3.129028258112288 ], [ 131.297389287884158, 3.128303789583224 ], [ 131.298355894094698, 3.126848509151444 ], [ 131.298834471886835, 3.126117699249263 ], [ 131.299782097948906, 3.124649860599731 ], [ 131.300251144940006, 3.123912833853978 ], [ 131.301179629503395, 3.1224326871004 ], [ 131.301639065828454, 3.121689569102343 ], [ 131.30254825082136, 3.120197366432319 ], [ 131.302997998261532, 3.119448283798901 ], [ 131.303887728915214, 3.117944279434323 ], [ 131.304108045965251, 3.117569083963549 ], [ 131.304546250494269, 3.116817259448564 ], [ 131.304762339738886, 3.116443761890888 ], [ 131.30494599429764, 3.116121904772516 ], [ 131.305307967336404, 3.115483454192481 ], [ 131.30548808296885, 3.115163731122599 ], [ 131.306201555964321, 3.113889110234853 ], [ 131.306554833422325, 3.113249844603501 ], [ 131.307254430195911, 3.111967475500353 ], [ 131.307600748560304, 3.111324373787327 ], [ 131.308286385931893, 3.110034409078612 ], [ 131.308625704014844, 3.109387547838495 ], [ 131.309297300457473, 3.108090141056335 ], [ 131.309629577908055, 3.107439597287804 ], [ 131.310287053558113, 3.106134902866527 ], [ 131.310612250871287, 3.105480753991027 ], [ 131.311255527555119, 3.104168927217799 ], [ 131.311573606059284, 3.103511251105308 ], [ 131.312202607307967, 3.102192448085654 ], [ 131.312513529204807, 3.10153132297421 ], [ 131.313128180238522, 3.100205700664357 ], [ 131.31343190854912, 3.099541205269127 ], [ 131.314032136280275, 3.098208921474755 ], [ 131.314328634892973, 3.097541134890871 ], [ 131.31491436797171, 3.096202348167814 ], [ 131.315203601649699, 3.095531349850651 ], [ 131.315774770456784, 3.094186219514848 ], [ 131.316056704814827, 3.093512089333672 ], [ 131.31661324145378, 3.092160775481948 ], [ 131.316887842982311, 3.091483593660764 ], [ 131.317429681299302, 3.090126257125534 ], [ 131.317696917360394, 3.089446104256409 ], [ 131.318223992954501, 3.088082906580094 ], [ 131.318483831777854, 3.087399863632215 ], [ 131.318996082010131, 3.086030967043091 ], [ 131.319122549223721, 3.085690203455796 ], [ 131.319373643191199, 3.08500798967665 ], [ 131.319496942454094, 3.08467020689731 ], [ 131.319544982508859, 3.084537061757066 ], [ 131.319638143553249, 3.084278008311887 ], [ 131.319684591559138, 3.084148433881947 ], [ 131.319867249536316, 3.083637232920396 ], [ 131.319912785160142, 3.083509386426118 ], [ 131.320003598917879, 3.083253600286654 ], [ 131.320048876831038, 3.08312566126337 ], [ 131.320215471273627, 3.082653411271734 ], [ 131.320330546162808, 3.082324492162191 ], [ 131.3205589927029, 3.081666055998656 ], [ 131.320672363923933, 3.081336540196105 ], [ 131.321122430803683, 3.080017313937942 ], [ 131.321344050873023, 3.079356525075216 ], [ 131.321780441515216, 3.07803266379011 ], [ 131.321995211502525, 3.077369593170735 ], [ 131.32241787876913, 3.076041240094513 ], [ 131.32262577547715, 3.075375959457368 ], [ 131.323034673700704, 3.07404325835343 ], [ 131.323235674666961, 3.073375839704207 ], [ 131.323630759678082, 3.072038934787684 ], [ 131.323824843196945, 3.071369450327825 ], [ 131.324206072321459, 3.070028486261308 ], [ 131.32439321741893, 3.06935700847488 ], [ 131.324760549476338, 3.068012130391518 ], [ 131.32494073594296, 3.067338731932225 ], [ 131.325294131262382, 3.065990085364673 ], [ 131.325467339642302, 3.065314839093521 ], [ 131.325806760066854, 3.063962569961142 ], [ 131.325972971657649, 3.063285548943241 ], [ 131.326298380536599, 3.061929803580714 ], [ 131.326457577390784, 3.061251081082256 ], [ 131.326768939587964, 3.059892006211504 ], [ 131.326921104515549, 3.059211655692306 ], [ 131.3272183864174, 3.057849398388038 ], [ 131.327363502995723, 3.057167493459083 ], [ 131.3276466725207, 3.055802201099052 ], [ 131.327784725092556, 3.055118815519652 ], [ 131.328053751681836, 3.053750635830311 ], [ 131.328184725344499, 3.053065843570627 ], [ 131.32843957995749, 3.051694924655198 ], [ 131.328502047859075, 3.051354017089915 ], [ 131.328625229608861, 3.050671879893067 ], [ 131.328685241380413, 3.050334655101338 ], [ 131.328741598514313, 3.050008523545272 ], [ 131.328851345493632, 3.049363999180027 ], [ 131.328905437099138, 3.049041603344139 ], [ 131.329117351296986, 3.047759499065774 ], [ 131.329220217401058, 3.047117931493742 ], [ 131.329419758529383, 3.045833822290439 ], [ 131.329516433290024, 3.045191282404265 ], [ 131.329703582657316, 3.043905288990309 ], [ 131.329794057017324, 3.043261837210286 ], [ 131.329968797106034, 3.04197408042075 ], [ 131.33005306260452, 3.041329777161485 ], [ 131.330215377063809, 3.040040377982083 ], [ 131.330293425812442, 3.03939528380917 ], [ 131.330443299455709, 3.038104363410882 ], [ 131.33051512415355, 3.037458538945344 ], [ 131.330652542962952, 3.036166218645707 ], [ 131.330686119079132, 3.035843052251623 ], [ 131.33075171301175, 3.035196557887637 ], [ 131.330783730679201, 3.034873231382341 ], [ 131.330866908252148, 3.034012106989054 ], [ 131.330904756110812, 3.033607530942797 ], [ 131.330978011792354, 3.03279815445538 ], [ 131.331013419467013, 3.032393355703358 ], [ 131.331150165175814, 3.030773768197148 ], [ 131.331213655116215, 3.029963558858431 ], [ 131.3313308602159, 3.028342423733655 ], [ 131.331384575229663, 3.027531500158447 ], [ 131.331482222625084, 3.025909055684774 ], [ 131.331526154887882, 3.025097536993077 ], [ 131.331604230359289, 3.02347402161213 ], [ 131.331638373476608, 3.022662027129826 ], [ 131.331696865680755, 3.021037679455356 ], [ 131.331721214702583, 3.020225328468715 ], [ 131.331760115173864, 3.018600387226206 ], [ 131.331774666585488, 3.017787799176219 ], [ 131.331793969738698, 3.016162503173754 ], [ 131.331797558608713, 3.015758209717804 ], [ 131.331802310978219, 3.01494960618844 ], [ 131.331803474841195, 3.014549400528902 ], [ 131.331802426680156, 3.014177602895339 ], [ 131.3317983251209, 3.01344222552036 ], [ 131.331795271359397, 3.013074543455127 ], [ 131.331779135317021, 3.011612083769891 ], [ 131.331767100222322, 3.010880899156071 ], [ 131.331735097279449, 3.009418703365164 ], [ 131.331715129484905, 3.008687694184345 ], [ 131.331667263544205, 3.007225936278542 ], [ 131.331639365473507, 3.00649518953171 ], [ 131.331575642326015, 3.005034043449744 ], [ 131.331539817346425, 3.00430364609738 ], [ 131.331460244668364, 3.002843285668201 ], [ 131.331416497089123, 3.002113324592806 ], [ 131.331321084442635, 3.000653923584437 ], [ 131.331269419514825, 2.999924485627837 ], [ 131.331158178347096, 2.998466217697987 ], [ 131.331098602268781, 2.997737389700936 ], [ 131.330971545909762, 2.996280428347978 ], [ 131.330904065812348, 2.99555229698017 ], [ 131.330761209473138, 2.994096815570311 ], [ 131.330685833434927, 2.993369467492381 ], [ 131.33052719420678, 2.991915639198213 ], [ 131.330443931243138, 2.991189160959238 ], [ 131.330269528093794, 2.989737158754749 ], [ 131.330178388157123, 2.989011636777156 ], [ 131.32998824193163, 2.987561633437384 ], [ 131.329889235910969, 2.986837154040568 ], [ 131.329683369322055, 2.985389322063443 ], [ 131.329576509043562, 2.984665971447962 ], [ 131.329354946675721, 2.983220483088402 ], [ 131.32924024489725, 2.982498347306489 ], [ 131.329003013208734, 2.981055374586183 ], [ 131.328943063984838, 2.980696777386965 ], [ 131.328821231533766, 2.979979913166905 ], [ 131.328760042735581, 2.979625603538342 ], [ 131.328731197390169, 2.979462374018489 ], [ 131.328674513055688, 2.979143896525229 ], [ 131.328645979875091, 2.97898469255558 ], [ 131.328532515496391, 2.978355952916395 ], [ 131.328503963199154, 2.978198802297658 ], [ 131.328446486047937, 2.977884568906533 ], [ 131.32841756136466, 2.977727487068155 ], [ 131.328278543577341, 2.97697751315302 ], [ 131.328140518589976, 2.976254933731493 ], [ 131.327856589181209, 2.974811340218525 ], [ 131.327710685275264, 2.974090328612741 ], [ 131.327111381588594, 2.971209753229415 ], [ 131.326957616533861, 2.970490394795097 ], [ 131.326642242567488, 2.969053413891611 ], [ 131.326480634185486, 2.968335793866532 ], [ 131.326313847252067, 2.967613602261538 ], [ 131.326197841443019, 2.967119783680321 ], [ 131.325962115664908, 2.966133042332332 ], [ 131.325842396142804, 2.965640121392543 ], [ 131.325356116804045, 2.96367033776819 ], [ 131.325105563493508, 2.962687297361266 ], [ 131.324589685692217, 2.960725139222045 ], [ 131.324324361929257, 2.959746024160681 ], [ 131.323779004090198, 2.957791941063428 ], [ 131.323498970778104, 2.956816975674135 ], [ 131.322924258072959, 2.954871415303941 ], [ 131.322629579482083, 2.953900822954534 ], [ 131.322025643801254, 2.95196423103219 ], [ 131.321716387556279, 2.950998234090038 ], [ 131.321083367485613, 2.949071054290508 ], [ 131.320759604542303, 2.948109874047396 ], [ 131.32009764532873, 2.946192547892875 ], [ 131.319930987020058, 2.945715642180454 ], [ 131.319594098078966, 2.94476310501506 ], [ 131.319425164260906, 2.9442910548522 ], [ 131.319297847692951, 2.943942437693067 ], [ 131.319043927807314, 2.943253063144877 ], [ 131.318916028480629, 2.942908726705522 ], [ 131.31840337789572, 2.941540003538031 ], [ 131.318143341191018, 2.940857049296973 ], [ 131.317615873812173, 2.939494031195235 ], [ 131.31734844858326, 2.938813980999002 ], [ 131.317282112832146, 2.938646523230643 ], [ 131.316918982616471, 2.937707761583397 ], [ 131.316200232382045, 2.935890154191015 ], [ 131.315860077025349, 2.935046675789416 ], [ 131.315763470204871, 2.934811714169483 ], [ 131.315338391841607, 2.933747141399477 ], [ 131.315058593174257, 2.933057513085212 ], [ 131.314501682314699, 2.93170638500844 ], [ 131.314219562936529, 2.931032348729216 ], [ 131.313648028324337, 2.929687408188438 ], [ 131.313358613876574, 2.929016505757064 ], [ 131.312772523576001, 2.927677912741101 ], [ 131.312475848525793, 2.927010223970175 ], [ 131.311875272336209, 2.925678137723736 ], [ 131.311571372016289, 2.925013742046607 ], [ 131.310956381459846, 2.923688321041149 ], [ 131.310645292069154, 2.923027297515823 ], [ 131.310015960378564, 2.921708699420602 ], [ 131.309697718946637, 2.921051126652288 ], [ 131.309054121064065, 2.919739508336487 ], [ 131.308728765492248, 2.91908546456376 ], [ 131.308070978049955, 2.917780982053152 ], [ 131.307738547074763, 2.917130545075106 ], [ 131.307188912502056, 2.916069400991768 ], [ 131.306990289065169, 2.915622392896349 ], [ 131.306841356754489, 2.915289650286357 ], [ 131.306305242232838, 2.914100526359764 ], [ 131.306153915422556, 2.913767300897613 ], [ 131.305849452607958, 2.913101684585337 ], [ 131.305696317004731, 2.912769294620546 ], [ 131.305630194789302, 2.912626794463984 ], [ 131.305475827597292, 2.912296467008469 ], [ 131.305165307042671, 2.911636661644181 ], [ 131.305009154118494, 2.911307184655028 ], [ 131.304447619547119, 2.910130623207493 ], [ 131.304289137987865, 2.909800874705574 ], [ 131.303970385105828, 2.909142251411194 ], [ 131.303810114237251, 2.908813377564822 ], [ 131.303740678252638, 2.908671875226622 ], [ 131.303579143516458, 2.908344932826188 ], [ 131.303254305967243, 2.90769193711554 ], [ 131.303091003580533, 2.907365884650519 ], [ 131.302504305880774, 2.906202368801184 ], [ 131.302338748279453, 2.905876252099547 ], [ 131.302005863569434, 2.905224931043271 ], [ 131.30183853693822, 2.904899727628679 ], [ 131.301765833123426, 2.904759366454443 ], [ 131.301597204581185, 2.904435966806055 ], [ 131.301258198319005, 2.903790095627661 ], [ 131.301087821032525, 2.903467624911227 ], [ 131.300476224425012, 2.902317632995864 ], [ 131.300303672851982, 2.901995301258214 ], [ 131.299956821229642, 2.901351588211805 ], [ 131.299782521635422, 2.901030207754807 ], [ 131.299706602115862, 2.900891129017306 ], [ 131.299530956944238, 2.900571428186526 ], [ 131.299177937065792, 2.899932993059373 ], [ 131.299000562856264, 2.899614259651179 ], [ 131.29836433879882, 2.898478265193232 ], [ 131.298195565831321, 2.898178717861766 ], [ 131.297856491565767, 2.897580496938312 ], [ 131.297685120117876, 2.897279957727021 ], [ 131.297588030504897, 2.897110712122827 ], [ 131.297410274869094, 2.896802900332021 ], [ 131.297053528122291, 2.896188904548216 ], [ 131.296874208635757, 2.895882149955474 ], [ 131.29630207713214, 2.894909345314205 ], [ 131.296138197217516, 2.894632220358338 ], [ 131.295809113210737, 2.894078764686479 ], [ 131.295643909631366, 2.893802434836815 ], [ 131.295472863371543, 2.893517883827043 ], [ 131.295283955822924, 2.893205545568148 ], [ 131.294904449738425, 2.89258190890958 ], [ 131.294713851657463, 2.892270611252423 ], [ 131.294212846434192, 2.89145731006977 ], [ 131.294043373664948, 2.891183669904671 ], [ 131.293703121022077, 2.890637210921551 ], [ 131.293532341680134, 2.890364392959734 ], [ 131.293263276788167, 2.889936848276884 ], [ 131.293068006540551, 2.88962842768276 ], [ 131.29267579604678, 2.889012661164641 ], [ 131.292478856259464, 2.888705315958294 ], [ 131.292055174369352, 2.888048058598303 ], [ 131.291880164047029, 2.887777989732725 ], [ 131.291528853610117, 2.887238700191535 ], [ 131.291352554050633, 2.886969480367861 ], [ 131.290979634968551, 2.886402980263622 ], [ 131.290778099409977, 2.886098634507565 ], [ 131.290373380266601, 2.885491051852101 ], [ 131.290170197149877, 2.885187815654354 ], [ 131.289829920764845, 2.884682953703541 ], [ 131.289739842632713, 2.884549651599255 ], [ 131.289559367508247, 2.884283264775371 ], [ 131.28946897083145, 2.88415018052189 ], [ 131.289379341879368, 2.884018566449363 ], [ 131.289264182521578, 2.883850014669188 ], [ 131.289033353036729, 2.883513264941004 ], [ 131.288917683227083, 2.883345067453247 ], [ 131.288524728563431, 2.882775523576841 ], [ 131.288316631372396, 2.882475659071176 ], [ 131.287898813276712, 2.881877074839583 ], [ 131.287689092999216, 2.881578356009295 ], [ 131.287146335244131, 2.880809726028136 ], [ 131.286909849126175, 2.880476979042443 ], [ 131.286434862069513, 2.87981294056243 ], [ 131.286196361715298, 2.879481649886122 ], [ 131.285891914448257, 2.879061459168709 ], [ 131.285676985450095, 2.878766512568772 ], [ 131.285245530643834, 2.878177801685719 ], [ 131.285029005478037, 2.877884038274794 ], [ 131.284365729253864, 2.876989269989213 ], [ 131.284121657777064, 2.876662101407037 ], [ 131.283631533790867, 2.876009265971385 ], [ 131.283385481878668, 2.875683599917799 ], [ 131.283176138955071, 2.875408268039441 ], [ 131.282954493091978, 2.875118396652819 ], [ 131.282509632338929, 2.874539873124369 ], [ 131.282286418137318, 2.874251221871075 ], [ 131.281496594027573, 2.873235580655521 ], [ 131.281239388694615, 2.872906955126782 ], [ 131.280722943648954, 2.872251322032312 ], [ 131.280463704535322, 2.871924315233259 ], [ 131.280355863748895, 2.871789150776922 ], [ 131.28013398659678, 2.871512561389444 ], [ 131.279688777469431, 2.87096056862791 ], [ 131.279465446203943, 2.870685166125335 ], [ 131.278543262236724, 2.869554100465025 ], [ 131.278298487809138, 2.869255642744981 ], [ 131.27780722931729, 2.86866015072059 ], [ 131.277562701063033, 2.868365459683688 ], [ 131.277325207930403, 2.868082497075684 ], [ 131.276852607221798, 2.86752255804846 ], [ 131.276615545106779, 2.867243239883956 ], [ 131.27566829279678, 2.866133309479147 ], [ 131.275191657542138, 2.865580942072054 ], [ 131.274232422958818, 2.864481465558153 ], [ 131.273749824933446, 2.863934357939399 ], [ 131.272778722234762, 2.862845466109206 ], [ 131.272290218879107, 2.862303683369655 ], [ 131.271307363624857, 2.86122550574605 ], [ 131.270813013067055, 2.860689112327488 ], [ 131.269818522199557, 2.859621777144072 ], [ 131.269318383249299, 2.859090836832988 ], [ 131.268312375106348, 2.858034471047585 ], [ 131.267806507277129, 2.85750904699968 ], [ 131.266789101575654, 2.856463776276212 ], [ 131.266277565083641, 2.855943931012852 ], [ 131.265248882882702, 2.854909879680667 ], [ 131.264731738577552, 2.854395675017827 ], [ 131.263691902268505, 2.853372966065123 ], [ 131.263169211676654, 2.852864463159216 ], [ 131.262118344990341, 2.851853218238722 ], [ 131.261590170325604, 2.851350477595306 ], [ 131.260528398295151, 2.850350816987343 ], [ 131.259994802371608, 2.84985389837656 ], [ 131.258922251320797, 2.84886594097962 ], [ 131.258383297648521, 2.848374903529106 ], [ 131.25730009520592, 2.847398766870154 ], [ 131.256755847908039, 2.846913668984392 ], [ 131.255662122949701, 2.845949469167532 ], [ 131.255112646771096, 2.845470368539037 ], [ 131.254008529411436, 2.84451822023823 ], [ 131.253732837434626, 2.844281777987568 ], [ 131.253180178377448, 2.843810401989074 ], [ 131.252905158843902, 2.843577111213582 ], [ 131.252622989956876, 2.843340392372791 ], [ 131.252061270616508, 2.842871784837979 ], [ 131.251779774129773, 2.842638254448114 ], [ 131.250655267286305, 2.841710547499358 ], [ 131.250090499175002, 2.841249777684886 ], [ 131.248955997664297, 2.840334457657486 ], [ 131.248386265813195, 2.839879908691205 ], [ 131.247241904608728, 2.838977084456827 ], [ 131.246667276807216, 2.838528810410686 ], [ 131.245513192059093, 2.837638589358451 ], [ 131.244933736669367, 2.837196643550866 ], [ 131.24377006565976, 2.83631913155235 ], [ 131.243185851623338, 2.835883566553 ], [ 131.242012732791039, 2.835018867981961 ], [ 131.241423829597807, 2.834589735589414 ], [ 131.240241402516034, 2.833737953303659 ], [ 131.239647880223231, 2.833315304558509 ], [ 131.238456285552644, 2.832476539866335 ], [ 131.237858214792624, 2.832060425056356 ], [ 131.236657594282491, 2.831234777716719 ], [ 131.23605504615935, 2.830825246304566 ], [ 131.234845542639277, 2.830012814522466 ], [ 131.234238588873609, 2.829609915246043 ], [ 131.233020346224293, 2.828810795650318 ], [ 131.232409059004681, 2.828414576420811 ], [ 131.231182222139864, 2.827628864054189 ], [ 131.230566674159917, 2.827239371982534 ], [ 131.229331389033547, 2.826467160305548 ], [ 131.228711653552665, 2.826084441740092 ], [ 131.227468067109584, 2.825325822598556 ], [ 131.226844217836202, 2.824949923051163 ], [ 131.225592477992336, 2.824204986664824 ], [ 131.225279901681887, 2.824020117945028 ], [ 131.224653752286798, 2.823652091450955 ], [ 131.224341886056635, 2.82346992446262 ], [ 131.224023876244814, 2.823286493970139 ], [ 131.22339028129656, 2.822923355435615 ], [ 131.223072991015755, 2.822742657599546 ], [ 131.221805392031598, 2.822025350897878 ], [ 131.221169648526825, 2.821670173374582 ], [ 131.219894345676295, 2.820966810309382 ], [ 131.219254788054315, 2.820618625716763 ], [ 131.217971933042065, 2.819929289947511 ], [ 131.217328637401835, 2.819588139709858 ], [ 131.21603838282897, 2.818912913226965 ], [ 131.215391425649926, 2.818578837898505 ], [ 131.214093924970257, 2.817917801000941 ], [ 131.213443383214667, 2.817590840320018 ], [ 131.212138790758559, 2.816944071627738 ], [ 131.211484741830645, 2.81662426449408 ], [ 131.210173212802516, 2.815991840944119 ], [ 131.209515734477947, 2.815679225383842 ], [ 131.208197424870519, 2.815061222190522 ], [ 131.207536595368794, 2.814755835391834 ], [ 131.206211661974862, 2.814152326051211 ], [ 131.205547559890078, 2.813854204331905 ], [ 131.20421616031993, 2.813265260630287 ], [ 131.203548864633575, 2.812974439443426 ], [ 131.20221115722606, 2.812400131417411 ], [ 131.20154074731397, 2.812116645354527 ], [ 131.200196891170407, 2.811557041306459 ], [ 131.19952344676048, 2.811280924079071 ], [ 131.198173601758839, 2.810736090580765 ], [ 131.197497202991286, 2.81046737504508 ], [ 131.19614152967759, 2.809937376892702 ], [ 131.195462256967488, 2.809676094993656 ], [ 131.194100916558227, 2.809160995211816 ], [ 131.193760872181912, 2.809033391322408 ], [ 131.19308009598862, 2.808780045778581 ], [ 131.192740628078127, 2.808654766653553 ], [ 131.192396665602729, 2.808529964913946 ], [ 131.191710596213539, 2.808283170311596 ], [ 131.191367227250936, 2.808160715599096 ], [ 131.189995039080912, 2.807675594578061 ], [ 131.189307630644777, 2.807436796497201 ], [ 131.18793026308478, 2.806966752295249 ], [ 131.187240305825526, 2.806735506810448 ], [ 131.185857922696329, 2.806280595332014 ], [ 131.185165498696762, 2.806056929953533 ], [ 131.183778264409142, 2.805617205300763 ], [ 131.183083455998172, 2.805401146621375 ], [ 131.181691535552403, 2.804976661094831 ], [ 131.180994425395966, 2.804768234820196 ], [ 131.179597984344468, 2.804359038906074 ], [ 131.178898655347183, 2.804158269822409 ], [ 131.177497859760194, 2.803764412182579 ], [ 131.176796395073126, 2.803571324161455 ], [ 131.175391411556575, 2.803192851639873 ], [ 131.17468789462086, 2.803007467649407 ], [ 131.173278890281694, 2.802644425260551 ], [ 131.172573404779683, 2.802466767351904 ], [ 131.171160547190169, 2.802119198271904 ], [ 131.17045317702312, 2.801949287572708 ], [ 131.16903663422238, 2.801617233139343 ], [ 131.168327463508575, 2.801455089855125 ], [ 131.166907403972658, 2.801138589560891 ], [ 131.166196517061707, 2.800984232977024 ], [ 131.164773109670108, 2.80068332446168 ], [ 131.164060591121256, 2.800536772938587 ], [ 131.162634005167348, 2.800251491990751 ], [ 131.161919939696759, 2.800112762952896 ], [ 131.160490344846011, 2.799843143501514 ], [ 131.160133101885179, 2.799776780294319 ], [ 131.159418259804369, 2.799646011492845 ], [ 131.159061332611145, 2.799581725031891 ], [ 131.15860322341203, 2.799502161524999 ], [ 131.157687808083267, 2.799346476325337 ], [ 131.157229831970227, 2.799270235840478 ], [ 131.155794033142115, 2.799036374266644 ], [ 131.155472236437276, 2.79898477123351 ], [ 131.154828394151679, 2.79888314668438 ], [ 131.154506350015055, 2.798833125399133 ], [ 131.153811089965188, 2.798726882846958 ], [ 131.153519149685764, 2.79868293602602 ], [ 131.152935077583976, 2.798596342168249 ], [ 131.152642946439443, 2.798553695233022 ], [ 131.152399305180097, 2.798518680665778 ], [ 131.152252665763058, 2.798497773650992 ], [ 131.151959340854319, 2.798456287125843 ], [ 131.151812655816713, 2.798435707679253 ], [ 131.151312309628935, 2.798366080145116 ], [ 131.150951985742637, 2.798316944356523 ], [ 131.150231076168751, 2.798220649093029 ], [ 131.149870491295928, 2.798173489726484 ], [ 131.149196295212988, 2.798087193437971 ], [ 131.148902366554665, 2.798050237804041 ], [ 131.148314348004561, 2.797977639674756 ], [ 131.148020259105891, 2.797941997301793 ], [ 131.147250714566866, 2.797850474744084 ], [ 131.14688953731681, 2.797808523227335 ], [ 131.146166959724752, 2.797726600827273 ], [ 131.145805560158124, 2.797686630033132 ], [ 131.145398109204962, 2.797642696102685 ], [ 131.145103468250824, 2.797611591621739 ], [ 131.144514051231994, 2.797550699161421 ], [ 131.144219276161692, 2.797520911282948 ], [ 131.143179488140504, 2.79741818294387 ], [ 131.142817868179321, 2.797383455507477 ], [ 131.142094444086069, 2.797315981861253 ], [ 131.141732640745005, 2.797283235728514 ], [ 131.141593315936944, 2.797271010331107 ], [ 131.14129780888382, 2.797245746064164 ], [ 131.140701432949498, 2.797230260983036 ], [ 131.140354844467055, 2.797189380347448 ], [ 131.13922799108667, 2.797098023416186 ], [ 131.138932796822616, 2.797071559440287 ], [ 131.138370529953619, 2.797022189308128 ], [ 131.138046825914245, 2.796998634289037 ], [ 131.137917024406903, 2.79698934276451 ], [ 131.137554529074322, 2.79696389352162 ], [ 131.136829484854815, 2.796913989297046 ], [ 131.136466820546616, 2.796891948051595 ], [ 131.135413898094811, 2.796835666882537 ], [ 131.134705187935111, 2.796802996058092 ], [ 131.133470226651639, 2.796765897839375 ], [ 131.13314390323066, 2.796752858471922 ], [ 131.13258065643825, 2.796737450492497 ] ], [ [ 131.767658736447316, 2.595987368875027 ], [ 131.766205233294016, 2.59593952310395 ], [ 131.765478353005165, 2.595919586009841 ], [ 131.764296561544569, 2.595912886835471 ], [ 131.764023777948324, 2.59590479393561 ], [ 131.763297008715966, 2.595885233357741 ], [ 131.76288831352494, 2.595875356903065 ], [ 131.761843146232053, 2.595861204466865 ], [ 131.761479602628469, 2.595857278807601 ], [ 131.761116071637019, 2.595855284964999 ], [ 131.760752502935219, 2.595856281822706 ], [ 131.76038895451444, 2.595857777236454 ], [ 131.760025395156532, 2.595860269861405 ], [ 131.759661825531282, 2.595863261212394 ], [ 131.759298615210952, 2.595870230479512 ], [ 131.758935198872081, 2.595877705610959 ], [ 131.758208082796727, 2.595893665622405 ], [ 131.757481392986705, 2.595904285934324 ], [ 131.756754803113637, 2.595943499878238 ], [ 131.755299424780588, 2.595919586009487 ], [ 131.75457254447727, 2.595939523104128 ], [ 131.75311904132397, 2.595987368875383 ], [ 131.752392420442732, 2.596015277486982 ], [ 131.750939522507792, 2.596079062996122 ], [ 131.75021324742238, 2.59611493980751 ], [ 131.748761127503855, 2.596194657468603 ], [ 131.74803528462985, 2.596238498210661 ], [ 131.746584115428163, 2.596334138542401 ], [ 131.745858791072578, 2.596385938002056 ], [ 131.744408745183705, 2.596497489629366 ], [ 131.743684025613646, 2.596557241645679 ], [ 131.742235275492362, 2.596684691301127 ], [ 131.741511246897772, 2.596752388768137 ], [ 131.740063964849242, 2.596895721293714 ], [ 131.739340713353414, 2.596971356158307 ], [ 131.737895071512497, 2.597130554505787 ], [ 131.737172683119667, 2.597214117773911 ], [ 131.735728853408574, 2.597389163010704 ], [ 131.735007414044503, 2.597480644742403 ], [ 131.733565568184389, 2.597671516049426 ], [ 131.732845163651547, 2.597770905364512 ], [ 131.731405473135425, 2.597977580038862 ], [ 131.730686189100055, 2.598084865118524 ], [ 131.729248825152013, 2.598307318580216 ], [ 131.728530747171845, 2.598422486663106 ], [ 131.727095880741018, 2.598660692454727 ], [ 131.726737001063924, 2.598721283136886 ], [ 131.726112180514349, 2.598828537392138 ], [ 131.725467279629441, 2.598856849933427 ], [ 131.724741002977822, 2.598892726736111 ], [ 131.723288879886013, 2.598972444379974 ], [ 131.722563035414225, 2.599016285113327 ], [ 131.721111863047298, 2.599111925424286 ], [ 131.720386537114564, 2.599163724872393 ], [ 131.71893648805613, 2.599275276475724 ], [ 131.718211766894825, 2.599335028479955 ], [ 131.716763013598126, 2.599462478109114 ], [ 131.716038983422578, 2.59953017556138 ], [ 131.71459169820875, 2.599673508056406 ], [ 131.713868445137109, 2.5997491429043 ], [ 131.712422800135272, 2.599908341217672 ], [ 131.711700410160319, 2.599991904468035 ], [ 131.710256577290352, 2.6001669496677 ], [ 131.709535136342652, 2.60025843138057 ], [ 131.708093287327898, 2.600449302646736 ], [ 131.70737288121606, 2.600548691941218 ], [ 131.70593318754743, 2.600755366571869 ], [ 131.705213901936446, 2.600862651628794 ], [ 131.703776534837317, 2.601085105043767 ], [ 131.703058455291455, 2.601200273101077 ], [ 131.701623585716646, 2.60143847884225 ], [ 131.701264704918771, 2.601499069568996 ], [ 131.700547275511411, 2.601622220406432 ], [ 131.700188102900483, 2.601684891173318 ], [ 131.699831164779283, 2.60174919067433 ], [ 131.699116392785157, 2.601879969574214 ], [ 131.698759184864144, 2.601946337971214 ], [ 131.697329821982748, 2.602215961502 ], [ 131.696615872406483, 2.602354692636666 ], [ 131.695189518050256, 2.602639977892168 ], [ 131.694477115195156, 2.602786531627712 ], [ 131.693053938991056, 2.603087444680583 ], [ 131.692343167566065, 2.603241803591121 ], [ 131.69092333877748, 2.603558308653275 ], [ 131.690214283341248, 2.60372045437501 ], [ 131.688797970859554, 2.604052513797096 ], [ 131.688090715734006, 2.604222427047318 ], [ 131.686678088001855, 2.60457000133755 ], [ 131.685972717297773, 2.60474766190949 ], [ 131.684563942321859, 2.605110709730445 ], [ 131.6838605399588, 2.605296096487408 ], [ 131.682455785298288, 2.605674574658338 ], [ 131.68175443490702, 2.605867665559114 ], [ 131.680353867639525, 2.606261529065539 ], [ 131.679654652658087, 2.606462301138635 ], [ 131.678258439372001, 2.606871503133938 ], [ 131.677561442960297, 2.607079932501033 ], [ 131.676169749704201, 2.607504424319965 ], [ 131.675475054755708, 2.607720486193242 ], [ 131.674088047056614, 2.608160217348367 ], [ 131.673395736183267, 2.608383886035135 ], [ 131.672013579025474, 2.60883880422198 ], [ 131.67132373460052, 2.609070053109926 ], [ 131.669946592373407, 2.609540104223149 ], [ 131.669259296437332, 2.609778905811427 ], [ 131.667887332934697, 2.610264033945704 ], [ 131.667544063399788, 2.610386474919861 ], [ 131.666858192612779, 2.610633241595394 ], [ 131.666514415727221, 2.610757997597544 ], [ 131.666228426332765, 2.610863419261296 ], [ 131.665654580194854, 2.611076447552832 ], [ 131.665367900800135, 2.611183623255276 ], [ 131.66421977582354, 2.611615868771626 ], [ 131.663646701870448, 2.611834645191179 ], [ 131.662502576366961, 2.612277488047423 ], [ 131.661931526363588, 2.612501553885658 ], [ 131.660791497036826, 2.612954956653602 ], [ 131.660506747107576, 2.613068966712594 ], [ 131.659937769789707, 2.613298302655537 ], [ 131.659653544518306, 2.613413627682929 ], [ 131.657681577842311, 2.614219061046296 ], [ 131.657415939832759, 2.614328228782834 ], [ 131.656885130725328, 2.614547714178199 ], [ 131.656619961687483, 2.614658030988283 ], [ 131.655560238690413, 2.615101589736406 ], [ 131.655031326951189, 2.615325662358193 ], [ 131.653975439311466, 2.615778378710946 ], [ 131.653448464846178, 2.61600702182676 ], [ 131.652396490818091, 2.616468862234091 ], [ 131.651871492682034, 2.616702058899442 ], [ 131.650823510212604, 2.617172989142857 ], [ 131.650300527298555, 2.617410722083207 ], [ 131.649256614025404, 2.617890707277013 ], [ 131.648735685082755, 2.618132958879074 ], [ 131.647695918372875, 2.61862196345261 ], [ 131.647177082024228, 2.618868715756884 ], [ 131.646141538905226, 2.61936670348615 ], [ 131.645624833542826, 2.619617938234883 ], [ 131.644593590743938, 2.620124872225126 ], [ 131.644079054693549, 2.620380570785402 ], [ 131.64305218865141, 2.620896413464897 ], [ 131.642539860047322, 2.621156556886896 ], [ 131.64151744683474, 2.621681270043545 ], [ 131.641007363623515, 2.621945839061077 ], [ 131.639989479011916, 2.622479383811848 ], [ 131.639481678997782, 2.622748358818378 ], [ 131.638468398421878, 2.623290695625653 ], [ 131.637962919228443, 2.623564056694184 ], [ 131.636954317742749, 2.624115145390629 ], [ 131.636451196820218, 2.624392872270517 ], [ 131.635447349162945, 2.624952672024614 ], [ 131.634946623789432, 2.625234744140495 ], [ 131.63394760437734, 2.625803213457971 ], [ 131.633697337841312, 2.625946340109298 ], [ 131.633197420214202, 2.626233679691821 ], [ 131.632946179759983, 2.626378815364188 ], [ 131.632634191636811, 2.626561085266111 ], [ 131.632008030603743, 2.626929183937115 ], [ 131.631695448584651, 2.627114089073825 ], [ 131.630443916910082, 2.627859035612577 ], [ 131.629820171456913, 2.628234940269483 ], [ 131.628576792101171, 2.628993569704118 ], [ 131.627957159888609, 2.629376293452093 ], [ 131.626722080760771, 2.630148515550256 ], [ 131.626106635508677, 2.630538012861631 ], [ 131.624880003528688, 2.631323735775192 ], [ 131.624268818474121, 2.631719960306415 ], [ 131.623050779565631, 2.632519090575736 ], [ 131.62244392736423, 2.632921995231855 ], [ 131.621234626419977, 2.633734437811184 ], [ 131.620632179314526, 2.63414397463572 ], [ 131.619431760200911, 2.634969632885384 ], [ 131.618833789818353, 2.635385753194609 ], [ 131.617642395342131, 2.63622452890748 ], [ 131.617048972866968, 2.636647183173013 ], [ 131.61586674475015, 2.63749897658871 ], [ 131.615277940726372, 2.637928114575536 ], [ 131.614105019618421, 2.638792824374928 ], [ 131.613520904114722, 2.639228395024513 ], [ 131.612357429552873, 2.640105918356007 ], [ 131.61177807207514, 2.640547869847579 ], [ 131.610624182471526, 2.641438102336712 ], [ 131.610049651914551, 2.641886382126171 ], [ 131.608905484553162, 2.642789217879511 ], [ 131.608335849291706, 2.643243772628011 ], [ 131.607201540294938, 2.644159104256087 ], [ 131.606636868104488, 2.64461987989168 ], [ 131.605512552413273, 2.64554759852762 ], [ 131.605231169900804, 2.645781076711602 ], [ 131.604669677714014, 2.64624957913476 ], [ 131.604387753886243, 2.64648613408354 ], [ 131.604089015123463, 2.64673970909448 ], [ 131.603489409239046, 2.647251700308519 ], [ 131.603190357852895, 2.647508584465482 ], [ 131.601993531651033, 2.648542808757624 ], [ 131.601398161628424, 2.649063481114222 ], [ 131.60021358793071, 2.650111876128384 ], [ 131.59962438585913, 2.650639597370899 ], [ 131.598452230564703, 2.651702016316587 ], [ 131.597869278934439, 2.652236712581442 ], [ 131.596709706231508, 2.653313006682731 ], [ 131.596133086736785, 2.653854603059179 ], [ 131.594986259061642, 2.654944621586864 ], [ 131.594416052441431, 2.655493042260705 ], [ 131.593282130432868, 2.656596632578303 ], [ 131.59271841658483, 2.657151800727256 ], [ 131.591597559069214, 2.658268808302027 ], [ 131.591318163271154, 2.658548896587386 ], [ 131.590761022872812, 2.659110732305592 ], [ 131.590483281788096, 2.659392476169915 ], [ 131.586427720357591, 2.663530883038584 ], [ 131.586194785902762, 2.663769763861614 ], [ 131.58573009958846, 2.664248697082508 ], [ 131.585498351113273, 2.66448874601417 ], [ 131.584573748179338, 2.665451257759656 ], [ 131.584113835137913, 2.665934832902245 ], [ 131.583198829197642, 2.666906576218973 ], [ 131.582743737543694, 2.667394743074702 ], [ 131.581838419752472, 2.668375621189415 ], [ 131.581388194840542, 2.66886833112448 ], [ 131.580492655390827, 2.669858246351762 ], [ 131.580047342074636, 2.670355450297857 ], [ 131.579161670200506, 2.671354304036936 ], [ 131.578721312840685, 2.671855952482732 ], [ 131.577845596777451, 2.672863645260112 ], [ 131.577410239265646, 2.673369688224613 ], [ 131.576544566264801, 2.674386119678797 ], [ 131.576327843245537, 2.674641879601722 ], [ 131.575895673261812, 2.675154489870788 ], [ 131.575678400830299, 2.675413527700548 ], [ 131.575427948696074, 2.675715452580839 ], [ 131.574925182831407, 2.676325171923931 ], [ 131.574674695835625, 2.676630777380245 ], [ 131.573672703525546, 2.677860634734489 ], [ 131.573423108751541, 2.678168849160909 ], [ 131.572925739052152, 2.678786762318162 ], [ 131.57267796664155, 2.679096457908039 ], [ 131.569983369070542, 2.682484993415984 ], [ 131.569787719606524, 2.682732219536621 ], [ 131.569397577631349, 2.683227600834551 ], [ 131.569203087481327, 2.683475753029694 ], [ 131.568427459313398, 2.68447019584044 ], [ 131.568041975635197, 2.684969254451044 ], [ 131.567275701256136, 2.685971004451488 ], [ 131.56689491159409, 2.686473694487743 ], [ 131.566138059080146, 2.687482662724328 ], [ 131.565761997263394, 2.687988939549403 ], [ 131.565014633879429, 2.689005036395513 ], [ 131.564643333330537, 2.689514855036851 ], [ 131.563905525508403, 2.690537990219631 ], [ 131.563539019240949, 2.691051305371073 ], [ 131.562810832545097, 2.692081388016901 ], [ 131.562449153107053, 2.692598154116669 ], [ 131.561730652254113, 2.693635092728959 ], [ 131.561373831816212, 2.694155263836737 ], [ 131.560665080665643, 2.69519896630357 ], [ 131.560313150922525, 2.695722496240649 ], [ 131.55961421246235, 2.696772869859291 ], [ 131.559267204698841, 2.697299712114081 ], [ 131.55857814105002, 2.698356663582631 ], [ 131.558236086094638, 2.698886771377436 ], [ 131.557556958506893, 2.699950206803536 ], [ 131.557219886805484, 2.700483532982478 ], [ 131.556550755640245, 2.7015533579032 ], [ 131.556218697095318, 2.702089855183037 ], [ 131.555559621825779, 2.703165974573591 ], [ 131.555057630632092, 2.703999105879208 ], [ 131.554066340206163, 2.705671597519114 ], [ 131.553576440152227, 2.706512003072956 ], [ 131.552177321088863, 2.708956326290876 ], [ 131.551664471542409, 2.709868740381985 ], [ 131.55065381861678, 2.711700066583923 ], [ 131.550155603750255, 2.712619697582458 ], [ 131.549469805359564, 2.713909455727163 ], [ 131.549130403794379, 2.714556214461897 ], [ 131.548458634472439, 2.715853417833259 ], [ 131.548126267632, 2.716503860714669 ], [ 131.547468607363072, 2.717808354987425 ], [ 131.547143314835068, 2.718462404606678 ], [ 131.546499841920109, 2.71977403459776 ], [ 131.546181662416927, 2.720431613184352 ], [ 131.545552453472936, 2.7217502228584 ], [ 131.545241424891401, 2.722411252161505 ], [ 131.544626554840335, 2.723736684649866 ], [ 131.544322714212825, 2.724401086036738 ], [ 131.543722256269035, 2.725733183663941 ], [ 131.543425639776416, 2.72640087809434 ], [ 131.542839665442472, 2.727739482389279 ], [ 131.542550308405112, 2.728410390434298 ], [ 131.541978887464865, 2.729755342142144 ], [ 131.541696824341074, 2.730429383989534 ], [ 131.541140024842662, 2.731780523113827 ], [ 131.540865289232215, 2.732457618555218 ], [ 131.540323177490222, 2.733814784348984 ], [ 131.540055802103325, 2.734494852858034 ], [ 131.539528442685508, 2.735857883860918 ], [ 131.539268459378263, 2.736540844504144 ], [ 131.538755915091429, 2.737909578570827 ], [ 131.538628087675761, 2.738253794609249 ], [ 131.538374309969527, 2.73894292782444 ], [ 131.538247153258595, 2.739291177304886 ], [ 131.538135133276768, 2.739603011326064 ], [ 131.53791024764746, 2.740233910984433 ], [ 131.53779858906961, 2.740549642533955 ], [ 131.537352733531861, 2.741820416197118 ], [ 131.537132980995693, 2.742456928594917 ], [ 131.536699847397017, 2.743732143721278 ], [ 131.536486466934576, 2.744370844702436 ], [ 131.536066099079022, 2.745650372499905 ], [ 131.535859112261647, 2.746291197585688 ], [ 131.535451552661442, 2.747574908838872 ], [ 131.535250980432693, 2.748217793283918 ], [ 131.53485627031526, 2.749505558328538 ], [ 131.534662132971675, 2.750150437171828 ], [ 131.534280312261586, 2.751442125947833 ], [ 131.534092629425373, 2.752088934109873 ], [ 131.533723736740711, 2.75338441618151 ], [ 131.533632322231057, 2.753708521335064 ], [ 131.53345111340613, 2.754357191174671 ], [ 131.533361320211299, 2.754681751809211 ], [ 131.532082844015093, 2.759348203124085 ], [ 131.531979782720299, 2.759728744160094 ], [ 131.531775886377659, 2.76049043563051 ], [ 131.531675052469865, 2.760871581860279 ], [ 131.531276183649396, 2.762397330612303 ], [ 131.531081212461572, 2.7631613836978 ], [ 131.530700222476071, 2.7646917457187 ], [ 131.53051420420789, 2.765458052575233 ], [ 131.530151145896042, 2.766992816033039 ], [ 131.529974106353109, 2.767761270567519 ], [ 131.529629030072471, 2.769300223019719 ], [ 131.529460993816997, 2.77007071883885 ], [ 131.52913394744462, 2.771613647224767 ], [ 131.529013656667615, 2.772193711795355 ], [ 131.528778177673985, 2.773354889392964 ], [ 131.528552913946413, 2.774518114400814 ], [ 131.528337883112471, 2.775683295945995 ], [ 131.528222429559605, 2.776326496110047 ], [ 131.528162010350599, 2.776674432317531 ], [ 131.527536258025265, 2.78031536175487 ], [ 131.527310000544958, 2.781720714196198 ], [ 131.52688721199749, 2.784535937943422 ], [ 131.526690681595227, 2.785945805441343 ], [ 131.526428058100379, 2.787987260602311 ], [ 131.526304538865446, 2.789009000357139 ], [ 131.526073113928192, 2.791054268957981 ], [ 131.525965208567271, 2.792077795022754 ], [ 131.525765036975258, 2.794126394998417 ], [ 131.525672771042423, 2.795151466134105 ], [ 131.52550390021824, 2.797202914637404 ], [ 131.525427295583427, 2.798229289219332 ], [ 131.525393771559152, 2.798729922455346 ], [ 131.525325810462505, 2.799298584858723 ], [ 131.525268281958944, 2.799795602416491 ], [ 131.525156911655017, 2.800790090964694 ], [ 131.525103072121311, 2.801287542847038 ], [ 131.52489510272369, 2.803278120708478 ], [ 131.524798506285464, 2.804274188710938 ], [ 131.524620110993595, 2.806267666299947 ], [ 131.524538312407827, 2.807265073175063 ], [ 131.52438953120253, 2.80926100623883 ], [ 131.524322548809636, 2.810259529722976 ], [ 131.524203415070588, 2.812257473486436 ], [ 131.524151263910937, 2.813256891050768 ], [ 131.52406180441173, 2.815256400289446 ], [ 131.524032398991608, 2.816007375559668 ], [ 131.523981962399006, 2.817509613058125 ], [ 131.523948088596654, 2.819029269733971 ], [ 131.52393117189601, 2.820565442443336 ], [ 131.523927097628956, 2.821335006074097 ], [ 131.523930728411557, 2.825542240031861 ], [ 131.523950410964034, 2.827113736862275 ], [ 131.524026394909924, 2.830255313498028 ], [ 131.524082696559134, 2.831825652572418 ], [ 131.524184384346569, 2.833965110072427 ], [ 131.524243726487725, 2.835034428956692 ], [ 131.524379392524708, 2.837171979955611 ], [ 131.524455716266885, 2.838240209159173 ], [ 131.524625326211464, 2.840375308123606 ], [ 131.524718612214286, 2.841442174987593 ], [ 131.524922123060605, 2.843574277006579 ], [ 131.525032347657856, 2.844639509260253 ], [ 131.525269707745394, 2.846768070162862 ], [ 131.525331170742191, 2.84730004897159 ], [ 131.525458321857457, 2.848363498795593 ], [ 131.525524025226048, 2.848895089079908 ], [ 131.527120716288067, 2.861404627508091 ], [ 131.52780195321273, 2.866691803820044 ], [ 131.527851821209566, 2.867070356426898 ], [ 131.527953619389223, 2.867826563681211 ], [ 131.528005588518795, 2.868204520659807 ], [ 131.528217652941038, 2.869715103507208 ], [ 131.528327958841288, 2.870469787352567 ], [ 131.528557104363671, 2.871977846266196 ], [ 131.528675943684362, 2.872731219274782 ], [ 131.528922140740178, 2.874236559000868 ], [ 131.528985074194878, 2.874614603663103 ], [ 131.52911309028471, 2.875370327019161 ], [ 131.529178834101316, 2.875751777733724 ], [ 131.529266938986126, 2.876243609198159 ], [ 131.529448171721612, 2.877234133772858 ], [ 131.529540637970939, 2.877729052493433 ], [ 131.529919312837251, 2.879714745984987 ], [ 131.530015844402925, 2.880210817100716 ], [ 131.530212625604747, 2.881202216071084 ], [ 131.53031287245787, 2.881697530318825 ], [ 131.534032150106242, 2.899725898772236 ], [ 131.534154209546983, 2.900304690484028 ], [ 131.534403409771016, 2.901461192703329 ], [ 131.534530547677974, 2.902038889381369 ], [ 131.535049219254063, 2.90434731537888 ], [ 131.5351814248003, 2.904923865600656 ], [ 131.535450892809621, 2.906075773538914 ], [ 131.535588154056967, 2.906651126114619 ], [ 131.536122404843695, 2.908847730462415 ], [ 131.536155729188749, 2.909876772378429 ], [ 131.536183363089066, 2.910607530452379 ], [ 131.5362465575773, 2.912068701994335 ], [ 131.536282118089872, 2.912799113488099 ], [ 131.536361161640258, 2.914259504987712 ], [ 131.53640464458033, 2.914989483000491 ], [ 131.536499527879783, 2.916448920678905 ], [ 131.536550928120647, 2.917178378361772 ], [ 131.536661639969054, 2.918636688527347 ], [ 131.536720951437132, 2.919365539036879 ], [ 131.536847478753231, 2.920822548173836 ], [ 131.536914694439218, 2.921550704816361 ], [ 131.537057022259688, 2.923006239552095 ], [ 131.537132134209401, 2.923733615659693 ], [ 131.537290245689405, 2.925187502796037 ], [ 131.537373245015942, 2.925914011856046 ], [ 131.537547121432652, 2.927366078379218 ], [ 131.537637998294969, 2.928091633856415 ], [ 131.537827619048016, 2.929541706970949 ], [ 131.537926362689717, 2.93026622262321 ], [ 131.538131705309439, 2.931714129793698 ], [ 131.538238304020268, 2.932437519357578 ], [ 131.538459344162021, 2.933883088280427 ], [ 131.538573785302674, 2.934605265674743 ], [ 131.538810496753285, 2.936048324324003 ], [ 131.538870979917903, 2.936410852579056 ], [ 131.538993922916433, 2.937135572172712 ], [ 131.539057058278075, 2.93750161721143 ], [ 131.539120122964192, 2.93785576753862 ], [ 131.539249534651418, 2.938571424598265 ], [ 131.539315205783424, 2.938929075667729 ], [ 131.539583173758871, 2.94036659892742 ], [ 131.539721057028828, 2.941084624829431 ], [ 131.54000460650127, 2.94251912363821 ], [ 131.540150272329555, 2.943235594600933 ], [ 131.540449369642943, 2.944666898229414 ], [ 131.540602800731591, 2.945381728951658 ], [ 131.540917410383173, 2.946809667078662 ], [ 131.541078588524584, 2.947522772525164 ], [ 131.54140867316687, 2.948947175233276 ], [ 131.541577579228829, 2.949658470557414 ], [ 131.541923099670385, 2.951079168336363 ], [ 131.542099713591568, 2.95178856886649 ], [ 131.54246062880145, 2.953205392642632 ], [ 131.542644929607377, 2.953912813954549 ], [ 131.543021196722435, 2.955325595115381 ], [ 131.543213162531373, 2.956030953049384 ], [ 131.543604736866115, 2.957439523480852 ], [ 131.543804344864867, 2.958142734049902 ], [ 131.544211179905716, 2.959546926120052 ], [ 131.544418406401775, 2.960247905702508 ], [ 131.544840453819234, 2.961647552298437 ], [ 131.545055274178594, 2.962346217416894 ], [ 131.545492483834806, 2.963741151977796 ], [ 131.545714872545631, 2.964437419520072 ], [ 131.546167192492817, 2.965827476028877 ], [ 131.546397123122546, 2.966521263102878 ], [ 131.546864499612155, 2.967906276119482 ], [ 131.547101944840506, 2.968597500162451 ], [ 131.547584322346978, 2.969977304891032 ], [ 131.547706478263137, 2.970323684326737 ], [ 131.547952677817193, 2.971015766550253 ], [ 131.548077998770282, 2.97136499846368 ], [ 131.548217395882801, 2.971746509469038 ], [ 131.548501086386437, 2.972515718969029 ], [ 131.548644101746504, 2.972899886360433 ], [ 131.549223445609528, 2.974441729998234 ], [ 131.549517830941113, 2.975210860605246 ], [ 131.550115985554072, 2.976745427352847 ], [ 131.550419754032873, 2.977510861401421 ], [ 131.551036629116339, 2.979037919342468 ], [ 131.551349734895865, 2.979799541159445 ], [ 131.551985237330541, 2.981318859486919 ], [ 131.552307633128947, 2.982076553918724 ], [ 131.552961666970617, 2.983587902977753 ], [ 131.553293304132978, 2.984341555539431 ], [ 131.553965770644254, 2.985844706899941 ], [ 131.554306599097345, 2.986594203667865 ], [ 131.554997396756448, 2.988088930144828 ], [ 131.555171241361791, 2.988462083706027 ], [ 131.555521209946392, 2.989207311517207 ], [ 131.55569733305947, 2.989579383915336 ], [ 131.556280513757514, 2.990801696622719 ], [ 131.556418521916015, 2.991089195850694 ], [ 131.556695899424, 2.991663532030898 ], [ 131.556835267997741, 2.99195036737428 ], [ 131.557395452916467, 2.993096359350417 ], [ 131.557678259403133, 2.99366801354994 ], [ 131.558249276360954, 2.994808589688876 ], [ 131.558537486058043, 2.995377510070781 ], [ 131.559119283298202, 2.996512566887653 ], [ 131.559412870060299, 2.9970787017898 ], [ 131.560005394855835, 2.998208136319324 ], [ 131.56030433208619, 2.998771434405711 ], [ 131.560907530733488, 2.999895144184963 ], [ 131.561211791331175, 3.00045555434181 ], [ 131.561825609154511, 3.001573437422647 ], [ 131.562135165547033, 3.002130908819149 ], [ 131.562759546915316, 3.00324286379558 ], [ 131.562917150967081, 3.003521976175538 ], [ 131.563233687469506, 3.004079440581897 ], [ 131.563394351127215, 3.004360807680046 ], [ 131.563574432511473, 3.004672482392923 ], [ 131.563939755402004, 3.005300866548288 ], [ 131.5641232647761, 3.005614559310359 ], [ 131.564864164382811, 3.006873227819487 ], [ 131.565238028599566, 3.007500529740994 ], [ 131.565992543423164, 3.008750997679767 ], [ 131.566373193010378, 3.009374161994395 ], [ 131.567141233309115, 3.010616280514767 ], [ 131.567528622979694, 3.011235233024799 ], [ 131.568310097407078, 3.012468854284143 ], [ 131.568704181104494, 3.013083521348046 ], [ 131.569498996728839, 3.014308498535975 ], [ 131.569899727580719, 3.014918806990937 ], [ 131.570707789866759, 3.016134994303017 ], [ 131.571115120209384, 3.016740871505815 ], [ 131.571936333035666, 3.017948124171273 ], [ 131.572350214406612, 3.018549497987606 ], [ 131.57318448009957, 3.019747672321377 ], [ 131.573604863287756, 3.020344471199417 ], [ 131.57445208261268, 3.021533424585272 ], [ 131.574878917603314, 3.022125577475005 ], [ 131.575738989781229, 3.023305168393971 ], [ 131.576172225798786, 3.023892604809558 ], [ 131.577045048525775, 3.02506269286443 ], [ 131.577484634046272, 3.025645342900369 ], [ 131.578370103490016, 3.026805788811091 ], [ 131.578815986218984, 3.027383583112194 ], [ 131.579713997051073, 3.028534248761158 ], [ 131.580166123940245, 3.029107118544937 ], [ 131.581076569338762, 3.030247866977164 ], [ 131.581534886612872, 3.030815744069525 ], [ 131.582457658248671, 3.031946439478272 ], [ 131.582690089694438, 3.032229657919322 ], [ 131.583156493675375, 3.03279481218332 ], [ 131.583392444469382, 3.033079118441496 ], [ 131.583729429412443, 3.033479698623491 ], [ 131.584410502500674, 3.03428290623039 ], [ 131.584752610821198, 3.034683161357202 ], [ 131.586131226938278, 3.036283306958439 ], [ 131.586826818532387, 3.037077907249055 ], [ 131.588230399181413, 3.038655969006029 ], [ 131.588938386330682, 3.03943942830878 ], [ 131.590366581650557, 3.040995012681177 ], [ 131.591086787886269, 3.041767135624522 ], [ 131.592539241879876, 3.043299854686385 ], [ 131.593271487666016, 3.044060448706315 ], [ 131.594747838264425, 3.045569920214429 ], [ 131.59549195701041, 3.04631881142515 ], [ 131.595620677227657, 3.046446327411361 ], [ 131.600231207092378, 3.051433008086059 ], [ 131.600654137824876, 3.051886209381387 ], [ 131.601504087912332, 3.052788573476104 ], [ 131.601931142246457, 3.053237774149909 ], [ 131.603647445881137, 3.055026407980077 ], [ 131.604078598970375, 3.055471582665628 ], [ 131.604944994179618, 3.056357897780424 ], [ 131.605380230485821, 3.056799032323709 ], [ 131.611458643425749, 3.062902922743546 ], [ 131.611578339349677, 3.063215596804582 ], [ 131.611802206467672, 3.06379242837872 ], [ 131.61225523204871, 3.064943989805716 ], [ 131.612484389895712, 3.0655187180785 ], [ 131.612947977421783, 3.06666602385917 ], [ 131.613182406474124, 3.067238599801197 ], [ 131.61365651645545, 3.068381552076932 ], [ 131.613896196750289, 3.068951926867518 ], [ 131.614380788786121, 3.070090428118284 ], [ 131.614625699873415, 3.070658553030188 ], [ 131.615120732656095, 3.071792506090328 ], [ 131.615370853681952, 3.07235833269118 ], [ 131.615876285027156, 3.073487640815329 ], [ 131.61613159465935, 3.074051120790887 ], [ 131.616647381498552, 3.075175687638687 ], [ 131.616907858007181, 3.075736772975624 ], [ 131.61743395637987, 3.076856502590232 ], [ 131.617709391470243, 3.077435542919327 ], [ 131.617834990534902, 3.07776174288485 ], [ 131.618077196812692, 3.078396590696848 ], [ 131.61819910036732, 3.078713705040337 ], [ 131.618689881729182, 3.079980834167449 ], [ 131.618938468443588, 3.080613146843967 ], [ 131.619442009757648, 3.081875206865233 ], [ 131.619696963681065, 3.082504952495087 ], [ 131.620213213219813, 3.083761813589552 ], [ 131.620474508140632, 3.084388927344777 ], [ 131.621003412863303, 3.085640460214093 ], [ 131.621271021945773, 3.086264877607251 ], [ 131.621812527497809, 3.087510953473718 ], [ 131.622086423245321, 3.088132610267837 ], [ 131.622640473987673, 3.089373100943682 ], [ 131.622920628235903, 3.089991933139113 ], [ 131.623487167238096, 3.091226711014059 ], [ 131.623773551220779, 3.091842654996266 ], [ 131.624352520262818, 3.093071593034333 ], [ 131.624645104542907, 3.093684585420061 ], [ 131.625236444124283, 3.094907557184785 ], [ 131.625535198630416, 3.095517534904309 ], [ 131.626138847982077, 3.096734414582731 ], [ 131.626443742014743, 3.097341314888908 ], [ 131.62705963909147, 3.098551977277003 ], [ 131.627370641301155, 3.099155737704779 ], [ 131.627998722798878, 3.100360058242806 ], [ 131.628315801232617, 3.100960616700692 ], [ 131.628956002606941, 3.10215847150606 ], [ 131.629279124684558, 3.102755766225334 ], [ 131.629931380135446, 3.103947032063997 ], [ 131.630260512629349, 3.104541001565124 ], [ 131.63092475509589, 3.105725555846611 ], [ 131.631092442829612, 3.106022821875286 ], [ 131.631429324702253, 3.10661649231626 ], [ 131.631600310409084, 3.106916016640886 ], [ 131.631780317140198, 3.107227534247968 ], [ 131.632145611101492, 3.107855814292302 ], [ 131.632329105811607, 3.108169455159174 ], [ 131.633070069040855, 3.109428125269687 ], [ 131.633443965425471, 3.110055428006543 ], [ 131.634198545298545, 3.111305897611182 ], [ 131.634579227762146, 3.111929062767805 ], [ 131.635347334527268, 3.113171183011064 ], [ 131.635734757794609, 3.113790136412651 ], [ 131.636516300104404, 3.115023759458654 ], [ 131.636910418088519, 3.115638427419617 ], [ 131.637705302996636, 3.116863406444477 ], [ 131.638106068840528, 3.117473715831316 ], [ 131.638914201802237, 3.118689905024914 ], [ 131.639321567831843, 3.11929578318268 ], [ 131.640142852731856, 3.120503037793247 ], [ 131.640556770490235, 3.121104412600255 ], [ 131.641391109647628, 3.122302588939711 ], [ 131.641811529909432, 3.122899388827964 ], [ 131.642658824068349, 3.124088344259472 ], [ 131.643085696818474, 3.124680498183224 ], [ 131.643945845196953, 3.125860091192783 ], [ 131.644379119663398, 3.126447528675252 ], [ 131.645252019953404, 3.127617618869565 ], [ 131.645691644594109, 3.12820026998553 ], [ 131.646577192955306, 3.129360718083302 ], [ 131.647023115470574, 3.129938513476333 ], [ 131.647921206561506, 3.131089181351427 ], [ 131.648373373921601, 3.131662052267277 ], [ 131.649283900903043, 3.132802802953346 ], [ 131.649742259288786, 3.133370681166945 ], [ 131.650665113843161, 3.134501378881404 ], [ 131.650897600233833, 3.134784639146952 ], [ 131.651364114692001, 3.135349876655296 ], [ 131.65160018971207, 3.135634306418765 ], [ 131.651890925284846, 3.135980251825835 ], [ 131.652478843231876, 3.136675038730809 ], [ 131.652773977216867, 3.137021425993854 ], [ 131.653963267916197, 3.138407675090673 ], [ 131.654562620811333, 3.139096717613255 ], [ 131.655770633210977, 3.140466513856241 ], [ 131.656379291080839, 3.141147265708983 ], [ 131.6576058000214, 3.142500353658199 ], [ 131.65822364942548, 3.143172687902642 ], [ 131.659468426300208, 3.144508815238499 ], [ 131.660095352078969, 3.14517260650151 ], [ 131.66135816489043, 3.14649152408712 ], [ 131.66199405020339, 3.147146648601568 ], [ 131.663274663567364, 3.148448110485583 ], [ 131.663919389877378, 3.149094446074888 ], [ 131.665217565080269, 3.150378209554916 ], [ 131.665543204629557, 3.150698042028661 ], [ 131.666196650540627, 3.151335466436305 ], [ 131.666524453528922, 3.151653055099045 ], [ 131.670191154413175, 3.155181294333264 ], [ 131.670585959201247, 3.155558096405289 ], [ 131.671378621399981, 3.156308452814816 ], [ 131.671776475227404, 3.156682003736204 ], [ 131.673373890067779, 3.158169611185667 ], [ 131.674178638570083, 3.158906859099927 ], [ 131.675800007607336, 3.160368050760721 ], [ 131.6766166259371, 3.161091992504949 ], [ 131.678261516986339, 3.162526378750613 ], [ 131.678675214158687, 3.162884160718747 ], [ 131.679505510285367, 3.163596311370962 ], [ 131.679924166469419, 3.163952415406813 ], [ 131.680200363498557, 3.164184119864386 ], [ 131.680758132546771, 3.164649477789726 ], [ 131.681037645444377, 3.164881394290482 ], [ 131.682162268662751, 3.165809358186411 ], [ 131.682727097858788, 3.166270256209971 ], [ 131.683861727226514, 3.167185832013927 ], [ 131.684431525855757, 3.167640508546608 ], [ 131.6855760263322, 3.168543587257781 ], [ 131.686150726615637, 3.168991988198684 ], [ 131.687304961999899, 3.1698824623148 ], [ 131.687884495534291, 3.17032453427836 ], [ 131.689048328465475, 3.171202297798524 ], [ 131.689632626274744, 3.171637988154842 ], [ 131.690805918240358, 3.17250293658486 ], [ 131.691394910799175, 3.172932193477816 ], [ 131.692577522162765, 3.173784223851166 ], [ 131.693171139356565, 3.174206996168047 ], [ 131.694362929374535, 3.175046007058662 ], [ 131.6949611005696, 3.17546224448256 ], [ 131.696161927389085, 3.176288136002873 ], [ 131.696764581380336, 3.176697788973788 ], [ 131.697974302081178, 3.177510462805468 ], [ 131.698581367146431, 3.177913482559209 ], [ 131.699799837759201, 3.178712841964351 ], [ 131.700411241648311, 3.17910918052507 ], [ 131.701638317141089, 3.179895130336776 ], [ 131.702253987062534, 3.180284740508272 ], [ 131.703489521392129, 3.181057187166361 ], [ 131.704109384116208, 3.181440022597621 ], [ 131.705353230234408, 3.182198874149692 ], [ 131.705977211938318, 3.182574889237551 ], [ 131.707229221770916, 3.18332005532868 ], [ 131.707543621872702, 3.183506012911519 ], [ 131.708173431291442, 3.183876197512175 ], [ 131.708490655831156, 3.184061478064849 ], [ 131.708803001601183, 3.184241627245397 ], [ 131.709432299987753, 3.184602315759824 ], [ 131.709747435667708, 3.184781800563196 ], [ 131.711013480350033, 3.185498313803389 ], [ 131.711648443635539, 3.18585310393026 ], [ 131.712922180171176, 3.186555711005878 ], [ 131.713560951684002, 3.186903526995038 ], [ 131.714842228883896, 3.18759214449529 ], [ 131.715484732826582, 3.187932945067758 ], [ 131.71677339862606, 3.188607491253941 ], [ 131.717419558720024, 3.188941235943954 ], [ 131.718715460168397, 3.189601630743409 ], [ 131.719365199750541, 3.189928279948332 ], [ 131.720668183034462, 3.190574444966345 ], [ 131.721321424964884, 3.190893959899783 ], [ 131.722631335439019, 3.191525818435753 ], [ 131.723288002194664, 3.191838161174799 ], [ 131.72395887731065, 3.192124284817262 ], [ 131.72461301868222, 3.192438715184332 ], [ 131.725269086263353, 3.192751861209348 ], [ 131.725598135668605, 3.192907813461523 ], [ 131.72658923787256, 3.1933610874674 ], [ 131.727251888312679, 3.193660307343115 ], [ 131.727755023080476, 3.193883374265378 ], [ 131.72858461243041, 3.194241684425758 ], [ 131.72892802086028, 3.194388893254883 ], [ 131.729253848415595, 3.194524884816003 ], [ 131.730107481818067, 3.194878402750034 ], [ 131.730594019991457, 3.195088599672475 ], [ 131.731283661048792, 3.195349945134719 ], [ 131.732595343384673, 3.195957211610747 ], [ 131.733267957310318, 3.196233154387636 ], [ 131.734616138376822, 3.196777658938939 ], [ 131.735291703678314, 3.19704621996977 ], [ 131.736645707346071, 3.197575929140333 ], [ 131.737324143850202, 3.197837076551045 ], [ 131.738683809394615, 3.198351927457656 ], [ 131.739024093694383, 3.198479716590883 ], [ 131.739705351751269, 3.198733430417004 ], [ 131.74004635953915, 3.198859367560738 ], [ 131.742044385776779, 3.19959104977332 ], [ 131.742387401444461, 3.199715539884515 ], [ 131.743075603255647, 3.199963170209467 ], [ 131.743420093618624, 3.200086055855124 ], [ 131.744800564796179, 3.200574215059197 ], [ 131.745490165163574, 3.200813816604019 ], [ 131.746871935164933, 3.201285421856283 ], [ 131.747564102913117, 3.201517424919972 ], [ 131.748946931703955, 3.201972491347347 ], [ 131.749639580264073, 3.202196233046822 ], [ 131.751027267037472, 3.202636108002119 ], [ 131.751722303347577, 3.20285224065469 ], [ 131.753114682890782, 3.203276871765401 ], [ 131.753812024223748, 3.203485369643915 ], [ 131.755208930779332, 3.203894706356699 ], [ 131.755908494104801, 3.204095544634615 ], [ 131.757309761375751, 3.204489538216545 ], [ 131.758011463404301, 3.204682692981435 ], [ 131.759416924562089, 3.205061296523722 ], [ 131.760120681758593, 3.20524674478047 ], [ 131.761530169492062, 3.20560991321108 ], [ 131.762235898107349, 3.20578763288934 ], [ 131.76364924462041, 3.206135322971214 ], [ 131.764356860591192, 3.206305292901075 ], [ 131.765773897601775, 3.206637463235152 ], [ 131.76648331669719, 3.206799663183733 ], [ 131.767903875507301, 3.207116274224222 ], [ 131.768615013278009, 3.207270684882702 ], [ 131.77003892477731, 3.207571698937445 ], [ 131.770751696564133, 3.207718301922838 ], [ 131.772178791222416, 3.208003683151881 ], [ 131.772893112147841, 3.208142461006508 ], [ 131.774323220068823, 3.208412175434717 ], [ 131.774681286551413, 3.208478688934135 ], [ 131.775397777532987, 3.208609750023936 ], [ 131.775756921256999, 3.208674425086574 ], [ 131.776114264329095, 3.208736755806002 ], [ 131.776830724269189, 3.208859710231486 ], [ 131.777189119954045, 3.208920206118363 ], [ 131.778624743273468, 3.209158492478424 ], [ 131.779343200711196, 3.209273699549505 ], [ 131.780781325505359, 3.209496228383439 ], [ 131.781500990902856, 3.209603549843067 ], [ 131.782941445965662, 3.209810294658818 ], [ 131.783662233657765, 3.209909717731968 ], [ 131.785104847494154, 3.210100653915096 ], [ 131.785826671665973, 3.210192166764126 ], [ 131.78727127251247, 3.210367271580636 ], [ 131.787994047214852, 3.210450863309018 ], [ 131.789440463085498, 3.210610115911942 ], [ 131.790164102275668, 3.210685776568525 ], [ 131.791612160968185, 3.21082915799774 ], [ 131.792336578491131, 3.210896878574441 ], [ 131.793786107607957, 3.211024371759692 ], [ 131.794511217218002, 3.211084144193982 ], [ 131.795962044168647, 3.211195733955056 ], [ 131.796687759527941, 3.211247551129606 ], [ 131.798139711582252, 3.211343224181131 ], [ 131.798865946298974, 3.211387079927541 ], [ 131.800318850600206, 3.211466824879516 ], [ 131.801045518190108, 3.211502713975476 ], [ 131.802499201747736, 3.211566521333095 ], [ 131.80322621572148, 3.211594439507001 ], [ 131.804680505473925, 3.211642301673852 ], [ 131.805407779271377, 3.211662245601428 ], [ 131.806862502078644, 3.211694156878959 ], [ 131.807589949095416, 3.211706124185215 ], [ 131.809044931738754, 3.211722080773621 ], [ 131.809772465374408, 3.211726070034098 ], [ 131.811227534626141, 3.211726070034098 ], [ 131.81195506826154, 3.211722080773621 ], [ 131.813410050904963, 3.211706124185215 ], [ 131.814137497921905, 3.211694156878958 ], [ 131.815592220729172, 3.211662245601428 ], [ 131.816319494525914, 3.211642301673852 ], [ 131.817773784278728, 3.211594439507001 ], [ 131.818500798252188, 3.211566521333095 ], [ 131.819954481810242, 3.211502713975476 ], [ 131.820681149401253, 3.211466824879516 ], [ 131.822134053702285, 3.211387079927541 ], [ 131.822860288426654, 3.211343224180598 ], [ 131.824312240481845, 3.211247551128896 ], [ 131.825037955829401, 3.211195733955056 ], [ 131.826488782780416, 3.211084144193982 ], [ 131.827213892391541, 3.211024371759871 ], [ 131.828663421506945, 3.21089687857462 ], [ 131.829387839032023, 3.21082915799774 ], [ 131.830835897724739, 3.210685776568525 ], [ 131.831559536910447, 3.210610115912297 ], [ 131.833005952781946, 3.21045086330955 ], [ 131.833728727489955, 3.210367271580459 ], [ 131.835173328336197, 3.210192166763949 ], [ 131.835895152508698, 3.210100653914741 ], [ 131.837337766344916, 3.209909717731614 ], [ 131.838058554034887, 3.209810294658819 ], [ 131.839499009097864, 3.209603549843066 ], [ 131.840218674496782, 3.209496228383261 ], [ 131.841656799290973, 3.209273699549327 ], [ 131.842375256727081, 3.209158492478424 ], [ 131.843810880046334, 3.208920206118363 ], [ 131.844169275727808, 3.208859710232018 ], [ 131.844885735668441, 3.208736755806535 ], [ 131.845243078743579, 3.208674425086573 ], [ 131.845679382297021, 3.208595588794414 ], [ 131.846550019630286, 3.208435267547117 ], [ 131.84698507242959, 3.208353655161823 ], [ 131.848722746433367, 3.208021679243076 ], [ 131.849590486914281, 3.20784990021723 ], [ 131.851323626950744, 3.207494789308736 ], [ 131.852189024128307, 3.207311457913164 ], [ 131.853917325279554, 3.206933274492058 ], [ 131.854349094395133, 3.206837287167482 ], [ 131.855211992067296, 3.206642436196927 ], [ 131.855643114495791, 3.206543573961732 ], [ 131.862922147745735, 3.204848826746844 ], [ 131.863415051687383, 3.204732080386533 ], [ 131.864399973028668, 3.204494826269918 ], [ 131.864891984139916, 3.204374319999535 ], [ 131.866858137043408, 3.203884800069887 ], [ 131.867839362517458, 3.203632536215108 ], [ 131.869797890516793, 3.203113057541706 ], [ 131.870775190353584, 3.202845843437002 ], [ 131.872725641585561, 3.202296525876862 ], [ 131.873698790307344, 3.202014423175136 ], [ 131.875640714778712, 3.20143539346812 ], [ 131.876609487864471, 3.201138467258106 ], [ 131.878542437534293, 3.200529859004901 ], [ 131.879506611463086, 3.200218177798907 ], [ 131.881430140376125, 3.199580131421409 ], [ 131.882389492722126, 3.199253767125826 ], [ 131.884303157117785, 3.19858642983126 ], [ 131.884780291715487, 3.198418001988212 ], [ 131.885733278830571, 3.198077513218772 ], [ 131.886207779253795, 3.197905946977562 ], [ 131.886551275533662, 3.197779198243745 ], [ 131.887234874768296, 3.197524811432045 ], [ 131.887576327587567, 3.197396679474203 ], [ 131.888938082121143, 3.196881406950009 ], [ 131.889617559954871, 3.196620037609798 ], [ 131.890973639593057, 3.196089862456074 ], [ 131.891650239535437, 3.195821057371399 ], [ 131.893000482855427, 3.195276042703878 ], [ 131.893674124396028, 3.194999833863019 ], [ 131.895018370665895, 3.194440044564735 ], [ 131.89568897356142, 3.194156464872035 ], [ 131.897027062741671, 3.193581967595806 ], [ 131.897694547193765, 3.193291050799913 ], [ 131.899026320000957, 3.192701913939562 ], [ 131.89969060655082, 3.192403694674818 ], [ 131.901015904464543, 3.191799988362865 ], [ 131.901676914011205, 3.191494502144505 ], [ 131.902995579258771, 3.190876298258745 ], [ 131.903653233149413, 3.190563581440621 ], [ 131.904965108771052, 3.189930953573564 ], [ 131.905619328714351, 3.189611043387762 ], [ 131.90692425854715, 3.188964066855513 ], [ 131.907574966655346, 3.188637001393519 ], [ 131.908872795361191, 3.187975753222289 ], [ 131.909519914197489, 3.187641571411005 ], [ 131.910810487298932, 3.186966130317739 ], [ 131.911453939799117, 3.186624871960707 ], [ 131.912737103664398, 3.185935318362854 ], [ 131.91337681327289, 3.18558702406741 ], [ 131.914652415167211, 3.18488344005504 ], [ 131.915288305720765, 3.184528151295211 ], [ 131.916556193816263, 3.183810620625145 ], [ 131.916871789261336, 3.183630878761621 ], [ 131.917502004362404, 3.183269671120054 ], [ 131.91781480765323, 3.183089259541581 ], [ 131.918257560653529, 3.182830011809504 ], [ 131.919137456739492, 3.182310239644472 ], [ 131.9195764141312, 3.182048662219867 ], [ 131.921324656723641, 3.180997764351427 ], [ 131.922194783825745, 3.180465605771833 ], [ 131.923926851385517, 3.179387990585792 ], [ 131.924788789480118, 3.178842535455318 ], [ 131.926504277927137, 3.177738454401733 ], [ 131.927357825937094, 3.177179829992435 ], [ 131.929056335079594, 3.176049540686751 ], [ 131.929901293889799, 3.175477877342366 ], [ 131.931582427503628, 3.174321643513174 ], [ 131.93241860000731, 3.173737074617495 ], [ 131.934081965919518, 3.172555166052012 ], [ 131.934909157060531, 3.171957828001 ], [ 131.936554367261834, 3.170750520467255 ], [ 131.936964533018482, 3.170447107170638 ], [ 131.93778254923555, 3.169837139144873 ], [ 131.938190397322586, 3.169530586188171 ], [ 131.940023845919995, 3.168141495650134 ], [ 131.940371548517277, 3.167876264255604 ], [ 131.941065221318439, 3.167343517548064 ], [ 131.941411189337742, 3.167076003910517 ], [ 131.942791538034953, 3.166001425921813 ], [ 131.943478212099848, 3.165459596547566 ], [ 131.944844445715233, 3.16436694696575 ], [ 131.945524003409446, 3.163816128248901 ], [ 131.946875887833926, 3.162705594358652 ], [ 131.947211944242781, 3.16242769012712 ], [ 131.947882247303482, 3.161869681641844 ], [ 131.948214436265857, 3.161591313145419 ], [ 131.948495495443211, 3.161352902939357 ], [ 131.949052206838587, 3.16087802070503 ], [ 131.949329915070649, 3.160639814327567 ], [ 131.950434123297896, 3.159687407159876 ], [ 131.950983642013938, 3.159208176888773 ], [ 131.952077446255089, 3.158243717398032 ], [ 131.952621730295846, 3.157758489491475 ], [ 131.953705000399879, 3.156782092477409 ], [ 131.954243984991393, 3.156290924700923 ], [ 131.955316592053947, 3.155302706391269 ], [ 131.955850213064451, 3.154805657208487 ], [ 131.956912029435813, 3.153805735253138 ], [ 131.957440223357281, 3.153302863840902 ], [ 131.95849112268877, 3.152291357269086 ], [ 131.959013826664858, 3.15178272349453 ], [ 131.960053683922752, 3.150759752700432 ], [ 131.960570835790577, 3.150245417076572 ], [ 131.961599527248808, 3.149211103825189 ], [ 131.96211106544294, 3.14869112760685 ], [ 131.96312846867454, 3.147645595045719 ], [ 131.963634332327018, 3.147120040132006 ], [ 131.964640326278101, 3.146063412716419 ], [ 131.965140455212293, 3.145532341653924 ], [ 131.966134920210266, 3.144464745135911 ], [ 131.966629254921031, 3.143928221139135 ], [ 131.967612072636342, 3.142849782607612 ], [ 131.968100554307199, 3.142307869542978 ], [ 131.969071607797417, 3.14121871737863 ], [ 131.969554178294061, 3.140671479770168 ], [ 131.970513352030594, 3.139571743616312 ], [ 131.970989953965756, 3.139019246573895 ], [ 131.971937133835382, 3.13790905733169 ], [ 131.972172162127862, 3.137632061756596 ], [ 131.972640719722534, 3.137076790030762 ], [ 131.97287220002184, 3.136800968856333 ], [ 131.973108276466718, 3.136516537679239 ], [ 131.973574792185303, 3.135951299229959 ], [ 131.973807279192187, 3.135668038504689 ], [ 131.974730134707215, 3.134537340764473 ], [ 131.975188493576042, 3.133969462529381 ], [ 131.976099021509526, 3.132828711809561 ], [ 131.976551189337698, 3.132255840881987 ], [ 131.977449281357821, 3.131105172981847 ], [ 131.977895204330508, 3.130527377581355 ], [ 131.978780753600859, 3.12936692946582 ], [ 131.979220378699324, 3.128784278331381 ], [ 131.980093279887797, 3.127614188112909 ], [ 131.980526554798331, 3.127026750620492 ], [ 131.981386704065329, 3.125847157579314 ], [ 131.981813577248886, 3.125255003649523 ], [ 131.982660872274863, 3.124066048195278 ], [ 131.983081292970638, 3.12346924828944 ], [ 131.983915632971616, 3.122271071938259 ], [ 131.984329551149216, 3.121669697123435 ], [ 131.985150836884287, 3.120462442491372 ], [ 131.985558203324246, 3.119856564327745 ], [ 131.986366337107086, 3.118640375109989 ], [ 131.986767103357835, 3.118030065710894 ], [ 131.987561989069036, 3.116805086665249 ], [ 131.987956107460832, 3.116190418678174 ], [ 131.988737650564843, 3.114956795600197 ], [ 131.989125074217299, 3.114337842194701 ], [ 131.989893181752194, 3.113095721932612 ], [ 131.990273864585561, 3.112472556785406 ], [ 131.991028445198822, 3.111222087185563 ], [ 131.991402341964658, 3.110594784425615 ], [ 131.99214330593145, 3.109336114297337 ], [ 131.992326800465321, 3.109022474042954 ], [ 131.992692094112755, 3.108394195169061 ], [ 131.992872100010231, 3.108082679327678 ], [ 131.993055745884561, 3.107760835033713 ], [ 131.99341771143952, 3.107122393068296 ], [ 131.993597823341617, 3.106802674354221 ], [ 131.994311291281264, 3.105528053583182 ], [ 131.994664566255523, 3.104888787983272 ], [ 131.995364158100074, 3.103606418977467 ], [ 131.995710474025174, 3.102963317320396 ], [ 131.996396106580164, 3.101673352717195 ], [ 131.996735422282086, 3.101026491533925 ], [ 131.997407014022002, 3.099729084864738 ], [ 131.997739289156357, 3.099078541141327 ], [ 131.998396760231429, 3.097773846814375 ], [ 131.998721955282605, 3.097119697993588 ], [ 131.999365227516307, 3.095807871301183 ], [ 131.999683303827368, 3.095150195224397 ], [ 132.000312300743786, 3.093831392287167 ], [ 132.000623220501978, 3.093170267221374 ], [ 132.00123786731811, 3.091844645004069 ], [ 132.001541593544658, 3.091180149665861 ], [ 132.0021418171888, 3.0898478659413 ], [ 132.00243831379953, 3.089180079365232 ], [ 132.003024042917872, 3.087841292694222 ], [ 132.003313274641954, 3.087170294412231 ], [ 132.003884439606537, 3.085825164133627 ], [ 132.004166372077151, 3.085151033971813 ], [ 132.004722904998772, 3.083799720165919 ], [ 132.004997504698906, 3.083122538367295 ], [ 132.005539339419812, 3.081765201876117 ], [ 132.005806573712107, 3.081085049031862 ], [ 132.006333645830324, 3.079721851401377 ], [ 132.006593482948716, 3.079038808469841 ], [ 132.007105729832574, 3.077669911911094 ], [ 132.007232198067726, 3.077329143315003 ], [ 132.007483294046267, 3.07664691947706 ], [ 132.00760659795074, 3.076309121586075 ], [ 132.007770673455383, 3.075850692907065 ], [ 132.008092911490394, 3.074939980604534 ], [ 132.008252397088114, 3.074484041796412 ], [ 132.008881253585997, 3.072665335166705 ], [ 132.009189185189342, 3.07175371325685 ], [ 132.009791993330083, 3.069926115295206 ], [ 132.010086869068999, 3.069010141730669 ], [ 132.010663504710465, 3.067174029421576 ], [ 132.010945263850232, 3.066253893179194 ], [ 132.011495608258315, 3.064409645246015 ], [ 132.011764192798864, 3.063485536069651 ], [ 132.012288132661041, 3.061633532916362 ], [ 132.012543487291623, 3.060705641466126 ], [ 132.013040914745346, 3.058846265096665 ], [ 132.013286716433157, 3.057902359884381 ], [ 132.01382879448991, 3.056935177367922 ], [ 132.014890141622317, 3.055010344566012 ], [ 132.015412954913899, 3.054043551864312 ], [ 132.017472073014119, 3.050160167157603 ], [ 132.017978989945476, 3.049184947545357 ], [ 132.018976833897113, 3.047226269721018 ], [ 132.019467756557162, 3.046242820262455 ], [ 132.023855527766273, 3.037269908093254 ], [ 132.023953662276938, 3.037068371740852 ], [ 132.024149265591717, 3.036664957665558 ], [ 132.024246731148679, 3.036463086592637 ], [ 132.024635252392841, 3.035654938718876 ], [ 132.024732046061558, 3.035452738743361 ], [ 132.02492496002742, 3.03504801312626 ], [ 132.025021079076851, 3.03484549011599 ], [ 132.026465133471305, 3.031789706751744 ], [ 132.026633278431859, 3.031431160645879 ], [ 132.026967458205831, 3.030713070979585 ], [ 132.027133491591457, 3.03035353047378 ], [ 132.027793381113497, 3.028913423924951 ], [ 132.028119089650801, 3.028191410164364 ], [ 132.028761990533184, 3.026743558705222 ], [ 132.029079182014897, 3.026017722977181 ], [ 132.029705004434305, 3.024562329128926 ], [ 132.030013634530519, 3.023832772993258 ], [ 132.030622291051628, 3.022370040335622 ], [ 132.03092231665633, 3.021636865812054 ], [ 132.031513722250338, 3.020166998939954 ], [ 132.031805101450573, 3.019430308581296 ], [ 132.032379173503955, 3.017953513083167 ], [ 132.032661865587897, 3.017213409954176 ], [ 132.033218523900331, 3.015729892421208 ], [ 132.033355946100443, 3.01536036712552 ], [ 132.033628625596521, 3.014620507860124 ], [ 132.033762586139602, 3.014253756595218 ], [ 132.033887939293237, 3.013904447230502 ], [ 132.034134165403401, 3.013212313317844 ], [ 132.034256334407274, 3.012865908018739 ], [ 132.034738727265221, 3.011486103173983 ], [ 132.034976180024699, 3.010794879051078 ], [ 132.035443571253012, 3.009409865928248 ], [ 132.035673509096711, 3.008716078810549 ], [ 132.036125843151893, 3.007326022257867 ], [ 132.036348238758364, 3.006629754712929 ], [ 132.036785461896756, 3.005234820157356 ], [ 132.037000288842336, 3.004536155048312 ], [ 132.03742234912329, 3.003136508483113 ], [ 132.037629581893242, 3.002435528932987 ], [ 132.038036429176572, 3.001031336923766 ], [ 132.038236043148146, 3.000328126368394 ], [ 132.038627629099182, 2.998919556043508 ], [ 132.038819600554461, 2.998214198195836 ], [ 132.039195878661445, 2.996801417184395 ], [ 132.039380184809744, 2.996093995948685 ], [ 132.039741110388945, 2.994677172356218 ], [ 132.039917729339862, 2.993967771923079 ], [ 132.040263259528871, 2.992547074358892 ], [ 132.040432170304456, 2.991835779169402 ], [ 132.040762264068775, 2.990411376723303 ], [ 132.040923446617853, 2.989698271406652 ], [ 132.041238064768066, 2.988270333577722 ], [ 132.041391499952965, 2.98755550300167 ], [ 132.041690605140701, 2.986124199714605 ], [ 132.041836274747396, 2.985407728948348 ], [ 132.042119831467716, 2.983973230539605 ], [ 132.042257718205661, 2.983255204852889 ], [ 132.042525692809932, 2.981817682015438 ], [ 132.042591360431516, 2.981460059365907 ], [ 132.042720765321519, 2.980744459232992 ], [ 132.042783816758657, 2.980390394123678 ], [ 132.042846968677367, 2.980024264175282 ], [ 132.042969924480047, 2.979299488116571 ], [ 132.0430304138564, 2.97893693158387 ], [ 132.043267130692044, 2.977493873437852 ], [ 132.043381574370045, 2.976771696304127 ], [ 132.043602619278118, 2.975326127910989 ], [ 132.043709220216698, 2.97460273862422 ], [ 132.043914566980106, 2.973154832038686 ], [ 132.044013312535668, 2.972430316713454 ], [ 132.044202936812638, 2.970980244231124 ], [ 132.04429381528584, 2.97025468904898 ], [ 132.044467694608414, 2.968802623192829 ], [ 132.044550695232431, 2.96807611448525 ], [ 132.044708809000696, 2.966622228055896 ], [ 132.044783921940024, 2.965894852317779 ], [ 132.04492625143223, 2.964439318331313 ], [ 132.044993467800879, 2.963711162068574 ], [ 132.045119996173554, 2.962254153722095 ], [ 132.045179308015918, 2.96152530361704 ], [ 132.045290020306624, 2.96006699428351 ], [ 132.045341420615159, 2.959337537030344 ], [ 132.045436303742662, 2.957878100242773 ], [ 132.045479786443479, 2.957148122698597 ], [ 132.045558829212069, 2.95568773211434 ], [ 132.045594389182241, 2.954957321064311 ], [ 132.045657582279404, 2.953496150452811 ], [ 132.045685215331247, 2.952765392872333 ], [ 132.045732551330531, 2.951303616115299 ], [ 132.045752254224084, 2.950572598926665 ], [ 132.045783727586496, 2.949110389958031 ], [ 132.04579549802321, 2.948379200166308 ], [ 132.045811105097499, 2.946916732967082 ], [ 132.045814004637208, 2.946553105531015 ], [ 132.045817841872548, 2.945825838238241 ], [ 132.045818779916772, 2.945466208489689 ], [ 132.045817733128871, 2.945094551682855 ], [ 132.045813634919284, 2.944359267576911 ], [ 132.045810583152615, 2.943991632160231 ], [ 132.045794454247101, 2.942529170569675 ], [ 132.04578242296688, 2.941797984955232 ], [ 132.045750428144885, 2.940335787177646 ], [ 132.0457304646566, 2.939604776997449 ], [ 132.045682607818634, 2.938143017055233 ], [ 132.04565471454498, 2.937412269291436 ], [ 132.045591001479323, 2.935951121112302 ], [ 132.045555181784323, 2.935220722680979 ], [ 132.045475620162279, 2.933760360085533 ], [ 132.045431878354066, 2.933030397907022 ], [ 132.045336477735106, 2.931570994665062 ], [ 132.045284819063824, 2.930841555579586 ], [ 132.045173590891721, 2.929383285355927 ], [ 132.045114021552223, 2.928654456191986 ], [ 132.044986979153038, 2.927197492483579 ], [ 132.044919506276329, 2.926469359926322 ], [ 132.044776664857466, 2.925013876096534 ], [ 132.044701296520117, 2.924286526805529 ], [ 132.044542673169218, 2.922832696031565 ], [ 132.04445941838074, 2.922106216520365 ], [ 132.044285032060401, 2.920654211771422 ], [ 132.044193900777628, 2.919928688521069 ], [ 132.044003772328637, 2.918478682569343 ], [ 132.043904775429951, 2.917754201832444 ], [ 132.043698927562303, 2.916306367189007 ], [ 132.043592076883073, 2.915583015247476 ], [ 132.043370534180326, 2.914137524187143 ], [ 132.04325584246908, 2.913415387041165 ], [ 132.043018631377407, 2.911972411534466 ], [ 132.042958679555255, 2.91161376788174 ], [ 132.042836841538048, 2.910896810885404 ], [ 132.042775633691093, 2.910542363582968 ], [ 132.042710435125969, 2.910176652337688 ], [ 132.042579421974523, 2.909453321046483 ], [ 132.04251292938531, 2.909091836910177 ], [ 132.04224446831293, 2.907654407252591 ], [ 132.042106339383992, 2.906936429465335 ], [ 132.041822300440714, 2.905502029453794 ], [ 132.041676390824222, 2.904785609189361 ], [ 132.041376807883893, 2.903354409445781 ], [ 132.041223134976804, 2.9026396319137 ], [ 132.040908043769008, 2.901211802718937 ], [ 132.040746625905342, 2.900498752993729 ], [ 132.040416064012248, 2.899074464256671 ], [ 132.040246920442343, 2.898363227184782 ], [ 132.039900927278268, 2.896942648357792 ], [ 132.039724078161413, 2.896233308525422 ], [ 132.039362694968531, 2.894816608592083 ], [ 132.039178161391646, 2.894109250410291 ], [ 132.038801431252665, 2.892696597930524 ], [ 132.038609235212249, 2.89199130555439 ], [ 132.03821720303344, 2.890582868602107 ], [ 132.038017367437902, 2.889879725941579 ], [ 132.037610079942425, 2.888475672076966 ], [ 132.037402628605264, 2.887774762779089 ], [ 132.036980134332794, 2.88637525904719 ], [ 132.036765091981238, 2.88567666651618 ], [ 132.036327441277479, 2.884281879413857 ], [ 132.036104833528526, 2.883585686736851 ], [ 132.035652078543194, 2.882195782205498 ], [ 132.035421931927488, 2.881502072229648 ], [ 132.034954126606777, 2.880117215629079 ], [ 132.034716468547771, 2.879426070891029 ], [ 132.034233668623557, 2.878046426966796 ], [ 132.034112660801839, 2.877703609232779 ], [ 132.033868796420876, 2.87701863708428 ], [ 132.033747206991848, 2.876679982196687 ], [ 132.033623156370169, 2.876340211932856 ], [ 132.033375803643963, 2.875668332981639 ], [ 132.033251235076591, 2.875332726609087 ], [ 132.032752032335566, 2.87399868863338 ], [ 132.032498905518281, 2.873333004401744 ], [ 132.031985628259719, 2.872004377114647 ], [ 132.03172547852455, 2.871341435864852 ], [ 132.031198184823239, 2.870018369406529 ], [ 132.030931041582022, 2.869358245998161 ], [ 132.030389791086577, 2.868040889860233 ], [ 132.030115684574326, 2.867383658917332 ], [ 132.029560538501755, 2.866072161925107 ], [ 132.029279499708082, 2.865417897668656 ], [ 132.028710520857743, 2.864112408017899 ], [ 132.028422581575001, 2.863461184382006 ], [ 132.028344146261844, 2.86328629942376 ], [ 132.028179413448498, 2.86256857398416 ], [ 132.027924116955234, 2.861493239725919 ], [ 132.027785912941823, 2.860922204378034 ], [ 132.027749172203727, 2.860773242901638 ], [ 132.027675262062075, 2.860476481744663 ], [ 132.02743380344134, 2.859516287912858 ], [ 132.027292608538801, 2.858964676917055 ], [ 132.027234663353624, 2.858742219716132 ], [ 132.027156377765294, 2.858444465836984 ], [ 132.027091440600685, 2.858199757746576 ], [ 132.027010593155325, 2.857857729331038 ], [ 132.02644985436271, 2.855652590387812 ], [ 132.026129184030424, 2.854475188884429 ], [ 132.025966183918541, 2.853887222784099 ], [ 132.025634866446239, 2.852712805446519 ], [ 132.025466549542358, 2.852126355806747 ], [ 132.025124612447343, 2.850955020004017 ], [ 132.024950992727696, 2.850370135436584 ], [ 132.02459846439956, 2.849201978255307 ], [ 132.024419556274182, 2.84861870722491 ], [ 132.024056465969238, 2.847453825454334 ], [ 132.023872284287251, 2.846872216294757 ], [ 132.02349866214567, 2.845710706483601 ], [ 132.023309222200879, 2.845130807415293 ], [ 132.022925099246095, 2.843972765864483 ], [ 132.022621176896592, 2.843077599856869 ], [ 132.022001476301483, 2.841293606747042 ], [ 132.02168656579002, 2.840407172330167 ], [ 132.020726042703359, 2.837769488718956 ], [ 132.020363623183727, 2.836797679408794 ], [ 132.01962487364645, 2.834862455596342 ], [ 132.019248060926941, 2.83389771552453 ], [ 132.018705895809148, 2.832540555128225 ], [ 132.018431133228631, 2.831863462407857 ], [ 132.017874279225026, 2.830512328756522 ], [ 132.017592188559888, 2.829838289646496 ], [ 132.017020711978631, 2.828493343449619 ], [ 132.016731326848003, 2.827822438191705 ], [ 132.016145295748288, 2.826483839448946 ], [ 132.015848650585184, 2.825816147787709 ], [ 132.015248134770758, 2.824484055778237 ], [ 132.014944264934456, 2.823819657219679 ], [ 132.014329335914226, 2.822494230405713 ], [ 132.014018277574422, 2.821833203953304 ], [ 132.013389008566236, 2.820514599995751 ], [ 132.013070798758662, 2.819857024278863 ], [ 132.012427264695475, 2.818545400049572 ], [ 132.01210194131977, 2.817891353314767 ], [ 132.01144421882907, 2.816586864850344 ], [ 132.011111820622858, 2.815936424907738 ], [ 132.010439988019812, 2.814639227396399 ], [ 132.010100554539889, 2.81399247158466 ], [ 132.009414691807592, 2.812702719331421 ], [ 132.009068263485119, 2.812059724624177 ], [ 132.00836845227775, 2.810777571051911 ], [ 132.00801507035456, 2.810138413935 ], [ 132.00730139400153, 2.808864011593857 ], [ 132.007122948440355, 2.808547376573971 ], [ 132.006764349784078, 2.807915083459938 ], [ 132.006585872422278, 2.80760234334454 ], [ 132.006356341459508, 2.807205777351525 ], [ 132.005897976012221, 2.806420045134117 ], [ 132.005667466905493, 2.806027962849263 ], [ 132.005265864421261, 2.805333251025209 ], [ 132.005229810706481, 2.805125841328862 ], [ 132.005164656680051, 2.804760338122677 ], [ 132.005033684489973, 2.804037144055394 ], [ 132.004967212851028, 2.803675728477757 ], [ 132.004698785287388, 2.802238294471294 ], [ 132.00456067345155, 2.801520314476028 ], [ 132.004276669376452, 2.800085910015423 ], [ 132.004130777534215, 2.799369487509406 ], [ 132.003831230819657, 2.797938283242511 ], [ 132.003677576364254, 2.79722350343154 ], [ 132.003362522732914, 2.795795669641165 ], [ 132.003201123992312, 2.79508261759266 ], [ 132.002870601013001, 2.793658324163534 ], [ 132.002701477234126, 2.792947084724115 ], [ 132.002355524315817, 2.791526501118193 ], [ 132.00217869565617, 2.790817158885787 ], [ 132.001817354035211, 2.789400454095711 ], [ 132.001632841574065, 2.788693093464856 ], [ 132.001256154322732, 2.78728043604433 ], [ 132.001063980051924, 2.786575141169396 ], [ 132.000671992070806, 2.785166699201923 ], [ 132.000472178898946, 2.784463554011863 ], [ 132.000064936903442, 2.783059495058875 ], [ 131.999857508641838, 2.782358583203045 ], [ 131.999435061160796, 2.780959074303192 ], [ 131.999220042526758, 2.780260479169818 ], [ 131.998782439899543, 2.778865686828486 ], [ 131.998559856509246, 2.778169491514835 ], [ 131.998107150875398, 2.776779581668798 ], [ 131.997877029250532, 2.776085869009051 ], [ 131.997409274541695, 2.774701007003028 ], [ 131.997171642104149, 2.774009859544309 ], [ 131.996688894056916, 2.772630210164885 ], [ 131.996567876579462, 2.772287327488684 ], [ 131.996323992365291, 2.771602225725642 ], [ 131.99620234669203, 2.771263379279103 ], [ 131.996075165166104, 2.770915072465141 ], [ 131.99582136550427, 2.770225901606995 ], [ 131.99569352698424, 2.769881666790172 ], [ 131.995180966551203, 2.768512934400369 ], [ 131.994920975070585, 2.767829974576754 ], [ 131.994393599140636, 2.766466945267093 ], [ 131.994126215411796, 2.765786877620819 ], [ 131.993584086798336, 2.764429713542304 ], [ 131.993309342660837, 2.763752618959249 ], [ 131.992752525933184, 2.762401481570458 ], [ 131.992470454107917, 2.761727440600409 ], [ 131.991899015581993, 2.760382490644051 ], [ 131.991609649664809, 2.759711583481883 ], [ 131.991023657389036, 2.758372980947134 ], [ 131.990727031831597, 2.757705287388038 ], [ 131.990126555599574, 2.756373191546787 ], [ 131.989822705746377, 2.755708791069053 ], [ 131.98920781706488, 2.754383360392753 ], [ 131.988896779080363, 2.753722331996656 ], [ 131.988267551157008, 2.752403724139822 ], [ 131.987949362085374, 2.751746146479954 ], [ 131.987305869849337, 2.750434518319407 ], [ 131.986980567562028, 2.749780469591886 ], [ 131.986322887633719, 2.748475977166187 ], [ 131.985990510886978, 2.747825535226245 ], [ 131.985318721569115, 2.746528333712597 ], [ 131.984979309922238, 2.745881575909384 ], [ 131.984293491204511, 2.744591819637848 ], [ 131.983947085069985, 2.743948822916393 ], [ 131.983247318604498, 2.742666665319434 ], [ 131.982893959226544, 2.742027506176413 ], [ 131.982180328314683, 2.740753099765991 ], [ 131.982001874300977, 2.74043642881538 ], [ 131.981643258434019, 2.739804064026059 ], [ 131.981464732231842, 2.739491218548896 ], [ 131.981279563451807, 2.739170793724806 ], [ 131.980910768924446, 2.738536654900344 ], [ 131.980725508518304, 2.738220094263979 ], [ 131.979984405231136, 2.736961644110851 ], [ 131.979610441799167, 2.736334452018468 ], [ 131.978855733838884, 2.735084205020473 ], [ 131.97847499034205, 2.734461151811814 ], [ 131.977706767560136, 2.733219256715921 ], [ 131.977319289322821, 2.73260041651143 ], [ 131.97653764316496, 2.731367021049067 ], [ 131.976143476311336, 2.730752467464702 ], [ 131.975348499809286, 2.729527718342517 ], [ 131.974947691251032, 2.728917524474294 ], [ 131.97413947903604, 2.727701567392449 ], [ 131.973732076473652, 2.727095805816627 ], [ 131.972910724744452, 2.725888785421905 ], [ 131.972496776693305, 2.72528752823299 ], [ 131.971662383209576, 2.724089588104408 ], [ 131.971241938919007, 2.723492906795967 ], [ 131.97039460299527, 2.722304189441929 ], [ 131.969967712521367, 2.72171215501317 ], [ 131.969107535004952, 2.720532801833631 ], [ 131.968674249134779, 2.719945484682286 ], [ 131.967801332402161, 2.718775635969119 ], [ 131.967361702721945, 2.718193105983991 ], [ 131.966476150661805, 2.717032900894679 ], [ 131.966030229488041, 2.716455227363457 ], [ 131.965132147492085, 2.715304803909025 ], [ 131.964679987898052, 2.714732055552559 ], [ 131.963769482848733, 2.713591550582649 ], [ 131.963311138632633, 2.713023795515522 ], [ 131.96238831888104, 2.71189334469015 ], [ 131.96215777816667, 2.711612491649243 ], [ 131.961695182046668, 2.711052047390607 ], [ 131.961464976980636, 2.710774673393775 ], [ 131.961165238234202, 2.710418019800723 ], [ 131.960567027984069, 2.709711227352523 ], [ 131.96026670759079, 2.709358873002032 ], [ 131.959064435128766, 2.707958131197202 ], [ 131.958458494801903, 2.707261932092981 ], [ 131.957237118107884, 2.705878006307304 ], [ 131.956621683398822, 2.705190281492976 ], [ 131.955381435096882, 2.703823435205647 ], [ 131.954756623202059, 2.70314431559356 ], [ 131.953497739520486, 2.701794809049027 ], [ 131.952863669449897, 2.701124423946232 ], [ 131.951586390158127, 2.69979251408208 ], [ 131.950943182671921, 2.699130991120528 ], [ 131.949647751033183, 2.697816931518088 ], [ 131.948995528633873, 2.697164396646808 ], [ 131.947682191373616, 2.695868437497593 ], [ 131.947352739443517, 2.695545580301333 ], [ 131.946691626764078, 2.694902157603824 ], [ 131.946359967854136, 2.694581593891543 ], [ 131.944971096803073, 2.693248422493225 ], [ 131.944583064038142, 2.69287892826353 ], [ 131.943804064471806, 2.692143077371858 ], [ 131.943413099683852, 2.691776722608805 ], [ 131.941843471724496, 2.69031766996515 ], [ 131.941052844866135, 2.689594470362205 ], [ 131.939460164291148, 2.688160906501901 ], [ 131.938658112736192, 2.687450544179349 ], [ 131.937042788862072, 2.686042837427854 ], [ 131.936638474978537, 2.68569332610682 ], [ 131.935827078998983, 2.684997564013384 ], [ 131.935421838444455, 2.684652867022439 ], [ 131.935128863004451, 2.684407100693911 ], [ 131.934545216998885, 2.683920342385417 ], [ 131.934252706782019, 2.683677798232659 ], [ 131.933083733888424, 2.68271410756994 ], [ 131.932449655097372, 2.682251505928156 ], [ 131.931307829328517, 2.681300233679645 ], [ 131.930717377349453, 2.680821797687142 ], [ 131.930129519340966, 2.680348250353005 ], [ 131.929532489563059, 2.679878402297263 ], [ 131.928935266015742, 2.679412637163433 ], [ 131.928606210328326, 2.679159006825017 ], [ 131.927700409250917, 2.678473570459408 ], [ 131.927121311239858, 2.678045366632175 ], [ 131.926727161676382, 2.677755928781784 ], [ 131.925920869694579, 2.67712096466673 ], [ 131.925312706405407, 2.676669709094096 ], [ 131.924091331338559, 2.675774158297392 ], [ 131.923478121220484, 2.675329864288174 ], [ 131.922246731290926, 2.674448293726928 ], [ 131.921948052384408, 2.674235189211032 ], [ 131.921011598112244, 2.673137407487395 ], [ 131.920535339932513, 2.672585225038839 ], [ 131.919576865145871, 2.671486112772059 ], [ 131.91909464982362, 2.670939184421284 ], [ 131.91813584136591, 2.669863572465179 ], [ 131.917656584592805, 2.669331687285379 ], [ 131.916692435814213, 2.668273105326775 ], [ 131.916207545127321, 2.667746409991083 ], [ 131.915226065065127, 2.666691692458236 ], [ 131.914745308852133, 2.666180465596335 ], [ 131.913778487242894, 2.665163112176536 ], [ 131.913292423161806, 2.664656987000287 ], [ 131.912339255782825, 2.663674845302559 ], [ 131.912205215742972, 2.663537127078536 ], [ 131.911936741340952, 2.663262077278183 ], [ 131.911802307640869, 2.663124746383441 ], [ 131.911701504245201, 2.663022066144909 ], [ 131.911445343457075, 2.662762555221231 ], [ 131.910931618247588, 2.662244941863553 ], [ 131.910674061155675, 2.661986846737131 ], [ 131.910083405642354, 2.661398176114672 ], [ 131.908123090819544, 2.659407609579816 ], [ 131.907793893831126, 2.65907566086775 ], [ 131.907133183947877, 2.658414070117757 ], [ 131.906801679826458, 2.658084436967298 ], [ 131.905738311461818, 2.657034437716927 ], [ 131.905203710976593, 2.656512426740091 ], [ 131.904128741284154, 2.655474444451547 ], [ 131.903588373529516, 2.654958474538183 ], [ 131.902501936803674, 2.653932638847143 ], [ 131.901955869308296, 2.653422774458399 ], [ 131.90085810127681, 2.652409213484423 ], [ 131.900306402235657, 2.651905518276045 ], [ 131.899197440055445, 2.650904358620974 ], [ 131.898407868590567, 2.65020279221886 ], [ 131.896817799839368, 2.648812293315666 ], [ 131.896016218459607, 2.648122442687324 ], [ 131.893837817236459, 2.646277581014508 ], [ 131.893339366458576, 2.645860322372478 ], [ 131.892336799428477, 2.645029403069707 ], [ 131.891832320458235, 2.644615438036618 ], [ 131.889165778608486, 2.642449049493258 ], [ 131.887512803790855, 2.641148814222365 ], [ 131.884166983520231, 2.638601301742335 ], [ 131.882474144467295, 2.637354029217274 ], [ 131.875629793407512, 2.632475724281358 ], [ 131.873898771524523, 2.631282642999434 ], [ 131.870400243719843, 2.628951852168381 ], [ 131.868632744453407, 2.627814147136708 ], [ 131.865549685093242, 2.625897748239216 ], [ 131.865121965329109, 2.625634112480664 ], [ 131.864264561450909, 2.625110082395215 ], [ 131.863834880603207, 2.624849690074003 ], [ 131.862112326203629, 2.623814661674503 ], [ 131.861681516318441, 2.623558004122763 ], [ 131.860817989911993, 2.623047948741907 ], [ 131.860386862498956, 2.622795473523935 ], [ 131.860069082898235, 2.622612143362399 ], [ 131.859435712762178, 2.622249068127816 ], [ 131.859118535147871, 2.62206840163219 ], [ 131.857851150100657, 2.621351084884692 ], [ 131.857215513825821, 2.620995902377115 ], [ 131.85594042594343, 2.620292529419206 ], [ 131.855300976074204, 2.619944339926331 ], [ 131.85401833703034, 2.619254994416246 ], [ 131.853375149590505, 2.618913839330561 ], [ 131.852085111950686, 2.618238603256408 ], [ 131.851438263486187, 2.617904523175304 ], [ 131.850140980716986, 2.617243476857365 ], [ 131.849490548179489, 2.616916511520077 ], [ 131.848186174594503, 2.616269733583636 ], [ 131.847532235315413, 2.615949921860583 ], [ 131.846220926051586, 2.615317489224734 ], [ 131.845563557850824, 2.61500486917134 ], [ 131.844245468893916, 2.614386857060709 ], [ 131.843584749925299, 2.61408146584138 ], [ 131.842260038061369, 2.613477947763567 ], [ 131.841596046949661, 2.613179821717057 ], [ 131.840264869743152, 2.612590869451088 ], [ 131.839597685458102, 2.612300044031702 ], [ 131.838260201256844, 2.611725727630878 ], [ 131.837589903147915, 2.611442237424995 ], [ 131.836246271039585, 2.610882625198047 ], [ 131.835572938858292, 2.610606503933355 ], [ 131.834223318650857, 2.61006166243487 ], [ 131.833547032463457, 2.609792942943062 ], [ 131.832191584685262, 2.609262936975602 ], [ 131.831512424930708, 2.609001651217599 ], [ 131.830151310814699, 2.608486543823891 ], [ 131.829471771133285, 2.608233605973143 ], [ 131.828185671006992, 2.607777796272769 ], [ 131.827395462459322, 2.607515882947612 ], [ 131.827134350051182, 2.607423298365656 ], [ 131.826765691953, 2.607287834003798 ], [ 131.826379159829713, 2.607147402592057 ], [ 131.825696402851833, 2.606901767236095 ], [ 131.824925375198177, 2.606629723040573 ], [ 131.824236531819935, 2.606391433897317 ], [ 131.823892278551739, 2.60627340264357 ], [ 131.822859676759748, 2.605922521686753 ], [ 131.821996422088631, 2.605635765375439 ], [ 131.82164988760735, 2.605523283054385 ], [ 131.821368582556005, 2.605432665189886 ], [ 131.820242620191863, 2.605072718145279 ], [ 131.819678808037565, 2.604895241124468 ], [ 131.819418105834785, 2.604814450945834 ], [ 131.818983235584057, 2.604681317938107 ], [ 131.818113085538442, 2.604418182838803 ], [ 131.817546769218097, 2.604249674645451 ], [ 131.817022991609633, 2.604096357987773 ], [ 131.816673387998151, 2.603995064141398 ], [ 131.81606186116133, 2.60381969677313 ], [ 131.815493727643315, 2.603659503832443 ], [ 131.815224069400927, 2.603584189873819 ], [ 131.812849655338567, 2.60289678915473 ], [ 131.811444903777186, 2.602518310906707 ], [ 131.81074150295683, 2.602332924109775 ], [ 131.809332731081071, 2.601969876213324 ], [ 131.808627361940808, 2.601792215607456 ], [ 131.807214737315888, 2.601444641244749 ], [ 131.806507483747822, 2.601274727959533 ], [ 131.805091174379186, 2.600942668467814 ], [ 131.804382120487247, 2.600780522708953 ], [ 131.802962294815188, 2.600464017580186 ], [ 131.80225152495143, 2.600309658637495 ], [ 131.800828351871957, 2.600008745521564 ], [ 131.800115950580022, 2.599862191755111 ], [ 131.798689599351093, 2.599576906439212 ], [ 131.797975651350981, 2.599438175277191 ], [ 131.7965462916045, 2.599168551689739 ], [ 131.796189084135932, 2.599102183218311 ], [ 131.795474313069604, 2.598971404177739 ], [ 131.795117374770399, 2.59890710449465 ], [ 131.794758203916643, 2.598844433888347 ], [ 131.794040776725751, 2.598721283138839 ], [ 131.793681897031774, 2.598660692453661 ], [ 131.792247030601317, 2.598422486662218 ], [ 131.791528952624844, 2.59830731857986 ], [ 131.79009158867521, 2.598084865118169 ], [ 131.789372304649078, 2.59797758003975 ], [ 131.787932614132785, 2.597770905365223 ], [ 131.787212209593008, 2.597671516049248 ], [ 131.785770363732894, 2.597480644742225 ], [ 131.785048924361348, 2.597389163009638 ], [ 131.783605094650369, 2.597214117773025 ], [ 131.782882706262427, 2.597130554505431 ], [ 131.78143706442259, 2.59697135615813 ], [ 131.780713812928695, 2.596895721293714 ], [ 131.779266530880335, 2.596752388768313 ], [ 131.778542502294812, 2.596684691302193 ], [ 131.777093752173613, 2.596557241646567 ], [ 131.776369032595397, 2.596497489629366 ], [ 131.774918986706439, 2.596385938002056 ], [ 131.774193662355628, 2.596334138542758 ], [ 131.772742493153061, 2.596238498210838 ], [ 131.772016650265385, 2.596194657467893 ], [ 131.770564530346491, 2.596114939806978 ], [ 131.769838255271935, 2.5960790629963 ], [ 131.768385357337792, 2.596015277487159 ], [ 131.767658736447316, 2.595987368875027 ] ] ] } },
{ "type": "Feature", "properties": { "fid": 16, "ID": "1", "Jenis": "-", "TipeZona": "Batas ZEE", "Datum": "WGS-84", "Panjang": "197.383 mil laut", "Batas_Ngr": "-", "StatusLaut": "Perlu Kesepakatan", "Jenis_Janj": "-", "Janji_Tgl": "-", "Janji_Thn": null, "Ratif_Jns": "-", "Ratif_No": null, "Ratif_Thn": null }, "geometry": { "type": "MultiLineString", "coordinates": [ [ [ 122.504161457136206, -12.869243733959072 ], [ 122.562535657409597, -12.835614320468238 ], [ 122.591318910877732, -12.816523387045494 ], [ 123.077550299821681, -12.533683865720846 ], [ 123.040249552980384, -12.524138399009484 ], [ 123.025270512910225, -12.52105447899504 ], [ 122.914689952392337, -12.50387263891457 ], [ 122.908522112363443, -12.502110398906318 ], [ 122.882529072241695, -12.495501998875369 ], [ 122.871735352191152, -12.491977518858862 ], [ 122.858738832130285, -12.488012478840291 ], [ 122.833406632011645, -12.473694278773234 ], [ 122.819088431944579, -12.464662798730936 ], [ 122.793976511826983, -12.447260678649434 ], [ 122.786046431789842, -12.439771158614358 ], [ 122.773049911728975, -12.426334078551426 ], [ 122.764899551690803, -12.418183718513253 ], [ 122.756088351649538, -12.407389998462703 ], [ 122.752343591631998, -12.400781598431752 ], [ 122.748653901614716, -12.391860258389963 ], [ 122.740971636578735, -12.379965138334255 ], [ 122.736263151556685, -12.369309093284347 ], [ 122.728085256518384, -12.352209858204265 ], [ 122.723624586497493, -12.338827848141591 ], [ 122.720898621484722, -12.324454578074276 ], [ 122.720650806483562, -12.303885932977945 ], [ 122.718916101475401, -12.238462772671538 ], [ 122.725421245255873, -12.214300810058377 ], [ 122.733227417792477, -12.190882292448697 ], [ 122.735736544679227, -12.182239744283223 ], [ 122.740754798452727, -12.174433571746663 ], [ 122.750233722247117, -12.155475724157876 ], [ 122.759712646041507, -12.145439216610871 ], [ 122.824392361344394, -12.08075950130795 ], [ 122.846695711448845, -12.065147156234831 ], [ 122.866768726542858, -12.053995481182604 ], [ 122.900223751699485, -12.038383136109482 ], [ 122.91695126427777, -12.033364882335984 ], [ 122.950963873187078, -12.024443542294202 ], [ 122.978843060817638, -12.013849450994586 ], [ 122.995261378566667, -12.010657000321164 ], [ 122.998916075911652, -12.009946364726305 ], [ 123.021219426016103, -12.009388780973694 ], [ 123.049656197399287, -12.010503948478917 ], [ 123.079765720040299, -12.011619115984139 ], [ 123.093705313855594, -12.013849450994586 ], [ 123.118238998970483, -12.018310121015476 ], [ 123.144445435343229, -12.02332837478898 ], [ 123.170651871715961, -12.031134547325538 ], [ 123.194070389325631, -12.043401389882989 ], [ 123.214143404419644, -12.053995481182605 ], [ 123.244810510813267, -12.07629883128706 ], [ 123.255962185865499, -12.094141511370625 ], [ 123.267671444670341, -12.105850770175465 ], [ 123.279938287227793, -12.12815412027992 ], [ 123.294435464795683, -12.146554384116095 ], [ 123.305587139847916, -12.170530485478386 ], [ 123.314508479889696, -12.186700414304115 ], [ 123.324544987436724, -12.224616109481687 ], [ 123.330120824962847, -12.265877307174929 ], [ 123.330120824962847, -12.29041099228983 ], [ 123.333466327478519, -12.309368839878617 ], [ 123.331235992468066, -12.329441854972627 ], [ 123.333466327478519, -12.350630037571861 ], [ 123.332490555911377, -12.35606647915982 ], [ 123.425746438535626, -12.325120580889889 ], [ 123.506038498911693, -12.309229443940465 ], [ 123.524856950562324, -12.30504756579588 ], [ 123.541584463140666, -12.304211190166962 ], [ 123.551202782873219, -12.303793002352505 ] ] ] } }
]
}
